index_id	disposition	reason	basis	decided_by	decided_at
SRC-0139	organizational	Требование адресовано процессу анализа защищенности и взаимодействию заказчика и исполнителя и не выражается в проверяемой конфигурации операционной системы.	Полный просмотр 61 строки fstec-vulnerability-analysis-2025 по локаторам в восстановленном тексте sources/recovered-v1/norm-v1 (RECOVERY-MANIFEST: index_locators_verified=61, unresolved_glyphs=0); технических требований к конфигурации операционной системы не выявлено.	rasav65	2026-09-15T06:41:37Z
SRC-0140	organizational	Требование адресовано процессу анализа защищенности и взаимодействию заказчика и исполнителя и не выражается в проверяемой конфигурации операционной системы.	Полный просмотр 61 строки fstec-vulnerability-analysis-2025 по локаторам в восстановленном тексте sources/recovered-v1/norm-v1 (RECOVERY-MANIFEST: index_locators_verified=61, unresolved_glyphs=0); технических требований к конфигурации операционной системы не выявлено.	rasav65	2026-09-15T06:41:37Z
SRC-0141	organizational	Требование адресовано процессу анализа защищенности и взаимодействию заказчика и исполнителя и не выражается в проверяемой конфигурации операционной системы.	Полный просмотр 61 строки fstec-vulnerability-analysis-2025 по локаторам в восстановленном тексте sources/recovered-v1/norm-v1 (RECOVERY-MANIFEST: index_locators_verified=61, unresolved_glyphs=0); технических требований к конфигурации операционной системы не выявлено.	rasav65	2026-09-15T06:41:37Z
SRC-0142	organizational	Требование адресовано процессу анализа защищенности и взаимодействию заказчика и исполнителя и не выражается в проверяемой конфигурации операционной системы.	Полный просмотр 61 строки fstec-vulnerability-analysis-2025 по локаторам в восстановленном тексте sources/recovered-v1/norm-v1 (RECOVERY-MANIFEST: index_locators_verified=61, unresolved_glyphs=0); технических требований к конфигурации операционной системы не выявлено.	rasav65	2026-09-15T06:41:37Z
SRC-0143	organizational	Требование адресовано процессу анализа защищенности и взаимодействию заказчика и исполнителя и не выражается в проверяемой конфигурации операционной системы.	Полный просмотр 61 строки fstec-vulnerability-analysis-2025 по локаторам в восстановленном тексте sources/recovered-v1/norm-v1 (RECOVERY-MANIFEST: index_locators_verified=61, unresolved_glyphs=0); технических требований к конфигурации операционной системы не выявлено.	rasav65	2026-09-15T06:41:37Z
SRC-0144	organizational	Требование адресовано процессу анализа защищенности и взаимодействию заказчика и исполнителя и не выражается в проверяемой конфигурации операционной системы.	Полный просмотр 61 строки fstec-vulnerability-analysis-2025 по локаторам в восстановленном тексте sources/recovered-v1/norm-v1 (RECOVERY-MANIFEST: index_locators_verified=61, unresolved_glyphs=0); технических требований к конфигурации операционной системы не выявлено.	rasav65	2026-09-15T06:41:37Z
SRC-0145	organizational	Требование адресовано процессу анализа защищенности и взаимодействию заказчика и исполнителя и не выражается в проверяемой конфигурации операционной системы.	Полный просмотр 61 строки fstec-vulnerability-analysis-2025 по локаторам в восстановленном тексте sources/recovered-v1/norm-v1 (RECOVERY-MANIFEST: index_locators_verified=61, unresolved_glyphs=0); технических требований к конфигурации операционной системы не выявлено.	rasav65	2026-09-15T06:41:37Z
SRC-0146	organizational	Требование адресовано процессу анализа защищенности и взаимодействию заказчика и исполнителя и не выражается в проверяемой конфигурации операционной системы.	Полный просмотр 61 строки fstec-vulnerability-analysis-2025 по локаторам в восстановленном тексте sources/recovered-v1/norm-v1 (RECOVERY-MANIFEST: index_locators_verified=61, unresolved_glyphs=0); технических требований к конфигурации операционной системы не выявлено.	rasav65	2026-09-15T06:41:37Z
SRC-0147	organizational	Требование адресовано процессу анализа защищенности и взаимодействию заказчика и исполнителя и не выражается в проверяемой конфигурации операционной системы.	Полный просмотр 61 строки fstec-vulnerability-analysis-2025 по локаторам в восстановленном тексте sources/recovered-v1/norm-v1 (RECOVERY-MANIFEST: index_locators_verified=61, unresolved_glyphs=0); технических требований к конфигурации операционной системы не выявлено.	rasav65	2026-09-15T06:41:37Z
SRC-0148	organizational	Требование адресовано процессу анализа защищенности и взаимодействию заказчика и исполнителя и не выражается в проверяемой конфигурации операционной системы.	Полный просмотр 61 строки fstec-vulnerability-analysis-2025 по локаторам в восстановленном тексте sources/recovered-v1/norm-v1 (RECOVERY-MANIFEST: index_locators_verified=61, unresolved_glyphs=0); технических требований к конфигурации операционной системы не выявлено.	rasav65	2026-09-15T06:41:37Z
SRC-0149	organizational	Требование адресовано процессу анализа защищенности и взаимодействию заказчика и исполнителя и не выражается в проверяемой конфигурации операционной системы.	Полный просмотр 61 строки fstec-vulnerability-analysis-2025 по локаторам в восстановленном тексте sources/recovered-v1/norm-v1 (RECOVERY-MANIFEST: index_locators_verified=61, unresolved_glyphs=0); технических требований к конфигурации операционной системы не выявлено.	rasav65	2026-09-15T06:41:37Z
SRC-0150	organizational	Требование адресовано процессу анализа защищенности и взаимодействию заказчика и исполнителя и не выражается в проверяемой конфигурации операционной системы.	Полный просмотр 61 строки fstec-vulnerability-analysis-2025 по локаторам в восстановленном тексте sources/recovered-v1/norm-v1 (RECOVERY-MANIFEST: index_locators_verified=61, unresolved_glyphs=0); технических требований к конфигурации операционной системы не выявлено.	rasav65	2026-09-15T06:41:37Z
SRC-0151	organizational	Требование адресовано процессу анализа защищенности и взаимодействию заказчика и исполнителя и не выражается в проверяемой конфигурации операционной системы.	Полный просмотр 61 строки fstec-vulnerability-analysis-2025 по локаторам в восстановленном тексте sources/recovered-v1/norm-v1 (RECOVERY-MANIFEST: index_locators_verified=61, unresolved_glyphs=0); технических требований к конфигурации операционной системы не выявлено.	rasav65	2026-09-15T06:41:37Z
SRC-0152	organizational	Требование адресовано процессу анализа защищенности и взаимодействию заказчика и исполнителя и не выражается в проверяемой конфигурации операционной системы.	Полный просмотр 61 строки fstec-vulnerability-analysis-2025 по локаторам в восстановленном тексте sources/recovered-v1/norm-v1 (RECOVERY-MANIFEST: index_locators_verified=61, unresolved_glyphs=0); технических требований к конфигурации операционной системы не выявлено.	rasav65	2026-09-15T06:41:37Z
SRC-0153	organizational	Требование адресовано процессу анализа защищенности и взаимодействию заказчика и исполнителя и не выражается в проверяемой конфигурации операционной системы.	Полный просмотр 61 строки fstec-vulnerability-analysis-2025 по локаторам в восстановленном тексте sources/recovered-v1/norm-v1 (RECOVERY-MANIFEST: index_locators_verified=61, unresolved_glyphs=0); технических требований к конфигурации операционной системы не выявлено.	rasav65	2026-09-15T06:41:37Z
SRC-0154	organizational	Требование адресовано процессу анализа защищенности и взаимодействию заказчика и исполнителя и не выражается в проверяемой конфигурации операционной системы.	Полный просмотр 61 строки fstec-vulnerability-analysis-2025 по локаторам в восстановленном тексте sources/recovered-v1/norm-v1 (RECOVERY-MANIFEST: index_locators_verified=61, unresolved_glyphs=0); технических требований к конфигурации операционной системы не выявлено.	rasav65	2026-09-15T06:41:37Z
SRC-0155	organizational	Требование адресовано процессу анализа защищенности и взаимодействию заказчика и исполнителя и не выражается в проверяемой конфигурации операционной системы.	Полный просмотр 61 строки fstec-vulnerability-analysis-2025 по локаторам в восстановленном тексте sources/recovered-v1/norm-v1 (RECOVERY-MANIFEST: index_locators_verified=61, unresolved_glyphs=0); технических требований к конфигурации операционной системы не выявлено.	rasav65	2026-09-15T06:41:37Z
SRC-0156	organizational	Требование адресовано процессу анализа защищенности и взаимодействию заказчика и исполнителя и не выражается в проверяемой конфигурации операционной системы.	Полный просмотр 61 строки fstec-vulnerability-analysis-2025 по локаторам в восстановленном тексте sources/recovered-v1/norm-v1 (RECOVERY-MANIFEST: index_locators_verified=61, unresolved_glyphs=0); технических требований к конфигурации операционной системы не выявлено.	rasav65	2026-09-15T06:41:37Z
SRC-0157	organizational	Требование адресовано процессу анализа защищенности и взаимодействию заказчика и исполнителя и не выражается в проверяемой конфигурации операционной системы.	Полный просмотр 61 строки fstec-vulnerability-analysis-2025 по локаторам в восстановленном тексте sources/recovered-v1/norm-v1 (RECOVERY-MANIFEST: index_locators_verified=61, unresolved_glyphs=0); технических требований к конфигурации операционной системы не выявлено.	rasav65	2026-09-15T06:41:37Z
SRC-0158	organizational	Требование адресовано процессу анализа защищенности и взаимодействию заказчика и исполнителя и не выражается в проверяемой конфигурации операционной системы.	Полный просмотр 61 строки fstec-vulnerability-analysis-2025 по локаторам в восстановленном тексте sources/recovered-v1/norm-v1 (RECOVERY-MANIFEST: index_locators_verified=61, unresolved_glyphs=0); технических требований к конфигурации операционной системы не выявлено.	rasav65	2026-09-15T06:41:37Z
SRC-0159	organizational	Требование адресовано процессу анализа защищенности и взаимодействию заказчика и исполнителя и не выражается в проверяемой конфигурации операционной системы.	Полный просмотр 61 строки fstec-vulnerability-analysis-2025 по локаторам в восстановленном тексте sources/recovered-v1/norm-v1 (RECOVERY-MANIFEST: index_locators_verified=61, unresolved_glyphs=0); технических требований к конфигурации операционной системы не выявлено.	rasav65	2026-09-15T06:41:37Z
SRC-0160	organizational	Требование адресовано процессу анализа защищенности и взаимодействию заказчика и исполнителя и не выражается в проверяемой конфигурации операционной системы.	Полный просмотр 61 строки fstec-vulnerability-analysis-2025 по локаторам в восстановленном тексте sources/recovered-v1/norm-v1 (RECOVERY-MANIFEST: index_locators_verified=61, unresolved_glyphs=0); технических требований к конфигурации операционной системы не выявлено.	rasav65	2026-09-15T06:41:37Z
SRC-0161	organizational	Требование адресовано процессу анализа защищенности и взаимодействию заказчика и исполнителя и не выражается в проверяемой конфигурации операционной системы.	Полный просмотр 61 строки fstec-vulnerability-analysis-2025 по локаторам в восстановленном тексте sources/recovered-v1/norm-v1 (RECOVERY-MANIFEST: index_locators_verified=61, unresolved_glyphs=0); технических требований к конфигурации операционной системы не выявлено.	rasav65	2026-09-15T06:41:37Z
SRC-0162	organizational	Требование адресовано процессу анализа защищенности и взаимодействию заказчика и исполнителя и не выражается в проверяемой конфигурации операционной системы.	Полный просмотр 61 строки fstec-vulnerability-analysis-2025 по локаторам в восстановленном тексте sources/recovered-v1/norm-v1 (RECOVERY-MANIFEST: index_locators_verified=61, unresolved_glyphs=0); технических требований к конфигурации операционной системы не выявлено.	rasav65	2026-09-15T06:41:37Z
SRC-0163	organizational	Требование адресовано процессу анализа защищенности и взаимодействию заказчика и исполнителя и не выражается в проверяемой конфигурации операционной системы.	Полный просмотр 61 строки fstec-vulnerability-analysis-2025 по локаторам в восстановленном тексте sources/recovered-v1/norm-v1 (RECOVERY-MANIFEST: index_locators_verified=61, unresolved_glyphs=0); технических требований к конфигурации операционной системы не выявлено.	rasav65	2026-09-15T06:41:37Z
SRC-0164	organizational	Требование адресовано процессу анализа защищенности и взаимодействию заказчика и исполнителя и не выражается в проверяемой конфигурации операционной системы.	Полный просмотр 61 строки fstec-vulnerability-analysis-2025 по локаторам в восстановленном тексте sources/recovered-v1/norm-v1 (RECOVERY-MANIFEST: index_locators_verified=61, unresolved_glyphs=0); технических требований к конфигурации операционной системы не выявлено.	rasav65	2026-09-15T06:41:37Z
SRC-0165	organizational	Требование адресовано процессу анализа защищенности и взаимодействию заказчика и исполнителя и не выражается в проверяемой конфигурации операционной системы.	Полный просмотр 61 строки fstec-vulnerability-analysis-2025 по локаторам в восстановленном тексте sources/recovered-v1/norm-v1 (RECOVERY-MANIFEST: index_locators_verified=61, unresolved_glyphs=0); технических требований к конфигурации операционной системы не выявлено.	rasav65	2026-09-15T06:41:37Z
SRC-0166	organizational	Требование адресовано процессу анализа защищенности и взаимодействию заказчика и исполнителя и не выражается в проверяемой конфигурации операционной системы.	Полный просмотр 61 строки fstec-vulnerability-analysis-2025 по локаторам в восстановленном тексте sources/recovered-v1/norm-v1 (RECOVERY-MANIFEST: index_locators_verified=61, unresolved_glyphs=0); технических требований к конфигурации операционной системы не выявлено.	rasav65	2026-09-15T06:41:37Z
SRC-0167	organizational	Требование адресовано процессу анализа защищенности и взаимодействию заказчика и исполнителя и не выражается в проверяемой конфигурации операционной системы.	Полный просмотр 61 строки fstec-vulnerability-analysis-2025 по локаторам в восстановленном тексте sources/recovered-v1/norm-v1 (RECOVERY-MANIFEST: index_locators_verified=61, unresolved_glyphs=0); технических требований к конфигурации операционной системы не выявлено.	rasav65	2026-09-15T06:41:37Z
SRC-0168	organizational	Требование адресовано процессу анализа защищенности и взаимодействию заказчика и исполнителя и не выражается в проверяемой конфигурации операционной системы.	Полный просмотр 61 строки fstec-vulnerability-analysis-2025 по локаторам в восстановленном тексте sources/recovered-v1/norm-v1 (RECOVERY-MANIFEST: index_locators_verified=61, unresolved_glyphs=0); технических требований к конфигурации операционной системы не выявлено.	rasav65	2026-09-15T06:41:37Z
SRC-0169	organizational	Требование адресовано процессу анализа защищенности и взаимодействию заказчика и исполнителя и не выражается в проверяемой конфигурации операционной системы.	Полный просмотр 61 строки fstec-vulnerability-analysis-2025 по локаторам в восстановленном тексте sources/recovered-v1/norm-v1 (RECOVERY-MANIFEST: index_locators_verified=61, unresolved_glyphs=0); технических требований к конфигурации операционной системы не выявлено.	rasav65	2026-09-15T06:41:37Z
SRC-0170	organizational	Требование адресовано процессу анализа защищенности и взаимодействию заказчика и исполнителя и не выражается в проверяемой конфигурации операционной системы.	Полный просмотр 61 строки fstec-vulnerability-analysis-2025 по локаторам в восстановленном тексте sources/recovered-v1/norm-v1 (RECOVERY-MANIFEST: index_locators_verified=61, unresolved_glyphs=0); технических требований к конфигурации операционной системы не выявлено.	rasav65	2026-09-15T06:41:37Z
SRC-0171	organizational	Требование адресовано процессу анализа защищенности и взаимодействию заказчика и исполнителя и не выражается в проверяемой конфигурации операционной системы.	Полный просмотр 61 строки fstec-vulnerability-analysis-2025 по локаторам в восстановленном тексте sources/recovered-v1/norm-v1 (RECOVERY-MANIFEST: index_locators_verified=61, unresolved_glyphs=0); технических требований к конфигурации операционной системы не выявлено.	rasav65	2026-09-15T06:41:37Z
SRC-0172	organizational	Требование адресовано процессу анализа защищенности и взаимодействию заказчика и исполнителя и не выражается в проверяемой конфигурации операционной системы.	Полный просмотр 61 строки fstec-vulnerability-analysis-2025 по локаторам в восстановленном тексте sources/recovered-v1/norm-v1 (RECOVERY-MANIFEST: index_locators_verified=61, unresolved_glyphs=0); технических требований к конфигурации операционной системы не выявлено.	rasav65	2026-09-15T06:41:37Z
SRC-0173	organizational	Требование адресовано процессу анализа защищенности и взаимодействию заказчика и исполнителя и не выражается в проверяемой конфигурации операционной системы.	Полный просмотр 61 строки fstec-vulnerability-analysis-2025 по локаторам в восстановленном тексте sources/recovered-v1/norm-v1 (RECOVERY-MANIFEST: index_locators_verified=61, unresolved_glyphs=0); технических требований к конфигурации операционной системы не выявлено.	rasav65	2026-09-15T06:41:37Z
SRC-0174	organizational	Требование адресовано процессу анализа защищенности и взаимодействию заказчика и исполнителя и не выражается в проверяемой конфигурации операционной системы.	Полный просмотр 61 строки fstec-vulnerability-analysis-2025 по локаторам в восстановленном тексте sources/recovered-v1/norm-v1 (RECOVERY-MANIFEST: index_locators_verified=61, unresolved_glyphs=0); технических требований к конфигурации операционной системы не выявлено.	rasav65	2026-09-15T06:41:37Z
SRC-0175	organizational	Требование адресовано процессу анализа защищенности и взаимодействию заказчика и исполнителя и не выражается в проверяемой конфигурации операционной системы.	Полный просмотр 61 строки fstec-vulnerability-analysis-2025 по локаторам в восстановленном тексте sources/recovered-v1/norm-v1 (RECOVERY-MANIFEST: index_locators_verified=61, unresolved_glyphs=0); технических требований к конфигурации операционной системы не выявлено.	rasav65	2026-09-15T06:41:37Z
SRC-0176	organizational	Требование адресовано процессу анализа защищенности и взаимодействию заказчика и исполнителя и не выражается в проверяемой конфигурации операционной системы.	Полный просмотр 61 строки fstec-vulnerability-analysis-2025 по локаторам в восстановленном тексте sources/recovered-v1/norm-v1 (RECOVERY-MANIFEST: index_locators_verified=61, unresolved_glyphs=0); технических требований к конфигурации операционной системы не выявлено.	rasav65	2026-09-15T06:41:37Z
SRC-0177	organizational	Требование адресовано процессу анализа защищенности и взаимодействию заказчика и исполнителя и не выражается в проверяемой конфигурации операционной системы.	Полный просмотр 61 строки fstec-vulnerability-analysis-2025 по локаторам в восстановленном тексте sources/recovered-v1/norm-v1 (RECOVERY-MANIFEST: index_locators_verified=61, unresolved_glyphs=0); технических требований к конфигурации операционной системы не выявлено.	rasav65	2026-09-15T06:41:37Z
SRC-0178	organizational	Требование адресовано процессу анализа защищенности и взаимодействию заказчика и исполнителя и не выражается в проверяемой конфигурации операционной системы.	Полный просмотр 61 строки fstec-vulnerability-analysis-2025 по локаторам в восстановленном тексте sources/recovered-v1/norm-v1 (RECOVERY-MANIFEST: index_locators_verified=61, unresolved_glyphs=0); технических требований к конфигурации операционной системы не выявлено.	rasav65	2026-09-15T06:41:37Z
SRC-0179	organizational	Требование адресовано процессу анализа защищенности и взаимодействию заказчика и исполнителя и не выражается в проверяемой конфигурации операционной системы.	Полный просмотр 61 строки fstec-vulnerability-analysis-2025 по локаторам в восстановленном тексте sources/recovered-v1/norm-v1 (RECOVERY-MANIFEST: index_locators_verified=61, unresolved_glyphs=0); технических требований к конфигурации операционной системы не выявлено.	rasav65	2026-09-15T06:41:37Z
SRC-0180	organizational	Требование адресовано процессу анализа защищенности и взаимодействию заказчика и исполнителя и не выражается в проверяемой конфигурации операционной системы.	Полный просмотр 61 строки fstec-vulnerability-analysis-2025 по локаторам в восстановленном тексте sources/recovered-v1/norm-v1 (RECOVERY-MANIFEST: index_locators_verified=61, unresolved_glyphs=0); технических требований к конфигурации операционной системы не выявлено.	rasav65	2026-09-15T06:41:37Z
SRC-0181	organizational	Требование адресовано процессу анализа защищенности и взаимодействию заказчика и исполнителя и не выражается в проверяемой конфигурации операционной системы.	Полный просмотр 61 строки fstec-vulnerability-analysis-2025 по локаторам в восстановленном тексте sources/recovered-v1/norm-v1 (RECOVERY-MANIFEST: index_locators_verified=61, unresolved_glyphs=0); технических требований к конфигурации операционной системы не выявлено.	rasav65	2026-09-15T06:41:37Z
SRC-0182	organizational	Требование адресовано процессу анализа защищенности и взаимодействию заказчика и исполнителя и не выражается в проверяемой конфигурации операционной системы.	Полный просмотр 61 строки fstec-vulnerability-analysis-2025 по локаторам в восстановленном тексте sources/recovered-v1/norm-v1 (RECOVERY-MANIFEST: index_locators_verified=61, unresolved_glyphs=0); технических требований к конфигурации операционной системы не выявлено.	rasav65	2026-09-15T06:41:37Z
SRC-0183	organizational	Требование адресовано процессу анализа защищенности и взаимодействию заказчика и исполнителя и не выражается в проверяемой конфигурации операционной системы.	Полный просмотр 61 строки fstec-vulnerability-analysis-2025 по локаторам в восстановленном тексте sources/recovered-v1/norm-v1 (RECOVERY-MANIFEST: index_locators_verified=61, unresolved_glyphs=0); технических требований к конфигурации операционной системы не выявлено.	rasav65	2026-09-15T06:41:37Z
SRC-0184	organizational	Требование адресовано процессу анализа защищенности и взаимодействию заказчика и исполнителя и не выражается в проверяемой конфигурации операционной системы.	Полный просмотр 61 строки fstec-vulnerability-analysis-2025 по локаторам в восстановленном тексте sources/recovered-v1/norm-v1 (RECOVERY-MANIFEST: index_locators_verified=61, unresolved_glyphs=0); технических требований к конфигурации операционной системы не выявлено.	rasav65	2026-09-15T06:41:37Z
SRC-0185	organizational	Требование адресовано процессу анализа защищенности и взаимодействию заказчика и исполнителя и не выражается в проверяемой конфигурации операционной системы.	Полный просмотр 61 строки fstec-vulnerability-analysis-2025 по локаторам в восстановленном тексте sources/recovered-v1/norm-v1 (RECOVERY-MANIFEST: index_locators_verified=61, unresolved_glyphs=0); технических требований к конфигурации операционной системы не выявлено.	rasav65	2026-09-15T06:41:37Z
SRC-0186	organizational	Требование адресовано процессу анализа защищенности и взаимодействию заказчика и исполнителя и не выражается в проверяемой конфигурации операционной системы.	Полный просмотр 61 строки fstec-vulnerability-analysis-2025 по локаторам в восстановленном тексте sources/recovered-v1/norm-v1 (RECOVERY-MANIFEST: index_locators_verified=61, unresolved_glyphs=0); технических требований к конфигурации операционной системы не выявлено.	rasav65	2026-09-15T06:41:37Z
SRC-0187	organizational	Требование адресовано процессу анализа защищенности и взаимодействию заказчика и исполнителя и не выражается в проверяемой конфигурации операционной системы.	Полный просмотр 61 строки fstec-vulnerability-analysis-2025 по локаторам в восстановленном тексте sources/recovered-v1/norm-v1 (RECOVERY-MANIFEST: index_locators_verified=61, unresolved_glyphs=0); технических требований к конфигурации операционной системы не выявлено.	rasav65	2026-09-15T06:41:37Z
SRC-0188	organizational	Требование адресовано процессу анализа защищенности и взаимодействию заказчика и исполнителя и не выражается в проверяемой конфигурации операционной системы.	Полный просмотр 61 строки fstec-vulnerability-analysis-2025 по локаторам в восстановленном тексте sources/recovered-v1/norm-v1 (RECOVERY-MANIFEST: index_locators_verified=61, unresolved_glyphs=0); технических требований к конфигурации операционной системы не выявлено.	rasav65	2026-09-15T06:41:37Z
SRC-0189	organizational	Требование адресовано процессу анализа защищенности и взаимодействию заказчика и исполнителя и не выражается в проверяемой конфигурации операционной системы.	Полный просмотр 61 строки fstec-vulnerability-analysis-2025 по локаторам в восстановленном тексте sources/recovered-v1/norm-v1 (RECOVERY-MANIFEST: index_locators_verified=61, unresolved_glyphs=0); технических требований к конфигурации операционной системы не выявлено.	rasav65	2026-09-15T06:41:37Z
SRC-0190	organizational	Требование адресовано процессу анализа защищенности и взаимодействию заказчика и исполнителя и не выражается в проверяемой конфигурации операционной системы.	Полный просмотр 61 строки fstec-vulnerability-analysis-2025 по локаторам в восстановленном тексте sources/recovered-v1/norm-v1 (RECOVERY-MANIFEST: index_locators_verified=61, unresolved_glyphs=0); технических требований к конфигурации операционной системы не выявлено.	rasav65	2026-09-15T06:41:37Z
SRC-0191	organizational	Требование адресовано процессу анализа защищенности и взаимодействию заказчика и исполнителя и не выражается в проверяемой конфигурации операционной системы.	Полный просмотр 61 строки fstec-vulnerability-analysis-2025 по локаторам в восстановленном тексте sources/recovered-v1/norm-v1 (RECOVERY-MANIFEST: index_locators_verified=61, unresolved_glyphs=0); технических требований к конфигурации операционной системы не выявлено.	rasav65	2026-09-15T06:41:37Z
SRC-0192	organizational	Требование адресовано процессу анализа защищенности и взаимодействию заказчика и исполнителя и не выражается в проверяемой конфигурации операционной системы.	Полный просмотр 61 строки fstec-vulnerability-analysis-2025 по локаторам в восстановленном тексте sources/recovered-v1/norm-v1 (RECOVERY-MANIFEST: index_locators_verified=61, unresolved_glyphs=0); технических требований к конфигурации операционной системы не выявлено.	rasav65	2026-09-15T06:41:37Z
SRC-0193	organizational	Требование адресовано процессу анализа защищенности и взаимодействию заказчика и исполнителя и не выражается в проверяемой конфигурации операционной системы.	Полный просмотр 61 строки fstec-vulnerability-analysis-2025 по локаторам в восстановленном тексте sources/recovered-v1/norm-v1 (RECOVERY-MANIFEST: index_locators_verified=61, unresolved_glyphs=0); технических требований к конфигурации операционной системы не выявлено.	rasav65	2026-09-15T06:41:37Z
SRC-0194	organizational	Требование адресовано процессу анализа защищенности и взаимодействию заказчика и исполнителя и не выражается в проверяемой конфигурации операционной системы.	Полный просмотр 61 строки fstec-vulnerability-analysis-2025 по локаторам в восстановленном тексте sources/recovered-v1/norm-v1 (RECOVERY-MANIFEST: index_locators_verified=61, unresolved_glyphs=0); технических требований к конфигурации операционной системы не выявлено.	rasav65	2026-09-15T06:41:37Z
SRC-0195	organizational	Требование адресовано процессу анализа защищенности и взаимодействию заказчика и исполнителя и не выражается в проверяемой конфигурации операционной системы.	Полный просмотр 61 строки fstec-vulnerability-analysis-2025 по локаторам в восстановленном тексте sources/recovered-v1/norm-v1 (RECOVERY-MANIFEST: index_locators_verified=61, unresolved_glyphs=0); технических требований к конфигурации операционной системы не выявлено.	rasav65	2026-09-15T06:41:37Z
SRC-0196	organizational	Требование адресовано процессу анализа защищенности и взаимодействию заказчика и исполнителя и не выражается в проверяемой конфигурации операционной системы.	Полный просмотр 61 строки fstec-vulnerability-analysis-2025 по локаторам в восстановленном тексте sources/recovered-v1/norm-v1 (RECOVERY-MANIFEST: index_locators_verified=61, unresolved_glyphs=0); технических требований к конфигурации операционной системы не выявлено.	rasav65	2026-09-15T06:41:37Z
SRC-0197	organizational	Требование адресовано процессу анализа защищенности и взаимодействию заказчика и исполнителя и не выражается в проверяемой конфигурации операционной системы.	Полный просмотр 61 строки fstec-vulnerability-analysis-2025 по локаторам в восстановленном тексте sources/recovered-v1/norm-v1 (RECOVERY-MANIFEST: index_locators_verified=61, unresolved_glyphs=0); технических требований к конфигурации операционной системы не выявлено.	rasav65	2026-09-15T06:41:37Z
SRC-0198	organizational	Требование адресовано процессу анализа защищенности и взаимодействию заказчика и исполнителя и не выражается в проверяемой конфигурации операционной системы.	Полный просмотр 61 строки fstec-vulnerability-analysis-2025 по локаторам в восстановленном тексте sources/recovered-v1/norm-v1 (RECOVERY-MANIFEST: index_locators_verified=61, unresolved_glyphs=0); технических требований к конфигурации операционной системы не выявлено.	rasav65	2026-09-15T06:41:37Z
SRC-0199	organizational	Требование адресовано процессу анализа защищенности и взаимодействию заказчика и исполнителя и не выражается в проверяемой конфигурации операционной системы.	Полный просмотр 61 строки fstec-vulnerability-analysis-2025 по локаторам в восстановленном тексте sources/recovered-v1/norm-v1 (RECOVERY-MANIFEST: index_locators_verified=61, unresolved_glyphs=0); технических требований к конфигурации операционной системы не выявлено.	rasav65	2026-09-15T06:41:37Z
SRC-0200	organizational	Требование адресовано процессу управления уязвимостями в органе (организации) и не выражается в проверяемой конфигурации операционной системы.	Полный просмотр 52 строк fstec-vulnerability-management-2023 в sources/extracted/raw-pdftotext; технических требований к конфигурации операционной системы не выявлено.	rasav65	2026-09-15T05:51:25Z
SRC-0201	organizational	Требование адресовано процессу управления уязвимостями в органе (организации) и не выражается в проверяемой конфигурации операционной системы.	Полный просмотр 52 строк fstec-vulnerability-management-2023 в sources/extracted/raw-pdftotext; технических требований к конфигурации операционной системы не выявлено.	rasav65	2026-09-15T05:51:25Z
SRC-0202	organizational	Требование адресовано процессу управления уязвимостями в органе (организации) и не выражается в проверяемой конфигурации операционной системы.	Полный просмотр 52 строк fstec-vulnerability-management-2023 в sources/extracted/raw-pdftotext; технических требований к конфигурации операционной системы не выявлено.	rasav65	2026-09-15T05:51:25Z
SRC-0203	organizational	Требование адресовано процессу управления уязвимостями в органе (организации) и не выражается в проверяемой конфигурации операционной системы.	Полный просмотр 52 строк fstec-vulnerability-management-2023 в sources/extracted/raw-pdftotext; технических требований к конфигурации операционной системы не выявлено.	rasav65	2026-09-15T05:51:25Z
SRC-0204	organizational	Требование адресовано процессу управления уязвимостями в органе (организации) и не выражается в проверяемой конфигурации операционной системы.	Полный просмотр 52 строк fstec-vulnerability-management-2023 в sources/extracted/raw-pdftotext; технических требований к конфигурации операционной системы не выявлено.	rasav65	2026-09-15T05:51:25Z
SRC-0205	organizational	Требование адресовано процессу управления уязвимостями в органе (организации) и не выражается в проверяемой конфигурации операционной системы.	Полный просмотр 52 строк fstec-vulnerability-management-2023 в sources/extracted/raw-pdftotext; технических требований к конфигурации операционной системы не выявлено.	rasav65	2026-09-15T05:51:25Z
SRC-0206	organizational	Требование адресовано процессу управления уязвимостями в органе (организации) и не выражается в проверяемой конфигурации операционной системы.	Полный просмотр 52 строк fstec-vulnerability-management-2023 в sources/extracted/raw-pdftotext; технических требований к конфигурации операционной системы не выявлено.	rasav65	2026-09-15T05:51:25Z
SRC-0207	organizational	Требование адресовано процессу управления уязвимостями в органе (организации) и не выражается в проверяемой конфигурации операционной системы.	Полный просмотр 52 строк fstec-vulnerability-management-2023 в sources/extracted/raw-pdftotext; технических требований к конфигурации операционной системы не выявлено.	rasav65	2026-09-15T05:51:25Z
SRC-0208	informational	Структурный элемент документа (схема, таблица операций, приложение), иллюстрирующий процесс и не являющийся отдельным проверяемым требованием.	Полный просмотр 52 строк fstec-vulnerability-management-2023 в sources/extracted/raw-pdftotext; технических требований к конфигурации операционной системы не выявлено.	rasav65	2026-09-15T05:51:25Z
SRC-0209	organizational	Требование адресовано процессу управления уязвимостями в органе (организации) и не выражается в проверяемой конфигурации операционной системы.	Полный просмотр 52 строк fstec-vulnerability-management-2023 в sources/extracted/raw-pdftotext; технических требований к конфигурации операционной системы не выявлено.	rasav65	2026-09-15T05:51:25Z
SRC-0210	organizational	Требование адресовано процессу управления уязвимостями в органе (организации) и не выражается в проверяемой конфигурации операционной системы.	Полный просмотр 52 строк fstec-vulnerability-management-2023 в sources/extracted/raw-pdftotext; технических требований к конфигурации операционной системы не выявлено.	rasav65	2026-09-15T05:51:25Z
SRC-0211	organizational	Требование адресовано процессу управления уязвимостями в органе (организации) и не выражается в проверяемой конфигурации операционной системы.	Полный просмотр 52 строк fstec-vulnerability-management-2023 в sources/extracted/raw-pdftotext; технических требований к конфигурации операционной системы не выявлено.	rasav65	2026-09-15T05:51:25Z
SRC-0212	informational	Структурный элемент документа (схема, таблица операций, приложение), иллюстрирующий процесс и не являющийся отдельным проверяемым требованием.	Полный просмотр 52 строк fstec-vulnerability-management-2023 в sources/extracted/raw-pdftotext; технических требований к конфигурации операционной системы не выявлено.	rasav65	2026-09-15T05:51:25Z
SRC-0213	informational	Структурный элемент документа (схема, таблица операций, приложение), иллюстрирующий процесс и не являющийся отдельным проверяемым требованием.	Полный просмотр 52 строк fstec-vulnerability-management-2023 в sources/extracted/raw-pdftotext; технических требований к конфигурации операционной системы не выявлено.	rasav65	2026-09-15T05:51:25Z
SRC-0214	organizational	Требование адресовано процессу управления уязвимостями в органе (организации) и не выражается в проверяемой конфигурации операционной системы.	Полный просмотр 52 строк fstec-vulnerability-management-2023 в sources/extracted/raw-pdftotext; технических требований к конфигурации операционной системы не выявлено.	rasav65	2026-09-15T05:51:25Z
SRC-0215	organizational	Требование адресовано процессу управления уязвимостями в органе (организации) и не выражается в проверяемой конфигурации операционной системы.	Полный просмотр 52 строк fstec-vulnerability-management-2023 в sources/extracted/raw-pdftotext; технических требований к конфигурации операционной системы не выявлено.	rasav65	2026-09-15T05:51:25Z
SRC-0216	informational	Структурный элемент документа (схема, таблица операций, приложение), иллюстрирующий процесс и не являющийся отдельным проверяемым требованием.	Полный просмотр 52 строк fstec-vulnerability-management-2023 в sources/extracted/raw-pdftotext; технических требований к конфигурации операционной системы не выявлено.	rasav65	2026-09-15T05:51:25Z
SRC-0217	informational	Структурный элемент документа (схема, таблица операций, приложение), иллюстрирующий процесс и не являющийся отдельным проверяемым требованием.	Полный просмотр 52 строк fstec-vulnerability-management-2023 в sources/extracted/raw-pdftotext; технических требований к конфигурации операционной системы не выявлено.	rasav65	2026-09-15T05:51:25Z
SRC-0218	organizational	Требование адресовано процессу управления уязвимостями в органе (организации) и не выражается в проверяемой конфигурации операционной системы.	Полный просмотр 52 строк fstec-vulnerability-management-2023 в sources/extracted/raw-pdftotext; технических требований к конфигурации операционной системы не выявлено.	rasav65	2026-09-15T05:51:25Z
SRC-0219	organizational	Требование адресовано процессу управления уязвимостями в органе (организации) и не выражается в проверяемой конфигурации операционной системы.	Полный просмотр 52 строк fstec-vulnerability-management-2023 в sources/extracted/raw-pdftotext; технических требований к конфигурации операционной системы не выявлено.	rasav65	2026-09-15T05:51:25Z
SRC-0220	organizational	Требование адресовано процессу управления уязвимостями в органе (организации) и не выражается в проверяемой конфигурации операционной системы.	Полный просмотр 52 строк fstec-vulnerability-management-2023 в sources/extracted/raw-pdftotext; технических требований к конфигурации операционной системы не выявлено.	rasav65	2026-09-15T05:51:25Z
SRC-0221	informational	Структурный элемент документа (схема, таблица операций, приложение), иллюстрирующий процесс и не являющийся отдельным проверяемым требованием.	Полный просмотр 52 строк fstec-vulnerability-management-2023 в sources/extracted/raw-pdftotext; технических требований к конфигурации операционной системы не выявлено.	rasav65	2026-09-15T05:51:25Z
SRC-0222	organizational	Требование адресовано процессу управления уязвимостями в органе (организации) и не выражается в проверяемой конфигурации операционной системы.	Полный просмотр 52 строк fstec-vulnerability-management-2023 в sources/extracted/raw-pdftotext; технических требований к конфигурации операционной системы не выявлено.	rasav65	2026-09-15T05:51:25Z
SRC-0223	organizational	Требование адресовано процессу управления уязвимостями в органе (организации) и не выражается в проверяемой конфигурации операционной системы.	Полный просмотр 52 строк fstec-vulnerability-management-2023 в sources/extracted/raw-pdftotext; технических требований к конфигурации операционной системы не выявлено.	rasav65	2026-09-15T05:51:25Z
SRC-0224	informational	Структурный элемент документа (схема, таблица операций, приложение), иллюстрирующий процесс и не являющийся отдельным проверяемым требованием.	Полный просмотр 52 строк fstec-vulnerability-management-2023 в sources/extracted/raw-pdftotext; технических требований к конфигурации операционной системы не выявлено.	rasav65	2026-09-15T05:51:25Z
SRC-0225	organizational	Требование адресовано процессу управления уязвимостями в органе (организации) и не выражается в проверяемой конфигурации операционной системы.	Полный просмотр 52 строк fstec-vulnerability-management-2023 в sources/extracted/raw-pdftotext; технических требований к конфигурации операционной системы не выявлено.	rasav65	2026-09-15T05:51:25Z
SRC-0226	informational	Структурный элемент документа (схема, таблица операций, приложение), иллюстрирующий процесс и не являющийся отдельным проверяемым требованием.	Полный просмотр 52 строк fstec-vulnerability-management-2023 в sources/extracted/raw-pdftotext; технических требований к конфигурации операционной системы не выявлено.	rasav65	2026-09-15T05:51:25Z
SRC-0227	organizational	Требование адресовано процессу управления уязвимостями в органе (организации) и не выражается в проверяемой конфигурации операционной системы.	Полный просмотр 52 строк fstec-vulnerability-management-2023 в sources/extracted/raw-pdftotext; технических требований к конфигурации операционной системы не выявлено.	rasav65	2026-09-15T05:51:25Z
SRC-0228	organizational	Требование адресовано процессу управления уязвимостями в органе (организации) и не выражается в проверяемой конфигурации операционной системы.	Полный просмотр 52 строк fstec-vulnerability-management-2023 в sources/extracted/raw-pdftotext; технических требований к конфигурации операционной системы не выявлено.	rasav65	2026-09-15T05:51:25Z
SRC-0229	organizational	Требование адресовано процессу управления уязвимостями в органе (организации) и не выражается в проверяемой конфигурации операционной системы.	Полный просмотр 52 строк fstec-vulnerability-management-2023 в sources/extracted/raw-pdftotext; технических требований к конфигурации операционной системы не выявлено.	rasav65	2026-09-15T05:51:25Z
SRC-0230	informational	Структурный элемент документа (схема, таблица операций, приложение), иллюстрирующий процесс и не являющийся отдельным проверяемым требованием.	Полный просмотр 52 строк fstec-vulnerability-management-2023 в sources/extracted/raw-pdftotext; технических требований к конфигурации операционной системы не выявлено.	rasav65	2026-09-15T05:51:25Z
SRC-0231	organizational	Требование адресовано процессу управления уязвимостями в органе (организации) и не выражается в проверяемой конфигурации операционной системы.	Полный просмотр 52 строк fstec-vulnerability-management-2023 в sources/extracted/raw-pdftotext; технических требований к конфигурации операционной системы не выявлено.	rasav65	2026-09-15T05:51:25Z
SRC-0232	informational	Структурный элемент документа (схема, таблица операций, приложение), иллюстрирующий процесс и не являющийся отдельным проверяемым требованием.	Полный просмотр 52 строк fstec-vulnerability-management-2023 в sources/extracted/raw-pdftotext; технических требований к конфигурации операционной системы не выявлено.	rasav65	2026-09-15T05:51:25Z
SRC-0233	organizational	Требование адресовано процессу управления уязвимостями в органе (организации) и не выражается в проверяемой конфигурации операционной системы.	Полный просмотр 52 строк fstec-vulnerability-management-2023 в sources/extracted/raw-pdftotext; технических требований к конфигурации операционной системы не выявлено.	rasav65	2026-09-15T05:51:25Z
SRC-0234	organizational	Требование адресовано процессу управления уязвимостями в органе (организации) и не выражается в проверяемой конфигурации операционной системы.	Полный просмотр 52 строк fstec-vulnerability-management-2023 в sources/extracted/raw-pdftotext; технических требований к конфигурации операционной системы не выявлено.	rasav65	2026-09-15T05:51:25Z
SRC-0235	organizational	Требование адресовано процессу управления уязвимостями в органе (организации) и не выражается в проверяемой конфигурации операционной системы.	Полный просмотр 52 строк fstec-vulnerability-management-2023 в sources/extracted/raw-pdftotext; технических требований к конфигурации операционной системы не выявлено.	rasav65	2026-09-15T05:51:25Z
SRC-0236	organizational	Требование адресовано процессу управления уязвимостями в органе (организации) и не выражается в проверяемой конфигурации операционной системы.	Полный просмотр 52 строк fstec-vulnerability-management-2023 в sources/extracted/raw-pdftotext; технических требований к конфигурации операционной системы не выявлено.	rasav65	2026-09-15T05:51:25Z
SRC-0237	organizational	Требование адресовано процессу управления уязвимостями в органе (организации) и не выражается в проверяемой конфигурации операционной системы.	Полный просмотр 52 строк fstec-vulnerability-management-2023 в sources/extracted/raw-pdftotext; технических требований к конфигурации операционной системы не выявлено.	rasav65	2026-09-15T05:51:25Z
SRC-0238	informational	Структурный элемент документа (схема, таблица операций, приложение), иллюстрирующий процесс и не являющийся отдельным проверяемым требованием.	Полный просмотр 52 строк fstec-vulnerability-management-2023 в sources/extracted/raw-pdftotext; технических требований к конфигурации операционной системы не выявлено.	rasav65	2026-09-15T05:51:25Z
SRC-0239	informational	Структурный элемент документа (схема, таблица операций, приложение), иллюстрирующий процесс и не являющийся отдельным проверяемым требованием.	Полный просмотр 52 строк fstec-vulnerability-management-2023 в sources/extracted/raw-pdftotext; технических требований к конфигурации операционной системы не выявлено.	rasav65	2026-09-15T05:51:25Z
SRC-0240	informational	Структурный элемент документа (схема, таблица операций, приложение), иллюстрирующий процесс и не являющийся отдельным проверяемым требованием.	Полный просмотр 52 строк fstec-vulnerability-management-2023 в sources/extracted/raw-pdftotext; технических требований к конфигурации операционной системы не выявлено.	rasav65	2026-09-15T05:51:25Z
SRC-0241	organizational	Требование адресовано процессу управления уязвимостями в органе (организации) и не выражается в проверяемой конфигурации операционной системы.	Полный просмотр 52 строк fstec-vulnerability-management-2023 в sources/extracted/raw-pdftotext; технических требований к конфигурации операционной системы не выявлено.	rasav65	2026-09-15T05:51:25Z
SRC-0242	organizational	Требование адресовано процессу управления уязвимостями в органе (организации) и не выражается в проверяемой конфигурации операционной системы.	Полный просмотр 52 строк fstec-vulnerability-management-2023 в sources/extracted/raw-pdftotext; технических требований к конфигурации операционной системы не выявлено.	rasav65	2026-09-15T05:51:25Z
SRC-0243	informational	Структурный элемент документа (схема, таблица операций, приложение), иллюстрирующий процесс и не являющийся отдельным проверяемым требованием.	Полный просмотр 52 строк fstec-vulnerability-management-2023 в sources/extracted/raw-pdftotext; технических требований к конфигурации операционной системы не выявлено.	rasav65	2026-09-15T05:51:25Z
SRC-0244	organizational	Требование адресовано процессу управления уязвимостями в органе (организации) и не выражается в проверяемой конфигурации операционной системы.	Полный просмотр 52 строк fstec-vulnerability-management-2023 в sources/extracted/raw-pdftotext; технических требований к конфигурации операционной системы не выявлено.	rasav65	2026-09-15T05:51:25Z
SRC-0245	organizational	Требование адресовано процессу управления уязвимостями в органе (организации) и не выражается в проверяемой конфигурации операционной системы.	Полный просмотр 52 строк fstec-vulnerability-management-2023 в sources/extracted/raw-pdftotext; технических требований к конфигурации операционной системы не выявлено.	rasav65	2026-09-15T05:51:25Z
SRC-0246	organizational	Требование адресовано процессу управления уязвимостями в органе (организации) и не выражается в проверяемой конфигурации операционной системы.	Полный просмотр 52 строк fstec-vulnerability-management-2023 в sources/extracted/raw-pdftotext; технических требований к конфигурации операционной системы не выявлено.	rasav65	2026-09-15T05:51:25Z
SRC-0247	informational	Структурный элемент документа (схема, таблица операций, приложение), иллюстрирующий процесс и не являющийся отдельным проверяемым требованием.	Полный просмотр 52 строк fstec-vulnerability-management-2023 в sources/extracted/raw-pdftotext; технических требований к конфигурации операционной системы не выявлено.	rasav65	2026-09-15T05:51:25Z
SRC-0248	informational	Структурный элемент документа (схема, таблица операций, приложение), иллюстрирующий процесс и не являющийся отдельным проверяемым требованием.	Полный просмотр 52 строк fstec-vulnerability-management-2023 в sources/extracted/raw-pdftotext; технических требований к конфигурации операционной системы не выявлено.	rasav65	2026-09-15T05:51:25Z
SRC-0249	informational	Структурный элемент документа (схема, таблица операций, приложение), иллюстрирующий процесс и не являющийся отдельным проверяемым требованием.	Полный просмотр 52 строк fstec-vulnerability-management-2023 в sources/extracted/raw-pdftotext; технических требований к конфигурации операционной системы не выявлено.	rasav65	2026-09-15T05:51:25Z
SRC-0250	organizational	Требование адресовано процессу управления уязвимостями в органе (организации) и не выражается в проверяемой конфигурации операционной системы.	Полный просмотр 52 строк fstec-vulnerability-management-2023 в sources/extracted/raw-pdftotext; технических требований к конфигурации операционной системы не выявлено.	rasav65	2026-09-15T05:51:25Z
SRC-0251	informational	Структурный элемент документа (схема, таблица операций, приложение), иллюстрирующий процесс и не являющийся отдельным проверяемым требованием.	Полный просмотр 52 строк fstec-vulnerability-management-2023 в sources/extracted/raw-pdftotext; технических требований к конфигурации операционной системы не выявлено.	rasav65	2026-09-15T05:51:25Z
SRC-0252	organizational	Требование адресовано процессу тестирования обновлений безопасности исследователем и оператором информационной системы и не выражается в проверяемой конфигурации операционной системы.	Полный просмотр 70 строк fstec-security-update-testing-2022 в sources/extracted/raw-pdftotext; технических требований к конфигурации операционной системы не выявлено.	rasav65	2026-09-15T09:55:51Z
SRC-0253	organizational	Требование адресовано процессу тестирования обновлений безопасности исследователем и оператором информационной системы и не выражается в проверяемой конфигурации операционной системы.	Полный просмотр 70 строк fstec-security-update-testing-2022 в sources/extracted/raw-pdftotext; технических требований к конфигурации операционной системы не выявлено.	rasav65	2026-09-15T09:55:51Z
SRC-0254	organizational	Требование адресовано процессу тестирования обновлений безопасности исследователем и оператором информационной системы и не выражается в проверяемой конфигурации операционной системы.	Полный просмотр 70 строк fstec-security-update-testing-2022 в sources/extracted/raw-pdftotext; технических требований к конфигурации операционной системы не выявлено.	rasav65	2026-09-15T09:55:51Z
SRC-0255	organizational	Требование адресовано процессу тестирования обновлений безопасности исследователем и оператором информационной системы и не выражается в проверяемой конфигурации операционной системы.	Полный просмотр 70 строк fstec-security-update-testing-2022 в sources/extracted/raw-pdftotext; технических требований к конфигурации операционной системы не выявлено.	rasav65	2026-09-15T09:55:51Z
SRC-0256	organizational	Требование адресовано процессу тестирования обновлений безопасности исследователем и оператором информационной системы и не выражается в проверяемой конфигурации операционной системы.	Полный просмотр 70 строк fstec-security-update-testing-2022 в sources/extracted/raw-pdftotext; технических требований к конфигурации операционной системы не выявлено.	rasav65	2026-09-15T09:55:51Z
SRC-0257	organizational	Требование адресовано процессу тестирования обновлений безопасности исследователем и оператором информационной системы и не выражается в проверяемой конфигурации операционной системы.	Полный просмотр 70 строк fstec-security-update-testing-2022 в sources/extracted/raw-pdftotext; технических требований к конфигурации операционной системы не выявлено.	rasav65	2026-09-15T09:55:51Z
SRC-0258	organizational	Требование адресовано процессу тестирования обновлений безопасности исследователем и оператором информационной системы и не выражается в проверяемой конфигурации операционной системы.	Полный просмотр 70 строк fstec-security-update-testing-2022 в sources/extracted/raw-pdftotext; технических требований к конфигурации операционной системы не выявлено.	rasav65	2026-09-15T09:55:51Z
SRC-0259	organizational	Требование адресовано процессу тестирования обновлений безопасности исследователем и оператором информационной системы и не выражается в проверяемой конфигурации операционной системы.	Полный просмотр 70 строк fstec-security-update-testing-2022 в sources/extracted/raw-pdftotext; технических требований к конфигурации операционной системы не выявлено.	rasav65	2026-09-15T09:55:51Z
SRC-0260	organizational	Требование адресовано процессу тестирования обновлений безопасности исследователем и оператором информационной системы и не выражается в проверяемой конфигурации операционной системы.	Полный просмотр 70 строк fstec-security-update-testing-2022 в sources/extracted/raw-pdftotext; технических требований к конфигурации операционной системы не выявлено.	rasav65	2026-09-15T09:55:51Z
SRC-0261	organizational	Требование адресовано процессу тестирования обновлений безопасности исследователем и оператором информационной системы и не выражается в проверяемой конфигурации операционной системы.	Полный просмотр 70 строк fstec-security-update-testing-2022 в sources/extracted/raw-pdftotext; технических требований к конфигурации операционной системы не выявлено.	rasav65	2026-09-15T09:55:51Z
SRC-0262	organizational	Требование адресовано процессу тестирования обновлений безопасности исследователем и оператором информационной системы и не выражается в проверяемой конфигурации операционной системы.	Полный просмотр 70 строк fstec-security-update-testing-2022 в sources/extracted/raw-pdftotext; технических требований к конфигурации операционной системы не выявлено.	rasav65	2026-09-15T09:55:51Z
SRC-0263	organizational	Требование адресовано процессу тестирования обновлений безопасности исследователем и оператором информационной системы и не выражается в проверяемой конфигурации операционной системы.	Полный просмотр 70 строк fstec-security-update-testing-2022 в sources/extracted/raw-pdftotext; технических требований к конфигурации операционной системы не выявлено.	rasav65	2026-09-15T09:55:51Z
SRC-0264	organizational	Требование адресовано процессу тестирования обновлений безопасности исследователем и оператором информационной системы и не выражается в проверяемой конфигурации операционной системы.	Полный просмотр 70 строк fstec-security-update-testing-2022 в sources/extracted/raw-pdftotext; технических требований к конфигурации операционной системы не выявлено.	rasav65	2026-09-15T09:55:51Z
SRC-0265	organizational	Требование адресовано процессу тестирования обновлений безопасности исследователем и оператором информационной системы и не выражается в проверяемой конфигурации операционной системы.	Полный просмотр 70 строк fstec-security-update-testing-2022 в sources/extracted/raw-pdftotext; технических требований к конфигурации операционной системы не выявлено.	rasav65	2026-09-15T09:55:51Z
SRC-0266	organizational	Требование адресовано процессу тестирования обновлений безопасности исследователем и оператором информационной системы и не выражается в проверяемой конфигурации операционной системы.	Полный просмотр 70 строк fstec-security-update-testing-2022 в sources/extracted/raw-pdftotext; технических требований к конфигурации операционной системы не выявлено.	rasav65	2026-09-15T09:55:51Z
SRC-0267	organizational	Требование адресовано процессу тестирования обновлений безопасности исследователем и оператором информационной системы и не выражается в проверяемой конфигурации операционной системы.	Полный просмотр 70 строк fstec-security-update-testing-2022 в sources/extracted/raw-pdftotext; технических требований к конфигурации операционной системы не выявлено.	rasav65	2026-09-15T09:55:51Z
SRC-0268	organizational	Требование адресовано процессу тестирования обновлений безопасности исследователем и оператором информационной системы и не выражается в проверяемой конфигурации операционной системы.	Полный просмотр 70 строк fstec-security-update-testing-2022 в sources/extracted/raw-pdftotext; технических требований к конфигурации операционной системы не выявлено.	rasav65	2026-09-15T09:55:51Z
SRC-0269	organizational	Требование адресовано процессу тестирования обновлений безопасности исследователем и оператором информационной системы и не выражается в проверяемой конфигурации операционной системы.	Полный просмотр 70 строк fstec-security-update-testing-2022 в sources/extracted/raw-pdftotext; технических требований к конфигурации операционной системы не выявлено.	rasav65	2026-09-15T09:55:51Z
SRC-0270	organizational	Требование адресовано процессу тестирования обновлений безопасности исследователем и оператором информационной системы и не выражается в проверяемой конфигурации операционной системы.	Полный просмотр 70 строк fstec-security-update-testing-2022 в sources/extracted/raw-pdftotext; технических требований к конфигурации операционной системы не выявлено.	rasav65	2026-09-15T09:55:51Z
SRC-0271	organizational	Требование адресовано процессу тестирования обновлений безопасности исследователем и оператором информационной системы и не выражается в проверяемой конфигурации операционной системы.	Полный просмотр 70 строк fstec-security-update-testing-2022 в sources/extracted/raw-pdftotext; технических требований к конфигурации операционной системы не выявлено.	rasav65	2026-09-15T09:55:51Z
SRC-0272	organizational	Требование адресовано процессу тестирования обновлений безопасности исследователем и оператором информационной системы и не выражается в проверяемой конфигурации операционной системы.	Полный просмотр 70 строк fstec-security-update-testing-2022 в sources/extracted/raw-pdftotext; технических требований к конфигурации операционной системы не выявлено.	rasav65	2026-09-15T09:55:51Z
SRC-0273	organizational	Требование адресовано процессу тестирования обновлений безопасности исследователем и оператором информационной системы и не выражается в проверяемой конфигурации операционной системы.	Полный просмотр 70 строк fstec-security-update-testing-2022 в sources/extracted/raw-pdftotext; технических требований к конфигурации операционной системы не выявлено.	rasav65	2026-09-15T09:55:51Z
SRC-0274	organizational	Требование адресовано процессу тестирования обновлений безопасности исследователем и оператором информационной системы и не выражается в проверяемой конфигурации операционной системы.	Полный просмотр 70 строк fstec-security-update-testing-2022 в sources/extracted/raw-pdftotext; технических требований к конфигурации операционной системы не выявлено.	rasav65	2026-09-15T09:55:51Z
SRC-0275	organizational	Требование адресовано процессу тестирования обновлений безопасности исследователем и оператором информационной системы и не выражается в проверяемой конфигурации операционной системы.	Полный просмотр 70 строк fstec-security-update-testing-2022 в sources/extracted/raw-pdftotext; технических требований к конфигурации операционной системы не выявлено.	rasav65	2026-09-15T09:55:51Z
SRC-0276	organizational	Требование адресовано процессу тестирования обновлений безопасности исследователем и оператором информационной системы и не выражается в проверяемой конфигурации операционной системы.	Полный просмотр 70 строк fstec-security-update-testing-2022 в sources/extracted/raw-pdftotext; технических требований к конфигурации операционной системы не выявлено.	rasav65	2026-09-15T09:55:51Z
SRC-0277	organizational	Требование адресовано процессу тестирования обновлений безопасности исследователем и оператором информационной системы и не выражается в проверяемой конфигурации операционной системы.	Полный просмотр 70 строк fstec-security-update-testing-2022 в sources/extracted/raw-pdftotext; технических требований к конфигурации операционной системы не выявлено.	rasav65	2026-09-15T09:55:51Z
SRC-0278	organizational	Требование адресовано процессу тестирования обновлений безопасности исследователем и оператором информационной системы и не выражается в проверяемой конфигурации операционной системы.	Полный просмотр 70 строк fstec-security-update-testing-2022 в sources/extracted/raw-pdftotext; технических требований к конфигурации операционной системы не выявлено.	rasav65	2026-09-15T09:55:51Z
SRC-0279	organizational	Требование адресовано процессу тестирования обновлений безопасности исследователем и оператором информационной системы и не выражается в проверяемой конфигурации операционной системы.	Полный просмотр 70 строк fstec-security-update-testing-2022 в sources/extracted/raw-pdftotext; технических требований к конфигурации операционной системы не выявлено.	rasav65	2026-09-15T09:55:51Z
SRC-0280	organizational	Требование адресовано процессу тестирования обновлений безопасности исследователем и оператором информационной системы и не выражается в проверяемой конфигурации операционной системы.	Полный просмотр 70 строк fstec-security-update-testing-2022 в sources/extracted/raw-pdftotext; технических требований к конфигурации операционной системы не выявлено.	rasav65	2026-09-15T09:55:51Z
SRC-0281	organizational	Требование адресовано процессу тестирования обновлений безопасности исследователем и оператором информационной системы и не выражается в проверяемой конфигурации операционной системы.	Полный просмотр 70 строк fstec-security-update-testing-2022 в sources/extracted/raw-pdftotext; технических требований к конфигурации операционной системы не выявлено.	rasav65	2026-09-15T09:55:51Z
SRC-0282	organizational	Требование адресовано процессу тестирования обновлений безопасности исследователем и оператором информационной системы и не выражается в проверяемой конфигурации операционной системы.	Полный просмотр 70 строк fstec-security-update-testing-2022 в sources/extracted/raw-pdftotext; технических требований к конфигурации операционной системы не выявлено.	rasav65	2026-09-15T09:55:51Z
SRC-0283	organizational	Требование адресовано процессу тестирования обновлений безопасности исследователем и оператором информационной системы и не выражается в проверяемой конфигурации операционной системы.	Полный просмотр 70 строк fstec-security-update-testing-2022 в sources/extracted/raw-pdftotext; технических требований к конфигурации операционной системы не выявлено.	rasav65	2026-09-15T09:55:51Z
SRC-0284	organizational	Требование адресовано процессу тестирования обновлений безопасности исследователем и оператором информационной системы и не выражается в проверяемой конфигурации операционной системы.	Полный просмотр 70 строк fstec-security-update-testing-2022 в sources/extracted/raw-pdftotext; технических требований к конфигурации операционной системы не выявлено.	rasav65	2026-09-15T09:55:51Z
SRC-0285	organizational	Требование адресовано процессу тестирования обновлений безопасности исследователем и оператором информационной системы и не выражается в проверяемой конфигурации операционной системы.	Полный просмотр 70 строк fstec-security-update-testing-2022 в sources/extracted/raw-pdftotext; технических требований к конфигурации операционной системы не выявлено.	rasav65	2026-09-15T09:55:51Z
SRC-0286	organizational	Требование адресовано процессу тестирования обновлений безопасности исследователем и оператором информационной системы и не выражается в проверяемой конфигурации операционной системы.	Полный просмотр 70 строк fstec-security-update-testing-2022 в sources/extracted/raw-pdftotext; технических требований к конфигурации операционной системы не выявлено.	rasav65	2026-09-15T09:55:51Z
SRC-0287	organizational	Требование адресовано процессу тестирования обновлений безопасности исследователем и оператором информационной системы и не выражается в проверяемой конфигурации операционной системы.	Полный просмотр 70 строк fstec-security-update-testing-2022 в sources/extracted/raw-pdftotext; технических требований к конфигурации операционной системы не выявлено.	rasav65	2026-09-15T09:55:51Z
SRC-0288	organizational	Требование адресовано процессу тестирования обновлений безопасности исследователем и оператором информационной системы и не выражается в проверяемой конфигурации операционной системы.	Полный просмотр 70 строк fstec-security-update-testing-2022 в sources/extracted/raw-pdftotext; технических требований к конфигурации операционной системы не выявлено.	rasav65	2026-09-15T09:55:51Z
SRC-0289	organizational	Требование адресовано процессу тестирования обновлений безопасности исследователем и оператором информационной системы и не выражается в проверяемой конфигурации операционной системы.	Полный просмотр 70 строк fstec-security-update-testing-2022 в sources/extracted/raw-pdftotext; технических требований к конфигурации операционной системы не выявлено.	rasav65	2026-09-15T09:55:51Z
SRC-0290	organizational	Требование адресовано процессу тестирования обновлений безопасности исследователем и оператором информационной системы и не выражается в проверяемой конфигурации операционной системы.	Полный просмотр 70 строк fstec-security-update-testing-2022 в sources/extracted/raw-pdftotext; технических требований к конфигурации операционной системы не выявлено.	rasav65	2026-09-15T09:55:51Z
SRC-0291	organizational	Требование адресовано процессу тестирования обновлений безопасности исследователем и оператором информационной системы и не выражается в проверяемой конфигурации операционной системы.	Полный просмотр 70 строк fstec-security-update-testing-2022 в sources/extracted/raw-pdftotext; технических требований к конфигурации операционной системы не выявлено.	rasav65	2026-09-15T09:55:51Z
SRC-0292	organizational	Требование адресовано процессу тестирования обновлений безопасности исследователем и оператором информационной системы и не выражается в проверяемой конфигурации операционной системы.	Полный просмотр 70 строк fstec-security-update-testing-2022 в sources/extracted/raw-pdftotext; технических требований к конфигурации операционной системы не выявлено.	rasav65	2026-09-15T09:55:51Z
SRC-0293	organizational	Требование адресовано процессу тестирования обновлений безопасности исследователем и оператором информационной системы и не выражается в проверяемой конфигурации операционной системы.	Полный просмотр 70 строк fstec-security-update-testing-2022 в sources/extracted/raw-pdftotext; технических требований к конфигурации операционной системы не выявлено.	rasav65	2026-09-15T09:55:51Z
SRC-0294	organizational	Требование адресовано процессу тестирования обновлений безопасности исследователем и оператором информационной системы и не выражается в проверяемой конфигурации операционной системы.	Полный просмотр 70 строк fstec-security-update-testing-2022 в sources/extracted/raw-pdftotext; технических требований к конфигурации операционной системы не выявлено.	rasav65	2026-09-15T09:55:51Z
SRC-0295	organizational	Требование адресовано процессу тестирования обновлений безопасности исследователем и оператором информационной системы и не выражается в проверяемой конфигурации операционной системы.	Полный просмотр 70 строк fstec-security-update-testing-2022 в sources/extracted/raw-pdftotext; технических требований к конфигурации операционной системы не выявлено.	rasav65	2026-09-15T09:55:51Z
SRC-0296	organizational	Требование адресовано процессу тестирования обновлений безопасности исследователем и оператором информационной системы и не выражается в проверяемой конфигурации операционной системы.	Полный просмотр 70 строк fstec-security-update-testing-2022 в sources/extracted/raw-pdftotext; технических требований к конфигурации операционной системы не выявлено.	rasav65	2026-09-15T09:55:51Z
SRC-0297	organizational	Требование адресовано процессу тестирования обновлений безопасности исследователем и оператором информационной системы и не выражается в проверяемой конфигурации операционной системы.	Полный просмотр 70 строк fstec-security-update-testing-2022 в sources/extracted/raw-pdftotext; технических требований к конфигурации операционной системы не выявлено.	rasav65	2026-09-15T09:55:51Z
SRC-0298	organizational	Требование адресовано процессу тестирования обновлений безопасности исследователем и оператором информационной системы и не выражается в проверяемой конфигурации операционной системы.	Полный просмотр 70 строк fstec-security-update-testing-2022 в sources/extracted/raw-pdftotext; технических требований к конфигурации операционной системы не выявлено.	rasav65	2026-09-15T09:55:51Z
SRC-0299	organizational	Требование адресовано процессу тестирования обновлений безопасности исследователем и оператором информационной системы и не выражается в проверяемой конфигурации операционной системы.	Полный просмотр 70 строк fstec-security-update-testing-2022 в sources/extracted/raw-pdftotext; технических требований к конфигурации операционной системы не выявлено.	rasav65	2026-09-15T09:55:51Z
SRC-0300	organizational	Требование адресовано процессу тестирования обновлений безопасности исследователем и оператором информационной системы и не выражается в проверяемой конфигурации операционной системы.	Полный просмотр 70 строк fstec-security-update-testing-2022 в sources/extracted/raw-pdftotext; технических требований к конфигурации операционной системы не выявлено.	rasav65	2026-09-15T09:55:51Z
SRC-0301	organizational	Требование адресовано процессу тестирования обновлений безопасности исследователем и оператором информационной системы и не выражается в проверяемой конфигурации операционной системы.	Полный просмотр 70 строк fstec-security-update-testing-2022 в sources/extracted/raw-pdftotext; технических требований к конфигурации операционной системы не выявлено.	rasav65	2026-09-15T09:55:51Z
SRC-0302	organizational	Требование адресовано процессу тестирования обновлений безопасности исследователем и оператором информационной системы и не выражается в проверяемой конфигурации операционной системы.	Полный просмотр 70 строк fstec-security-update-testing-2022 в sources/extracted/raw-pdftotext; технических требований к конфигурации операционной системы не выявлено.	rasav65	2026-09-15T09:55:51Z
SRC-0303	organizational	Требование адресовано процессу тестирования обновлений безопасности исследователем и оператором информационной системы и не выражается в проверяемой конфигурации операционной системы.	Полный просмотр 70 строк fstec-security-update-testing-2022 в sources/extracted/raw-pdftotext; технических требований к конфигурации операционной системы не выявлено.	rasav65	2026-09-15T09:55:51Z
SRC-0304	organizational	Требование адресовано процессу тестирования обновлений безопасности исследователем и оператором информационной системы и не выражается в проверяемой конфигурации операционной системы.	Полный просмотр 70 строк fstec-security-update-testing-2022 в sources/extracted/raw-pdftotext; технических требований к конфигурации операционной системы не выявлено.	rasav65	2026-09-15T09:55:51Z
SRC-0305	organizational	Требование адресовано процессу тестирования обновлений безопасности исследователем и оператором информационной системы и не выражается в проверяемой конфигурации операционной системы.	Полный просмотр 70 строк fstec-security-update-testing-2022 в sources/extracted/raw-pdftotext; технических требований к конфигурации операционной системы не выявлено.	rasav65	2026-09-15T09:55:51Z
SRC-0306	organizational	Требование адресовано процессу тестирования обновлений безопасности исследователем и оператором информационной системы и не выражается в проверяемой конфигурации операционной системы.	Полный просмотр 70 строк fstec-security-update-testing-2022 в sources/extracted/raw-pdftotext; технических требований к конфигурации операционной системы не выявлено.	rasav65	2026-09-15T09:55:51Z
SRC-0307	organizational	Требование адресовано процессу тестирования обновлений безопасности исследователем и оператором информационной системы и не выражается в проверяемой конфигурации операционной системы.	Полный просмотр 70 строк fstec-security-update-testing-2022 в sources/extracted/raw-pdftotext; технических требований к конфигурации операционной системы не выявлено.	rasav65	2026-09-15T09:55:51Z
SRC-0308	organizational	Требование адресовано процессу тестирования обновлений безопасности исследователем и оператором информационной системы и не выражается в проверяемой конфигурации операционной системы.	Полный просмотр 70 строк fstec-security-update-testing-2022 в sources/extracted/raw-pdftotext; технических требований к конфигурации операционной системы не выявлено.	rasav65	2026-09-15T09:55:51Z
SRC-0309	organizational	Требование адресовано процессу тестирования обновлений безопасности исследователем и оператором информационной системы и не выражается в проверяемой конфигурации операционной системы.	Полный просмотр 70 строк fstec-security-update-testing-2022 в sources/extracted/raw-pdftotext; технических требований к конфигурации операционной системы не выявлено.	rasav65	2026-09-15T09:55:51Z
SRC-0310	organizational	Требование адресовано процессу тестирования обновлений безопасности исследователем и оператором информационной системы и не выражается в проверяемой конфигурации операционной системы.	Полный просмотр 70 строк fstec-security-update-testing-2022 в sources/extracted/raw-pdftotext; технических требований к конфигурации операционной системы не выявлено.	rasav65	2026-09-15T09:55:51Z
SRC-0311	organizational	Требование адресовано процессу тестирования обновлений безопасности исследователем и оператором информационной системы и не выражается в проверяемой конфигурации операционной системы.	Полный просмотр 70 строк fstec-security-update-testing-2022 в sources/extracted/raw-pdftotext; технических требований к конфигурации операционной системы не выявлено.	rasav65	2026-09-15T09:55:51Z
SRC-0312	organizational	Требование адресовано процессу тестирования обновлений безопасности исследователем и оператором информационной системы и не выражается в проверяемой конфигурации операционной системы.	Полный просмотр 70 строк fstec-security-update-testing-2022 в sources/extracted/raw-pdftotext; технических требований к конфигурации операционной системы не выявлено.	rasav65	2026-09-15T09:55:51Z
SRC-0313	organizational	Требование адресовано процессу тестирования обновлений безопасности исследователем и оператором информационной системы и не выражается в проверяемой конфигурации операционной системы.	Полный просмотр 70 строк fstec-security-update-testing-2022 в sources/extracted/raw-pdftotext; технических требований к конфигурации операционной системы не выявлено.	rasav65	2026-09-15T09:55:51Z
SRC-0314	organizational	Требование адресовано процессу тестирования обновлений безопасности исследователем и оператором информационной системы и не выражается в проверяемой конфигурации операционной системы.	Полный просмотр 70 строк fstec-security-update-testing-2022 в sources/extracted/raw-pdftotext; технических требований к конфигурации операционной системы не выявлено.	rasav65	2026-09-15T09:55:51Z
SRC-0315	organizational	Требование адресовано процессу тестирования обновлений безопасности исследователем и оператором информационной системы и не выражается в проверяемой конфигурации операционной системы.	Полный просмотр 70 строк fstec-security-update-testing-2022 в sources/extracted/raw-pdftotext; технических требований к конфигурации операционной системы не выявлено.	rasav65	2026-09-15T09:55:51Z
SRC-0316	organizational	Требование адресовано процессу тестирования обновлений безопасности исследователем и оператором информационной системы и не выражается в проверяемой конфигурации операционной системы.	Полный просмотр 70 строк fstec-security-update-testing-2022 в sources/extracted/raw-pdftotext; технических требований к конфигурации операционной системы не выявлено.	rasav65	2026-09-15T09:55:51Z
SRC-0317	organizational	Требование адресовано процессу тестирования обновлений безопасности исследователем и оператором информационной системы и не выражается в проверяемой конфигурации операционной системы.	Полный просмотр 70 строк fstec-security-update-testing-2022 в sources/extracted/raw-pdftotext; технических требований к конфигурации операционной системы не выявлено.	rasav65	2026-09-15T09:55:51Z
SRC-0318	organizational	Требование адресовано процессу тестирования обновлений безопасности исследователем и оператором информационной системы и не выражается в проверяемой конфигурации операционной системы.	Полный просмотр 70 строк fstec-security-update-testing-2022 в sources/extracted/raw-pdftotext; технических требований к конфигурации операционной системы не выявлено.	rasav65	2026-09-15T09:55:51Z
SRC-0319	organizational	Требование адресовано процессу тестирования обновлений безопасности исследователем и оператором информационной системы и не выражается в проверяемой конфигурации операционной системы.	Полный просмотр 70 строк fstec-security-update-testing-2022 в sources/extracted/raw-pdftotext; технических требований к конфигурации операционной системы не выявлено.	rasav65	2026-09-15T09:55:51Z
SRC-0320	organizational	Требование адресовано процессу тестирования обновлений безопасности исследователем и оператором информационной системы и не выражается в проверяемой конфигурации операционной системы.	Полный просмотр 70 строк fstec-security-update-testing-2022 в sources/extracted/raw-pdftotext; технических требований к конфигурации операционной системы не выявлено.	rasav65	2026-09-15T09:55:51Z
SRC-0321	organizational	Требование адресовано процессу тестирования обновлений безопасности исследователем и оператором информационной системы и не выражается в проверяемой конфигурации операционной системы.	Полный просмотр 70 строк fstec-security-update-testing-2022 в sources/extracted/raw-pdftotext; технических требований к конфигурации операционной системы не выявлено.	rasav65	2026-09-15T09:55:51Z
SRC-0322	organizational	Требование адресовано процессу оценки уровня критичности уязвимостей оператором информационной системы и не выражается в проверяемой конфигурации операционной системы.	Полный просмотр 28 строк fstec-vulnerability-criticality-2025 в sources/extracted/raw-pdftotext; технических требований к конфигурации операционной системы не выявлено.	rasav65	2026-09-15T06:46:23Z
SRC-0323	organizational	Требование адресовано процессу оценки уровня критичности уязвимостей оператором информационной системы и не выражается в проверяемой конфигурации операционной системы.	Полный просмотр 28 строк fstec-vulnerability-criticality-2025 в sources/extracted/raw-pdftotext; технических требований к конфигурации операционной системы не выявлено.	rasav65	2026-09-15T06:46:23Z
SRC-0324	organizational	Требование адресовано процессу оценки уровня критичности уязвимостей оператором информационной системы и не выражается в проверяемой конфигурации операционной системы.	Полный просмотр 28 строк fstec-vulnerability-criticality-2025 в sources/extracted/raw-pdftotext; технических требований к конфигурации операционной системы не выявлено.	rasav65	2026-09-15T06:46:23Z
SRC-0325	organizational	Требование адресовано процессу оценки уровня критичности уязвимостей оператором информационной системы и не выражается в проверяемой конфигурации операционной системы.	Полный просмотр 28 строк fstec-vulnerability-criticality-2025 в sources/extracted/raw-pdftotext; технических требований к конфигурации операционной системы не выявлено.	rasav65	2026-09-15T06:46:23Z
SRC-0326	organizational	Требование адресовано процессу оценки уровня критичности уязвимостей оператором информационной системы и не выражается в проверяемой конфигурации операционной системы.	Полный просмотр 28 строк fstec-vulnerability-criticality-2025 в sources/extracted/raw-pdftotext; технических требований к конфигурации операционной системы не выявлено.	rasav65	2026-09-15T06:46:23Z
SRC-0327	organizational	Требование адресовано процессу оценки уровня критичности уязвимостей оператором информационной системы и не выражается в проверяемой конфигурации операционной системы.	Полный просмотр 28 строк fstec-vulnerability-criticality-2025 в sources/extracted/raw-pdftotext; технических требований к конфигурации операционной системы не выявлено.	rasav65	2026-09-15T06:46:23Z
SRC-0328	organizational	Требование адресовано процессу оценки уровня критичности уязвимостей оператором информационной системы и не выражается в проверяемой конфигурации операционной системы.	Полный просмотр 28 строк fstec-vulnerability-criticality-2025 в sources/extracted/raw-pdftotext; технических требований к конфигурации операционной системы не выявлено.	rasav65	2026-09-15T06:46:23Z
SRC-0329	organizational	Требование адресовано процессу оценки уровня критичности уязвимостей оператором информационной системы и не выражается в проверяемой конфигурации операционной системы.	Полный просмотр 28 строк fstec-vulnerability-criticality-2025 в sources/extracted/raw-pdftotext; технических требований к конфигурации операционной системы не выявлено.	rasav65	2026-09-15T06:46:23Z
SRC-0330	organizational	Требование адресовано процессу оценки уровня критичности уязвимостей оператором информационной системы и не выражается в проверяемой конфигурации операционной системы.	Полный просмотр 28 строк fstec-vulnerability-criticality-2025 в sources/extracted/raw-pdftotext; технических требований к конфигурации операционной системы не выявлено.	rasav65	2026-09-15T06:46:23Z
SRC-0331	organizational	Требование адресовано процессу оценки уровня критичности уязвимостей оператором информационной системы и не выражается в проверяемой конфигурации операционной системы.	Полный просмотр 28 строк fstec-vulnerability-criticality-2025 в sources/extracted/raw-pdftotext; технических требований к конфигурации операционной системы не выявлено.	rasav65	2026-09-15T06:46:23Z
SRC-0332	organizational	Требование адресовано процессу оценки уровня критичности уязвимостей оператором информационной системы и не выражается в проверяемой конфигурации операционной системы.	Полный просмотр 28 строк fstec-vulnerability-criticality-2025 в sources/extracted/raw-pdftotext; технических требований к конфигурации операционной системы не выявлено.	rasav65	2026-09-15T06:46:23Z
SRC-0333	organizational	Требование адресовано процессу оценки уровня критичности уязвимостей оператором информационной системы и не выражается в проверяемой конфигурации операционной системы.	Полный просмотр 28 строк fstec-vulnerability-criticality-2025 в sources/extracted/raw-pdftotext; технических требований к конфигурации операционной системы не выявлено.	rasav65	2026-09-15T06:46:23Z
SRC-0334	organizational	Требование адресовано процессу оценки уровня критичности уязвимостей оператором информационной системы и не выражается в проверяемой конфигурации операционной системы.	Полный просмотр 28 строк fstec-vulnerability-criticality-2025 в sources/extracted/raw-pdftotext; технических требований к конфигурации операционной системы не выявлено.	rasav65	2026-09-15T06:46:23Z
SRC-0335	organizational	Требование адресовано процессу оценки уровня критичности уязвимостей оператором информационной системы и не выражается в проверяемой конфигурации операционной системы.	Полный просмотр 28 строк fstec-vulnerability-criticality-2025 в sources/extracted/raw-pdftotext; технических требований к конфигурации операционной системы не выявлено.	rasav65	2026-09-15T06:46:23Z
SRC-0336	organizational	Требование адресовано процессу оценки уровня критичности уязвимостей оператором информационной системы и не выражается в проверяемой конфигурации операционной системы.	Полный просмотр 28 строк fstec-vulnerability-criticality-2025 в sources/extracted/raw-pdftotext; технических требований к конфигурации операционной системы не выявлено.	rasav65	2026-09-15T06:46:23Z
SRC-0337	organizational	Требование адресовано процессу оценки уровня критичности уязвимостей оператором информационной системы и не выражается в проверяемой конфигурации операционной системы.	Полный просмотр 28 строк fstec-vulnerability-criticality-2025 в sources/extracted/raw-pdftotext; технических требований к конфигурации операционной системы не выявлено.	rasav65	2026-09-15T06:46:23Z
SRC-0338	organizational	Требование адресовано процессу оценки уровня критичности уязвимостей оператором информационной системы и не выражается в проверяемой конфигурации операционной системы.	Полный просмотр 28 строк fstec-vulnerability-criticality-2025 в sources/extracted/raw-pdftotext; технических требований к конфигурации операционной системы не выявлено.	rasav65	2026-09-15T06:46:23Z
SRC-0339	informational	Структурный элемент документа (таблица значений коэффициентов и оценок, приложение с примерами расчета), не являющийся отдельным проверяемым требованием.	Полный просмотр 28 строк fstec-vulnerability-criticality-2025 в sources/extracted/raw-pdftotext; технических требований к конфигурации операционной системы не выявлено.	rasav65	2026-09-15T06:46:23Z
SRC-0340	organizational	Требование адресовано процессу оценки уровня критичности уязвимостей оператором информационной системы и не выражается в проверяемой конфигурации операционной системы.	Полный просмотр 28 строк fstec-vulnerability-criticality-2025 в sources/extracted/raw-pdftotext; технических требований к конфигурации операционной системы не выявлено.	rasav65	2026-09-15T06:46:23Z
SRC-0341	informational	Структурный элемент документа (таблица значений коэффициентов и оценок, приложение с примерами расчета), не являющийся отдельным проверяемым требованием.	Полный просмотр 28 строк fstec-vulnerability-criticality-2025 в sources/extracted/raw-pdftotext; технических требований к конфигурации операционной системы не выявлено.	rasav65	2026-09-15T06:46:23Z
SRC-0342	organizational	Требование адресовано процессу оценки уровня критичности уязвимостей оператором информационной системы и не выражается в проверяемой конфигурации операционной системы.	Полный просмотр 28 строк fstec-vulnerability-criticality-2025 в sources/extracted/raw-pdftotext; технических требований к конфигурации операционной системы не выявлено.	rasav65	2026-09-15T06:46:23Z
SRC-0343	organizational	Требование адресовано процессу оценки уровня критичности уязвимостей оператором информационной системы и не выражается в проверяемой конфигурации операционной системы.	Полный просмотр 28 строк fstec-vulnerability-criticality-2025 в sources/extracted/raw-pdftotext; технических требований к конфигурации операционной системы не выявлено.	rasav65	2026-09-15T06:46:23Z
SRC-0344	organizational	Требование адресовано процессу оценки уровня критичности уязвимостей оператором информационной системы и не выражается в проверяемой конфигурации операционной системы.	Полный просмотр 28 строк fstec-vulnerability-criticality-2025 в sources/extracted/raw-pdftotext; технических требований к конфигурации операционной системы не выявлено.	rasav65	2026-09-15T06:46:23Z
SRC-0345	organizational	Требование адресовано процессу оценки уровня критичности уязвимостей оператором информационной системы и не выражается в проверяемой конфигурации операционной системы.	Полный просмотр 28 строк fstec-vulnerability-criticality-2025 в sources/extracted/raw-pdftotext; технических требований к конфигурации операционной системы не выявлено.	rasav65	2026-09-15T06:46:23Z
SRC-0346	organizational	Требование адресовано процессу оценки уровня критичности уязвимостей оператором информационной системы и не выражается в проверяемой конфигурации операционной системы.	Полный просмотр 28 строк fstec-vulnerability-criticality-2025 в sources/extracted/raw-pdftotext; технических требований к конфигурации операционной системы не выявлено.	rasav65	2026-09-15T06:46:23Z
SRC-0347	organizational	Требование адресовано процессу оценки уровня критичности уязвимостей оператором информационной системы и не выражается в проверяемой конфигурации операционной системы.	Полный просмотр 28 строк fstec-vulnerability-criticality-2025 в sources/extracted/raw-pdftotext; технических требований к конфигурации операционной системы не выявлено.	rasav65	2026-09-15T06:46:23Z
SRC-0348	organizational	Требование адресовано процессу оценки уровня критичности уязвимостей оператором информационной системы и не выражается в проверяемой конфигурации операционной системы.	Полный просмотр 28 строк fstec-vulnerability-criticality-2025 в sources/extracted/raw-pdftotext; технических требований к конфигурации операционной системы не выявлено.	rasav65	2026-09-15T06:46:23Z
SRC-0349	informational	Структурный элемент документа (таблица значений коэффициентов и оценок, приложение с примерами расчета), не являющийся отдельным проверяемым требованием.	Полный просмотр 28 строк fstec-vulnerability-criticality-2025 в sources/extracted/raw-pdftotext; технических требований к конфигурации операционной системы не выявлено.	rasav65	2026-09-15T06:46:23Z
SRC-0042	organizational	Требование адресовано организационному процессу органа (организации) и не выражается в проверяемой конфигурации операционной системы Linux.	Просмотр fstec-logging-2025 (sources/extracted/raw-pdftotext/fstec-logging-2025.txt, строки 22-25): п.2 состав событий определяется для каждой системы по ГОСТ Р 59548-2022; решение ведущего по поручению пользователя 25.09.2026 (регламент v27 §2.0); модель проверяемой системы — чистая установка поддерживаемой среды Linux, требование вычисляется без входных данных администратора (регламент v27 §2.2 п.13, 13.1).	rasav65	2026-09-25T14:07:53Z
SRC-0046	organizational	Требование адресовано организационному процессу органа (организации) и не выражается в проверяемой конфигурации операционной системы Linux.	Просмотр fstec-logging-2025 (sources/extracted/raw-pdftotext/fstec-logging-2025.txt, строки 57-58): п.6 резервное копирование журналов в обособленное хранилище; решение ведущего по поручению пользователя 25.09.2026 (регламент v27 §2.0); модель проверяемой системы — чистая установка поддерживаемой среды Linux, требование вычисляется без входных данных администратора (регламент v27 §2.2 п.13, 13.1).	rasav65	2026-09-25T14:07:53Z
SRC-0048	external	Требование адресовано сертифицированным по требованиям ФСТЭК России операционным системам, средствам защиты информации, межсетевым экранам и телекоммуникационному оборудованию: настройка регистрации событий выполняется по эксплуатационной документации этих средств.	Просмотр fstec-logging-2025 (sources/extracted/raw-pdftotext/fstec-logging-2025.txt, строки 75-95): п.8 настройка регистрации событий сертифицированных средств, включая операционные системы, по их эксплуатационной документации; решение ведущего по поручению пользователя 25.09.2026 (регламент v27 §2.0); модель проверяемой системы — чистая установка поддерживаемой среды Linux, требование вычисляется без входных данных администратора (регламент v27 §2.2 п.13, 13.1).	rasav65	2026-09-25T14:07:53Z
SRC-0049	organizational	Требование адресовано организационному процессу органа (организации) и не выражается в проверяемой конфигурации операционной системы Linux.	Просмотр fstec-logging-2025 (sources/extracted/raw-pdftotext/fstec-logging-2025.txt, строки 96-100): п.9 средства мониторинга событий; решение ведущего по поручению пользователя 25.09.2026 (регламент v27 §2.0); модель проверяемой системы — чистая установка поддерживаемой среды Linux, требование вычисляется без входных данных администратора (регламент v27 §2.2 п.13, 13.1).	rasav65	2026-09-25T14:07:53Z
SRC-0054	informational	Положение описывает способ просмотра зарегистрированных событий и не устанавливает требования к конфигурации.	Просмотр fstec-logging-2025 (sources/extracted/raw-pdftotext/fstec-logging-2025.txt, строки 656-659): приложение 2 п.5 просмотр событий утилитой aureport; решение ведущего по поручению пользователя 25.09.2026 (регламент v27 §2.0); модель проверяемой системы — чистая установка поддерживаемой среды Linux, требование вычисляется без входных данных администратора (регламент v27 §2.2 п.13, 13.1).	rasav65	2026-09-25T14:07:53Z
SRC-0057	organizational	Требование адресовано организационному процессу органа (организации) и не выражается в проверяемой конфигурации операционной системы Linux.	Просмотр fstec-configuration-2026 (sources/extracted/raw-pdftotext/fstec-configuration-2026.txt, строки 167-172): п.1.3 двухфакторная аутентификация привилегированных пользователей требует внешней инфраструктуры аутентификации; решение ведущего по поручению пользователя 25.09.2026 (регламент v27 §2.0); модель проверяемой системы — чистая установка поддерживаемой среды Linux, требование вычисляется без входных данных администратора (регламент v27 §2.2 п.13, 13.1).	rasav65	2026-09-25T14:07:53Z
SRC-0058	organizational	Требование адресовано организационному процессу органа (организации) и не выражается в проверяемой конфигурации операционной системы Linux.	Просмотр fstec-configuration-2026 (sources/extracted/raw-pdftotext/fstec-configuration-2026.txt, строки 173-174): п.1.4 регулярная проверка паролей на утечки внешними средствами; решение ведущего по поручению пользователя 25.09.2026 (регламент v27 §2.0); модель проверяемой системы — чистая установка поддерживаемой среды Linux, требование вычисляется без входных данных администратора (регламент v27 §2.2 п.13, 13.1).	rasav65	2026-09-25T14:07:53Z
SRC-0059	organizational	Требование адресовано организационному процессу органа (организации) и не выражается в проверяемой конфигурации операционной системы Linux.	Просмотр fstec-configuration-2026 (sources/extracted/raw-pdftotext/fstec-configuration-2026.txt, строки 175-176): п.1.5 регулярная проверка паролей по словарям внешним средством; решение ведущего по поручению пользователя 25.09.2026 (регламент v27 §2.0); модель проверяемой системы — чистая установка поддерживаемой среды Linux, требование вычисляется без входных данных администратора (регламент v27 §2.2 п.13, 13.1).	rasav65	2026-09-25T14:07:53Z
SRC-0060	out-of-scope	Требование относится к настройке СУБД, которая не входит в чистую установку поддерживаемых сред Linux.	Просмотр fstec-configuration-2026 (sources/extracted/raw-pdftotext/fstec-configuration-2026.txt, строки 181-237): п.2.1 неавторизованный доступ к MySQL, PostgreSQL, MS SQL; решение ведущего по поручению пользователя 25.09.2026 (регламент v27 §2.0); модель проверяемой системы — чистая установка поддерживаемой среды Linux, требование вычисляется без входных данных администратора (регламент v27 §2.2 п.13, 13.1).	rasav65	2026-09-25T14:07:53Z
SRC-0061	out-of-scope	Требование относится к настройке СУБД, которая не входит в чистую установку поддерживаемых сред Linux.	Просмотр fstec-configuration-2026 (sources/extracted/raw-pdftotext/fstec-configuration-2026.txt, строки 238): п.2.2 гостевые учётные записи СУБД; решение ведущего по поручению пользователя 25.09.2026 (регламент v27 §2.0); модель проверяемой системы — чистая установка поддерживаемой среды Linux, требование вычисляется без входных данных администратора (регламент v27 §2.2 п.13, 13.1).	rasav65	2026-09-25T14:07:53Z
SRC-0062	out-of-scope	Требование относится к настройке СУБД, которая не входит в чистую установку поддерживаемых сред Linux.	Просмотр fstec-configuration-2026 (sources/extracted/raw-pdftotext/fstec-configuration-2026.txt, строки 239-240): п.2.3 ограничение адресов доступа к СУБД; решение ведущего по поручению пользователя 25.09.2026 (регламент v27 §2.0); модель проверяемой системы — чистая установка поддерживаемой среды Linux, требование вычисляется без входных данных администратора (регламент v27 §2.2 п.13, 13.1).	rasav65	2026-09-25T14:07:53Z
SRC-0063	out-of-scope	Требование относится к настройке СУБД, которая не входит в чистую установку поддерживаемых сред Linux.	Просмотр fstec-configuration-2026 (sources/extracted/raw-pdftotext/fstec-configuration-2026.txt, строки 241-265): п.2.4 TLS для клиентских соединений СУБД; решение ведущего по поручению пользователя 25.09.2026 (регламент v27 §2.0); модель проверяемой системы — чистая установка поддерживаемой среды Linux, требование вычисляется без входных данных администратора (регламент v27 §2.2 п.13, 13.1).	rasav65	2026-09-25T14:07:53Z
SRC-0064	out-of-scope	Требование относится к настройке СУБД, которая не входит в чистую установку поддерживаемых сред Linux.	Просмотр fstec-configuration-2026 (sources/extracted/raw-pdftotext/fstec-configuration-2026.txt, строки 266-353): п.2.5 аудит событий доступа к СУБД; решение ведущего по поручению пользователя 25.09.2026 (регламент v27 §2.0); модель проверяемой системы — чистая установка поддерживаемой среды Linux, требование вычисляется без входных данных администратора (регламент v27 §2.2 п.13, 13.1).	rasav65	2026-09-25T14:07:53Z
SRC-0065	out-of-scope	Требование относится к операционной системе Windows и не применимо к поддерживаемым средам Linux.	Просмотр fstec-configuration-2026 (sources/extracted/raw-pdftotext/fstec-configuration-2026.txt, строки 361-363): п.3.1 отключение SMBv1 командой PowerShell; решение ведущего по поручению пользователя 25.09.2026 (регламент v27 §2.0); модель проверяемой системы — чистая установка поддерживаемой среды Linux, требование вычисляется без входных данных администратора (регламент v27 §2.2 п.13, 13.1).	rasav65	2026-09-25T14:07:53Z
SRC-0067	organizational	Требование адресовано организационному процессу органа (организации) и не выражается в проверяемой конфигурации операционной системы Linux.	Просмотр fstec-configuration-2026 (sources/extracted/raw-pdftotext/fstec-configuration-2026.txt, строки 382-384): п.3.3 регулярная инвентаризация сетевых устройств с SMBv1; решение ведущего по поручению пользователя 25.09.2026 (регламент v27 §2.0); модель проверяемой системы — чистая установка поддерживаемой среды Linux, требование вычисляется без входных данных администратора (регламент v27 §2.2 п.13, 13.1).	rasav65	2026-09-25T14:07:53Z
SRC-0068	organizational	Требование адресовано организационному процессу органа (организации) и не выражается в проверяемой конфигурации операционной системы Linux.	Просмотр fstec-configuration-2026 (sources/extracted/raw-pdftotext/fstec-configuration-2026.txt, строки 385-386): п.3.4 обновление или изоляция устаревших устройств; решение ведущего по поручению пользователя 25.09.2026 (регламент v27 §2.0); модель проверяемой системы — чистая установка поддерживаемой среды Linux, требование вычисляется без входных данных администратора (регламент v27 §2.2 п.13, 13.1).	rasav65	2026-09-25T14:07:53Z
SRC-0069	external	Требование адресовано сетевым (пограничным) устройствам и сетевой инфраструктуре вне проверяемой операционной системы Linux.	Просмотр fstec-configuration-2026 (sources/extracted/raw-pdftotext/fstec-configuration-2026.txt, строки 387-389): п.3.5 блокировка SMBv1 на уровне сети межсетевым экраном; решение ведущего по поручению пользователя 25.09.2026 (регламент v27 §2.0); модель проверяемой системы — чистая установка поддерживаемой среды Linux, требование вычисляется без входных данных администратора (регламент v27 §2.2 п.13, 13.1).	rasav65	2026-09-25T14:07:53Z
SRC-0070	out-of-scope	Требование относится к операционной системе Windows и не применимо к поддерживаемым средам Linux.	Просмотр fstec-configuration-2026 (sources/extracted/raw-pdftotext/fstec-configuration-2026.txt, строки 392-414): разд.4 отключение NTLMv1 групповой политикой и реестром Windows; решение ведущего по поручению пользователя 25.09.2026 (регламент v27 §2.0); модель проверяемой системы — чистая установка поддерживаемой среды Linux, требование вычисляется без входных данных администратора (регламент v27 §2.2 п.13, 13.1).	rasav65	2026-09-25T14:07:53Z
SRC-0071	out-of-scope	Требование относится к операционной системе Windows и не применимо к поддерживаемым средам Linux.	Просмотр fstec-configuration-2026 (sources/extracted/raw-pdftotext/fstec-configuration-2026.txt, строки 425-426): п.5.1 учётная запись «Гость» через lusrmgr.msc; решение ведущего по поручению пользователя 25.09.2026 (регламент v27 §2.0); модель проверяемой системы — чистая установка поддерживаемой среды Linux, требование вычисляется без входных данных администратора (регламент v27 §2.2 п.13, 13.1).	rasav65	2026-09-25T14:07:53Z
SRC-0072	out-of-scope	Требование относится к операционной системе Windows и не применимо к поддерживаемым средам Linux.	Просмотр fstec-configuration-2026 (sources/extracted/raw-pdftotext/fstec-configuration-2026.txt, строки 427-428): п.5.2 «Гость» в группе «Администраторы»; решение ведущего по поручению пользователя 25.09.2026 (регламент v27 §2.0); модель проверяемой системы — чистая установка поддерживаемой среды Linux, требование вычисляется без входных данных администратора (регламент v27 §2.2 п.13, 13.1).	rasav65	2026-09-25T14:07:53Z
SRC-0073	out-of-scope	Требование относится к операционной системе Windows и не применимо к поддерживаемым средам Linux.	Просмотр fstec-configuration-2026 (sources/extracted/raw-pdftotext/fstec-configuration-2026.txt, строки 429-431): п.5.3 net localgroup Администраторы; решение ведущего по поручению пользователя 25.09.2026 (регламент v27 §2.0); модель проверяемой системы — чистая установка поддерживаемой среды Linux, требование вычисляется без входных данных администратора (регламент v27 §2.2 п.13, 13.1).	rasav65	2026-09-25T14:07:53Z
SRC-0074	out-of-scope	Требование относится к операционной системе Windows и не применимо к поддерживаемым средам Linux.	Просмотр fstec-configuration-2026 (sources/extracted/raw-pdftotext/fstec-configuration-2026.txt, строки 432-437): п.5.4 групповая политика Windows; решение ведущего по поручению пользователя 25.09.2026 (регламент v27 §2.0); модель проверяемой системы — чистая установка поддерживаемой среды Linux, требование вычисляется без входных данных администратора (регламент v27 §2.2 п.13, 13.1).	rasav65	2026-09-25T14:07:53Z
SRC-0075	out-of-scope	Требование относится к операционной системе Windows и не применимо к поддерживаемым средам Linux.	Просмотр fstec-configuration-2026 (sources/extracted/raw-pdftotext/fstec-configuration-2026.txt, строки 438-439): п.5.5 журналирование входа под «Гость» (раздел 5 — Windows); решение ведущего по поручению пользователя 25.09.2026 (регламент v27 §2.0); модель проверяемой системы — чистая установка поддерживаемой среды Linux, требование вычисляется без входных данных администратора (регламент v27 §2.2 п.13, 13.1).	rasav65	2026-09-25T14:07:53Z
SRC-0076	organizational	Требование адресовано организационному процессу органа (организации) и не выражается в проверяемой конфигурации операционной системы Linux.	Просмотр fstec-configuration-2026 (sources/extracted/raw-pdftotext/fstec-configuration-2026.txt, строки 445-446): п.6.1 запрет пользователям хранить учётные данные в файлах; решение ведущего по поручению пользователя 25.09.2026 (регламент v27 §2.0); модель проверяемой системы — чистая установка поддерживаемой среды Linux, требование вычисляется без входных данных администратора (регламент v27 §2.2 п.13, 13.1).	rasav65	2026-09-25T14:07:53Z
SRC-0077	organizational	Требование адресовано организационному процессу органа (организации) и не выражается в проверяемой конфигурации операционной системы Linux.	Просмотр fstec-configuration-2026 (sources/extracted/raw-pdftotext/fstec-configuration-2026.txt, строки 447-448): п.6.2 выбор хранилища паролей; решение ведущего по поручению пользователя 25.09.2026 (регламент v27 §2.0); модель проверяемой системы — чистая установка поддерживаемой среды Linux, требование вычисляется без входных данных администратора (регламент v27 §2.2 п.13, 13.1).	rasav65	2026-09-25T14:07:53Z
SRC-0078	organizational	Требование адресовано организационному процессу органа (организации) и не выражается в проверяемой конфигурации операционной системы Linux.	Просмотр fstec-configuration-2026 (sources/extracted/raw-pdftotext/fstec-configuration-2026.txt, строки 449-450): п.6.3 учётные данные в скриптах через переменные окружения; решение ведущего по поручению пользователя 25.09.2026 (регламент v27 §2.0); модель проверяемой системы — чистая установка поддерживаемой среды Linux, требование вычисляется без входных данных администратора (регламент v27 §2.2 п.13, 13.1).	rasav65	2026-09-25T14:07:53Z
SRC-0079	organizational	Состав объектов или требуемые значения определяет администратор; требование не вычисляется из источника без входных данных администратора и не выражается в проверяемой конфигурации Linux.	Просмотр fstec-configuration-2026 (sources/extracted/raw-pdftotext/fstec-configuration-2026.txt, строки 451-514): п.6.4 ограничение доступа к файлам с учётными данными: перечень таких файлов определяет администратор; решение ведущего по поручению пользователя 25.09.2026 (регламент v27 §2.0); модель проверяемой системы — чистая установка поддерживаемой среды Linux, требование вычисляется без входных данных администратора (регламент v27 §2.2 п.13, 13.1).	rasav65	2026-09-25T14:07:53Z
SRC-0080	organizational	Требование адресовано организационному процессу органа (организации) и не выражается в проверяемой конфигурации операционной системы Linux.	Просмотр fstec-configuration-2026 (sources/extracted/raw-pdftotext/fstec-configuration-2026.txt, строки 515-517): п.6.5 периодическое сканирование репозиториев; решение ведущего по поручению пользователя 25.09.2026 (регламент v27 §2.0); модель проверяемой системы — чистая установка поддерживаемой среды Linux, требование вычисляется без входных данных администратора (регламент v27 §2.2 п.13, 13.1).	rasav65	2026-09-25T14:07:53Z
SRC-0081	organizational	Требование адресовано организационному процессу органа (организации) и не выражается в проверяемой конфигурации операционной системы Linux.	Просмотр fstec-configuration-2026 (sources/extracted/raw-pdftotext/fstec-configuration-2026.txt, строки 529-530): п.7.1 регулярный аудит открытых портов; решение ведущего по поручению пользователя 25.09.2026 (регламент v27 §2.0); модель проверяемой системы — чистая установка поддерживаемой среды Linux, требование вычисляется без входных данных администратора (регламент v27 §2.2 п.13, 13.1).	rasav65	2026-09-25T14:07:53Z
SRC-0082	organizational	Состав объектов или требуемые значения определяет администратор; требование не вычисляется из источника без входных данных администратора и не выражается в проверяемой конфигурации Linux.	Просмотр fstec-configuration-2026 (sources/extracted/raw-pdftotext/fstec-configuration-2026.txt, строки 531): п.7.2 блокировка неиспользуемых портов: перечень используемых определяет администратор; решение ведущего по поручению пользователя 25.09.2026 (регламент v27 §2.0); модель проверяемой системы — чистая установка поддерживаемой среды Linux, требование вычисляется без входных данных администратора (регламент v27 §2.2 п.13, 13.1).	rasav65	2026-09-25T14:07:53Z
SRC-0083	out-of-scope	Требование относится к межсетевому экранированию; межсетевой экран отделён от FSTEC core проекта архитектурным правилом.	Просмотр fstec-configuration-2026 (sources/extracted/raw-pdftotext/fstec-configuration-2026.txt, строки 532-533): п.7.3 политики firewalld, iptables, nftables (регламент v27 §2.2 п.5); решение ведущего по поручению пользователя 25.09.2026 (регламент v27 §2.0); модель проверяемой системы — чистая установка поддерживаемой среды Linux, требование вычисляется без входных данных администратора (регламент v27 §2.2 п.13, 13.1).	rasav65	2026-09-25T14:07:53Z
SRC-0084	organizational	Требование адресовано организационному процессу органа (организации) и не выражается в проверяемой конфигурации операционной системы Linux.	Просмотр fstec-configuration-2026 (sources/extracted/raw-pdftotext/fstec-configuration-2026.txt, строки 534-535): п.7.4 мониторинг соединений и оповещение; решение ведущего по поручению пользователя 25.09.2026 (регламент v27 §2.0); модель проверяемой системы — чистая установка поддерживаемой среды Linux, требование вычисляется без входных данных администратора (регламент v27 §2.2 п.13, 13.1).	rasav65	2026-09-25T14:07:53Z
SRC-0085	out-of-scope	Требование относится к операционной системе Windows и не применимо к поддерживаемым средам Linux.	Просмотр fstec-configuration-2026 (sources/extracted/raw-pdftotext/fstec-configuration-2026.txt, строки 540-541): п.8.1 AutoAdminLogon в реестре Windows; решение ведущего по поручению пользователя 25.09.2026 (регламент v27 §2.0); модель проверяемой системы — чистая установка поддерживаемой среды Linux, требование вычисляется без входных данных администратора (регламент v27 §2.2 п.13, 13.1).	rasav65	2026-09-25T14:07:53Z
SRC-0086	organizational	Требование адресовано организационному процессу органа (организации) и не выражается в проверяемой конфигурации операционной системы Linux.	Просмотр fstec-configuration-2026 (sources/extracted/raw-pdftotext/fstec-configuration-2026.txt, строки 542-543): п.8.2 проверка конфигурации служб удалённого доступа; решение ведущего по поручению пользователя 25.09.2026 (регламент v27 §2.0); модель проверяемой системы — чистая установка поддерживаемой среды Linux, требование вычисляется без входных данных администратора (регламент v27 §2.2 п.13, 13.1).	rasav65	2026-09-25T14:07:53Z
SRC-0087	out-of-scope	Требование относится к операционной системе Windows и не применимо к поддерживаемым средам Linux.	Просмотр fstec-configuration-2026 (sources/extracted/raw-pdftotext/fstec-configuration-2026.txt, строки 544): п.8.3 ввод пароля при входе (раздел 8 — автовход на сервере Windows); решение ведущего по поручению пользователя 25.09.2026 (регламент v27 §2.0); модель проверяемой системы — чистая установка поддерживаемой среды Linux, требование вычисляется без входных данных администратора (регламент v27 §2.2 п.13, 13.1).	rasav65	2026-09-25T14:07:53Z
SRC-0090	organizational	Состав объектов или требуемые значения определяет администратор; требование не вычисляется из источника без входных данных администратора и не выражается в проверяемой конфигурации Linux.	Просмотр fstec-configuration-2026 (sources/extracted/raw-pdftotext/fstec-configuration-2026.txt, строки 555-556): п.9.3 AllowUsers/AllowGroups: перечень пользователей и групп определяет администратор; решение ведущего по поручению пользователя 25.09.2026 (регламент v27 §2.0); модель проверяемой системы — чистая установка поддерживаемой среды Linux, требование вычисляется без входных данных администратора (регламент v27 §2.2 п.13, 13.1).	rasav65	2026-09-25T14:07:53Z
SRC-0092	organizational	Требование адресовано организационному процессу органа (организации) и не выражается в проверяемой конфигурации операционной системы Linux.	Просмотр fstec-configuration-2026 (sources/extracted/raw-pdftotext/fstec-configuration-2026.txt, строки 649-651): п.10.1 регулярный аудит прав доступа; решение ведущего по поручению пользователя 25.09.2026 (регламент v27 §2.0); модель проверяемой системы — чистая установка поддерживаемой среды Linux, требование вычисляется без входных данных администратора (регламент v27 §2.2 п.13, 13.1).	rasav65	2026-09-25T14:07:53Z
SRC-0093	organizational	Состав объектов или требуемые значения определяет администратор; требование не вычисляется из источника без входных данных администратора и не выражается в проверяемой конфигурации Linux.	Просмотр fstec-configuration-2026 (sources/extracted/raw-pdftotext/fstec-configuration-2026.txt, строки 652-653): п.10.2 принцип наименьших привилегий без заданных объектов и значений; решение ведущего по поручению пользователя 25.09.2026 (регламент v27 §2.0); модель проверяемой системы — чистая установка поддерживаемой среды Linux, требование вычисляется без входных данных администратора (регламент v27 §2.2 п.13, 13.1).	rasav65	2026-09-25T14:07:53Z
SRC-0094	organizational	Состав объектов или требуемые значения определяет администратор; требование не вычисляется из источника без входных данных администратора и не выражается в проверяемой конфигурации Linux.	Просмотр fstec-configuration-2026 (sources/extracted/raw-pdftotext/fstec-configuration-2026.txt, строки 654-655): п.10.3 ограничение доступа к файлам конфигурации, скриптам и журналам без заданных объектов и прав; решение ведущего по поручению пользователя 25.09.2026 (регламент v27 §2.0); модель проверяемой системы — чистая установка поддерживаемой среды Linux, требование вычисляется без входных данных администратора (регламент v27 §2.2 п.13, 13.1).	rasav65	2026-09-25T14:07:53Z
SRC-0095	out-of-scope	Требование относится к операционной системе Windows и не применимо к поддерживаемым средам Linux.	Просмотр fstec-configuration-2026 (sources/extracted/raw-pdftotext/fstec-configuration-2026.txt, строки 656-657): п.10.4 ACL и наследование прав по аналогии с п.5 (Windows); решение ведущего по поручению пользователя 25.09.2026 (регламент v27 §2.0); модель проверяемой системы — чистая установка поддерживаемой среды Linux, требование вычисляется без входных данных администратора (регламент v27 §2.2 п.13, 13.1).	rasav65	2026-09-25T14:07:53Z
SRC-0097	organizational	Требование адресовано организационному процессу органа (организации) и не выражается в проверяемой конфигурации операционной системы Linux.	Просмотр fstec-configuration-2026 (sources/extracted/raw-pdftotext/fstec-configuration-2026.txt, строки 680-685): п.11.1 периодическая инвентаризация служб; решение ведущего по поручению пользователя 25.09.2026 (регламент v27 §2.0); модель проверяемой системы — чистая установка поддерживаемой среды Linux, требование вычисляется без входных данных администратора (регламент v27 §2.2 п.13, 13.1).	rasav65	2026-09-25T14:07:53Z
SRC-0099	organizational	Состав объектов или требуемые значения определяет администратор; требование не вычисляется из источника без входных данных администратора и не выражается в проверяемой конфигурации Linux.	Просмотр fstec-configuration-2026 (sources/extracted/raw-pdftotext/fstec-configuration-2026.txt, строки 687-688): п.11.3 контроль запуска критичных служб: перечень определяет администратор; решение ведущего по поручению пользователя 25.09.2026 (регламент v27 §2.0); модель проверяемой системы — чистая установка поддерживаемой среды Linux, требование вычисляется без входных данных администратора (регламент v27 §2.2 п.13, 13.1).	rasav65	2026-09-25T14:07:53Z
SRC-0100	organizational	Требование адресовано организационному процессу органа (организации) и не выражается в проверяемой конфигурации операционной системы Linux.	Просмотр fstec-configuration-2026 (sources/extracted/raw-pdftotext/fstec-configuration-2026.txt, строки 689-690): п.11.4 периодический мониторинг автозагрузки; решение ведущего по поручению пользователя 25.09.2026 (регламент v27 §2.0); модель проверяемой системы — чистая установка поддерживаемой среды Linux, требование вычисляется без входных данных администратора (регламент v27 §2.2 п.13, 13.1).	rasav65	2026-09-25T14:07:53Z
SRC-0101	organizational	Требование адресовано организационному процессу органа (организации) и не выражается в проверяемой конфигурации операционной системы Linux.	Просмотр fstec-configuration-2026 (sources/extracted/raw-pdftotext/fstec-configuration-2026.txt, строки 696-751): п.12.1 периодическая инвентаризация и отключение неиспользуемых учётных записей; решение ведущего по поручению пользователя 25.09.2026 (регламент v27 §2.0); модель проверяемой системы — чистая установка поддерживаемой среды Linux, требование вычисляется без входных данных администратора (регламент v27 §2.2 п.13, 13.1).	rasav65	2026-09-25T14:07:53Z
SRC-0102	organizational	Состав объектов или требуемые значения определяет администратор; требование не вычисляется из источника без входных данных администратора и не выражается в проверяемой конфигурации Linux.	Просмотр fstec-configuration-2026 (sources/extracted/raw-pdftotext/fstec-configuration-2026.txt, строки 752): п.12.2 минимизация привилегий без заданных объектов; решение ведущего по поручению пользователя 25.09.2026 (регламент v27 §2.0); модель проверяемой системы — чистая установка поддерживаемой среды Linux, требование вычисляется без входных данных администратора (регламент v27 §2.2 п.13, 13.1).	rasav65	2026-09-25T14:07:53Z
SRC-0103	organizational	Требование адресовано организационному процессу органа (организации) и не выражается в проверяемой конфигурации операционной системы Linux.	Просмотр fstec-configuration-2026 (sources/extracted/raw-pdftotext/fstec-configuration-2026.txt, строки 753-756): п.12.3 выделенные привилегированные учётные записи; решение ведущего по поручению пользователя 25.09.2026 (регламент v27 §2.0); модель проверяемой системы — чистая установка поддерживаемой среды Linux, требование вычисляется без входных данных администратора (регламент v27 §2.2 п.13, 13.1).	rasav65	2026-09-25T14:07:53Z
SRC-0104	organizational	Требование адресовано организационному процессу управления сетевым периметром органа (организации) и не выражается в проверяемой конфигурации операционной системы Linux.	Просмотр fstec-perimeter-2026 (sources/extracted/raw-pdftotext/fstec-perimeter-2026.txt, строки 17-28): п.1.1; решение ведущего по поручению пользователя 25.09.2026 (регламент v27 §2.0); модель проверяемой системы — чистая установка поддерживаемой среды Linux, требование вычисляется без входных данных администратора (регламент v27 §2.2 п.13, 13.1).	rasav65	2026-09-25T14:07:53Z
SRC-0105	external	Требование адресовано сетевым (пограничным) устройствам и сетевой инфраструктуре вне проверяемой операционной системы Linux.	Просмотр fstec-perimeter-2026 (sources/extracted/raw-pdftotext/fstec-perimeter-2026.txt, строки 29-37): п.1.2; решение ведущего по поручению пользователя 25.09.2026 (регламент v27 §2.0); модель проверяемой системы — чистая установка поддерживаемой среды Linux, требование вычисляется без входных данных администратора (регламент v27 §2.2 п.13, 13.1).	rasav65	2026-09-25T14:07:53Z
SRC-0106	external	Требование адресовано сетевым (пограничным) устройствам и сетевой инфраструктуре вне проверяемой операционной системы Linux.	Просмотр fstec-perimeter-2026 (sources/extracted/raw-pdftotext/fstec-perimeter-2026.txt, строки 38-39): п.1.3; решение ведущего по поручению пользователя 25.09.2026 (регламент v27 §2.0); модель проверяемой системы — чистая установка поддерживаемой среды Linux, требование вычисляется без входных данных администратора (регламент v27 §2.2 п.13, 13.1).	rasav65	2026-09-25T14:07:53Z
SRC-0107	organizational	Требование адресовано организационному процессу управления сетевым периметром органа (организации) и не выражается в проверяемой конфигурации операционной системы Linux.	Просмотр fstec-perimeter-2026 (sources/extracted/raw-pdftotext/fstec-perimeter-2026.txt, строки 40-51): п.1.4; решение ведущего по поручению пользователя 25.09.2026 (регламент v27 §2.0); модель проверяемой системы — чистая установка поддерживаемой среды Linux, требование вычисляется без входных данных администратора (регламент v27 §2.2 п.13, 13.1).	rasav65	2026-09-25T14:07:53Z
SRC-0108	organizational	Требование адресовано организационному процессу управления сетевым периметром органа (организации) и не выражается в проверяемой конфигурации операционной системы Linux.	Просмотр fstec-perimeter-2026 (sources/extracted/raw-pdftotext/fstec-perimeter-2026.txt, строки 52-67): п.1.5; решение ведущего по поручению пользователя 25.09.2026 (регламент v27 §2.0); модель проверяемой системы — чистая установка поддерживаемой среды Linux, требование вычисляется без входных данных администратора (регламент v27 §2.2 п.13, 13.1).	rasav65	2026-09-25T14:07:53Z
SRC-0109	organizational	Требование адресовано организационному процессу управления сетевым периметром органа (организации) и не выражается в проверяемой конфигурации операционной системы Linux.	Просмотр fstec-perimeter-2026 (sources/extracted/raw-pdftotext/fstec-perimeter-2026.txt, строки 68-74): п.1.6; решение ведущего по поручению пользователя 25.09.2026 (регламент v27 §2.0); модель проверяемой системы — чистая установка поддерживаемой среды Linux, требование вычисляется без входных данных администратора (регламент v27 §2.2 п.13, 13.1).	rasav65	2026-09-25T14:07:53Z
SRC-0110	organizational	Требование адресовано организационному процессу управления сетевым периметром органа (организации) и не выражается в проверяемой конфигурации операционной системы Linux.	Просмотр fstec-perimeter-2026 (sources/extracted/raw-pdftotext/fstec-perimeter-2026.txt, строки 75-79): п.1.7; решение ведущего по поручению пользователя 25.09.2026 (регламент v27 §2.0); модель проверяемой системы — чистая установка поддерживаемой среды Linux, требование вычисляется без входных данных администратора (регламент v27 §2.2 п.13, 13.1).	rasav65	2026-09-25T14:07:53Z
SRC-0111	external	Требование адресовано сетевым (пограничным) устройствам и сетевой инфраструктуре вне проверяемой операционной системы Linux.	Просмотр fstec-perimeter-2026 (sources/extracted/raw-pdftotext/fstec-perimeter-2026.txt, строки 80-83): п.1.8; решение ведущего по поручению пользователя 25.09.2026 (регламент v27 §2.0); модель проверяемой системы — чистая установка поддерживаемой среды Linux, требование вычисляется без входных данных администратора (регламент v27 §2.2 п.13, 13.1).	rasav65	2026-09-25T14:07:53Z
SRC-0112	organizational	Требование адресовано организационному процессу управления сетевым периметром органа (организации) и не выражается в проверяемой конфигурации операционной системы Linux.	Просмотр fstec-perimeter-2026 (sources/extracted/raw-pdftotext/fstec-perimeter-2026.txt, строки 84-95): п.1.9; решение ведущего по поручению пользователя 25.09.2026 (регламент v27 §2.0); модель проверяемой системы — чистая установка поддерживаемой среды Linux, требование вычисляется без входных данных администратора (регламент v27 §2.2 п.13, 13.1).	rasav65	2026-09-25T14:07:53Z
SRC-0113	external	Требование адресовано сетевым (пограничным) устройствам и сетевой инфраструктуре вне проверяемой операционной системы Linux.	Просмотр fstec-perimeter-2026 (sources/extracted/raw-pdftotext/fstec-perimeter-2026.txt, строки 96-98): п.1.10; решение ведущего по поручению пользователя 25.09.2026 (регламент v27 §2.0); модель проверяемой системы — чистая установка поддерживаемой среды Linux, требование вычисляется без входных данных администратора (регламент v27 §2.2 п.13, 13.1).	rasav65	2026-09-25T14:07:53Z
SRC-0114	external	Требование адресовано сетевым (пограничным) устройствам и сетевой инфраструктуре вне проверяемой операционной системы Linux.	Просмотр fstec-perimeter-2026 (sources/extracted/raw-pdftotext/fstec-perimeter-2026.txt, строки 102-103): п.2.1; решение ведущего по поручению пользователя 25.09.2026 (регламент v27 §2.0); модель проверяемой системы — чистая установка поддерживаемой среды Linux, требование вычисляется без входных данных администратора (регламент v27 §2.2 п.13, 13.1).	rasav65	2026-09-25T14:07:53Z
SRC-0115	external	Требование адресовано сетевым (пограничным) устройствам и сетевой инфраструктуре вне проверяемой операционной системы Linux.	Просмотр fstec-perimeter-2026 (sources/extracted/raw-pdftotext/fstec-perimeter-2026.txt, строки 104-106): п.2.2; решение ведущего по поручению пользователя 25.09.2026 (регламент v27 §2.0); модель проверяемой системы — чистая установка поддерживаемой среды Linux, требование вычисляется без входных данных администратора (регламент v27 §2.2 п.13, 13.1).	rasav65	2026-09-25T14:07:53Z
SRC-0116	external	Требование адресовано сетевым (пограничным) устройствам и сетевой инфраструктуре вне проверяемой операционной системы Linux.	Просмотр fstec-perimeter-2026 (sources/extracted/raw-pdftotext/fstec-perimeter-2026.txt, строки 107-109): п.2.3; решение ведущего по поручению пользователя 25.09.2026 (регламент v27 §2.0); модель проверяемой системы — чистая установка поддерживаемой среды Linux, требование вычисляется без входных данных администратора (регламент v27 §2.2 п.13, 13.1).	rasav65	2026-09-25T14:07:53Z
SRC-0117	external	Требование адресовано сетевым (пограничным) устройствам и сетевой инфраструктуре вне проверяемой операционной системы Linux.	Просмотр fstec-perimeter-2026 (sources/extracted/raw-pdftotext/fstec-perimeter-2026.txt, строки 110-111): п.2.4; решение ведущего по поручению пользователя 25.09.2026 (регламент v27 §2.0); модель проверяемой системы — чистая установка поддерживаемой среды Linux, требование вычисляется без входных данных администратора (регламент v27 §2.2 п.13, 13.1).	rasav65	2026-09-25T14:07:53Z
SRC-0118	organizational	Требование адресовано организационному процессу управления сетевым периметром органа (организации) и не выражается в проверяемой конфигурации операционной системы Linux.	Просмотр fstec-perimeter-2026 (sources/extracted/raw-pdftotext/fstec-perimeter-2026.txt, строки 112-118): п.2.5; решение ведущего по поручению пользователя 25.09.2026 (регламент v27 §2.0); модель проверяемой системы — чистая установка поддерживаемой среды Linux, требование вычисляется без входных данных администратора (регламент v27 §2.2 п.13, 13.1).	rasav65	2026-09-25T14:07:53Z
SRC-0119	external	Требование адресовано сетевым (пограничным) устройствам и сетевой инфраструктуре вне проверяемой операционной системы Linux.	Просмотр fstec-perimeter-2026 (sources/extracted/raw-pdftotext/fstec-perimeter-2026.txt, строки 121-124): п.3.1; решение ведущего по поручению пользователя 25.09.2026 (регламент v27 §2.0); модель проверяемой системы — чистая установка поддерживаемой среды Linux, требование вычисляется без входных данных администратора (регламент v27 §2.2 п.13, 13.1).	rasav65	2026-09-25T14:07:53Z
SRC-0120	external	Требование адресовано сетевым (пограничным) устройствам и сетевой инфраструктуре вне проверяемой операционной системы Linux.	Просмотр fstec-perimeter-2026 (sources/extracted/raw-pdftotext/fstec-perimeter-2026.txt, строки 125-128): п.3.2; решение ведущего по поручению пользователя 25.09.2026 (регламент v27 §2.0); модель проверяемой системы — чистая установка поддерживаемой среды Linux, требование вычисляется без входных данных администратора (регламент v27 §2.2 п.13, 13.1).	rasav65	2026-09-25T14:07:53Z
SRC-0121	external	Требование адресовано сетевым (пограничным) устройствам и сетевой инфраструктуре вне проверяемой операционной системы Linux.	Просмотр fstec-perimeter-2026 (sources/extracted/raw-pdftotext/fstec-perimeter-2026.txt, строки 129): п.3.3; решение ведущего по поручению пользователя 25.09.2026 (регламент v27 §2.0); модель проверяемой системы — чистая установка поддерживаемой среды Linux, требование вычисляется без входных данных администратора (регламент v27 §2.2 п.13, 13.1).	rasav65	2026-09-25T14:07:53Z
SRC-0122	external	Требование адресовано сетевым (пограничным) устройствам и сетевой инфраструктуре вне проверяемой операционной системы Linux.	Просмотр fstec-perimeter-2026 (sources/extracted/raw-pdftotext/fstec-perimeter-2026.txt, строки 130-132): п.3.4; решение ведущего по поручению пользователя 25.09.2026 (регламент v27 §2.0); модель проверяемой системы — чистая установка поддерживаемой среды Linux, требование вычисляется без входных данных администратора (регламент v27 §2.2 п.13, 13.1).	rasav65	2026-09-25T14:07:53Z
SRC-0123	external	Требование адресовано сетевым (пограничным) устройствам и сетевой инфраструктуре вне проверяемой операционной системы Linux.	Просмотр fstec-perimeter-2026 (sources/extracted/raw-pdftotext/fstec-perimeter-2026.txt, строки 133-141): п.3.5; решение ведущего по поручению пользователя 25.09.2026 (регламент v27 §2.0); модель проверяемой системы — чистая установка поддерживаемой среды Linux, требование вычисляется без входных данных администратора (регламент v27 §2.2 п.13, 13.1).	rasav65	2026-09-25T14:07:53Z
SRC-0124	organizational	Требование адресовано организационному процессу управления сетевым периметром органа (организации) и не выражается в проверяемой конфигурации операционной системы Linux.	Просмотр fstec-perimeter-2026 (sources/extracted/raw-pdftotext/fstec-perimeter-2026.txt, строки 142-147): п.4.1; решение ведущего по поручению пользователя 25.09.2026 (регламент v27 §2.0); модель проверяемой системы — чистая установка поддерживаемой среды Linux, требование вычисляется без входных данных администратора (регламент v27 §2.2 п.13, 13.1).	rasav65	2026-09-25T14:07:53Z
SRC-0125	organizational	Требование адресовано организационному процессу управления сетевым периметром органа (организации) и не выражается в проверяемой конфигурации операционной системы Linux.	Просмотр fstec-perimeter-2026 (sources/extracted/raw-pdftotext/fstec-perimeter-2026.txt, строки 148-160): п.4.2; решение ведущего по поручению пользователя 25.09.2026 (регламент v27 §2.0); модель проверяемой системы — чистая установка поддерживаемой среды Linux, требование вычисляется без входных данных администратора (регламент v27 §2.2 п.13, 13.1).	rasav65	2026-09-25T14:07:53Z
SRC-0126	organizational	Требование адресовано организационному процессу управления сетевым периметром органа (организации) и не выражается в проверяемой конфигурации операционной системы Linux.	Просмотр fstec-perimeter-2026 (sources/extracted/raw-pdftotext/fstec-perimeter-2026.txt, строки 161-162): п.4.3; решение ведущего по поручению пользователя 25.09.2026 (регламент v27 §2.0); модель проверяемой системы — чистая установка поддерживаемой среды Linux, требование вычисляется без входных данных администратора (регламент v27 §2.2 п.13, 13.1).	rasav65	2026-09-25T14:07:53Z
SRC-0127	organizational	Требование адресовано организационному процессу управления сетевым периметром органа (организации) и не выражается в проверяемой конфигурации операционной системы Linux.	Просмотр fstec-perimeter-2026 (sources/extracted/raw-pdftotext/fstec-perimeter-2026.txt, строки 163-164): п.4.4; решение ведущего по поручению пользователя 25.09.2026 (регламент v27 §2.0); модель проверяемой системы — чистая установка поддерживаемой среды Linux, требование вычисляется без входных данных администратора (регламент v27 §2.2 п.13, 13.1).	rasav65	2026-09-25T14:07:53Z
SRC-0128	organizational	Требование адресовано организационному процессу управления сетевым периметром органа (организации) и не выражается в проверяемой конфигурации операционной системы Linux.	Просмотр fstec-perimeter-2026 (sources/extracted/raw-pdftotext/fstec-perimeter-2026.txt, строки 165-171): п.4.5; решение ведущего по поручению пользователя 25.09.2026 (регламент v27 §2.0); модель проверяемой системы — чистая установка поддерживаемой среды Linux, требование вычисляется без входных данных администратора (регламент v27 §2.2 п.13, 13.1).	rasav65	2026-09-25T14:07:53Z
SRC-0129	organizational	Требование адресовано организационному процессу управления сетевым периметром органа (организации) и не выражается в проверяемой конфигурации операционной системы Linux.	Просмотр fstec-perimeter-2026 (sources/extracted/raw-pdftotext/fstec-perimeter-2026.txt, строки 172-173): п.4.6; решение ведущего по поручению пользователя 25.09.2026 (регламент v27 §2.0); модель проверяемой системы — чистая установка поддерживаемой среды Linux, требование вычисляется без входных данных администратора (регламент v27 §2.2 п.13, 13.1).	rasav65	2026-09-25T14:07:53Z
SRC-0130	organizational	Требование адресовано организационному процессу управления сетевым периметром органа (организации) и не выражается в проверяемой конфигурации операционной системы Linux.	Просмотр fstec-perimeter-2026 (sources/extracted/raw-pdftotext/fstec-perimeter-2026.txt, строки 174-183): п.5.1; решение ведущего по поручению пользователя 25.09.2026 (регламент v27 §2.0); модель проверяемой системы — чистая установка поддерживаемой среды Linux, требование вычисляется без входных данных администратора (регламент v27 §2.2 п.13, 13.1).	rasav65	2026-09-25T14:07:53Z
SRC-0131	organizational	Требование адресовано организационному процессу управления сетевым периметром органа (организации) и не выражается в проверяемой конфигурации операционной системы Linux.	Просмотр fstec-perimeter-2026 (sources/extracted/raw-pdftotext/fstec-perimeter-2026.txt, строки 184-189): п.5.2; решение ведущего по поручению пользователя 25.09.2026 (регламент v27 §2.0); модель проверяемой системы — чистая установка поддерживаемой среды Linux, требование вычисляется без входных данных администратора (регламент v27 §2.2 п.13, 13.1).	rasav65	2026-09-25T14:07:53Z
SRC-0132	external	Требование адресовано сетевым (пограничным) устройствам и сетевой инфраструктуре вне проверяемой операционной системы Linux.	Просмотр fstec-perimeter-2026 (sources/extracted/raw-pdftotext/fstec-perimeter-2026.txt, строки 196-198): п.6.1; решение ведущего по поручению пользователя 25.09.2026 (регламент v27 §2.0); модель проверяемой системы — чистая установка поддерживаемой среды Linux, требование вычисляется без входных данных администратора (регламент v27 §2.2 п.13, 13.1).	rasav65	2026-09-25T14:07:53Z
SRC-0133	external	Требование адресовано сетевым (пограничным) устройствам и сетевой инфраструктуре вне проверяемой операционной системы Linux.	Просмотр fstec-perimeter-2026 (sources/extracted/raw-pdftotext/fstec-perimeter-2026.txt, строки 199-205): п.6.2; решение ведущего по поручению пользователя 25.09.2026 (регламент v27 §2.0); модель проверяемой системы — чистая установка поддерживаемой среды Linux, требование вычисляется без входных данных администратора (регламент v27 §2.2 п.13, 13.1).	rasav65	2026-09-25T14:07:53Z
SRC-0134	organizational	Требование адресовано организационному процессу управления сетевым периметром органа (организации) и не выражается в проверяемой конфигурации операционной системы Linux.	Просмотр fstec-perimeter-2026 (sources/extracted/raw-pdftotext/fstec-perimeter-2026.txt, строки 209-211): п.6.3; решение ведущего по поручению пользователя 25.09.2026 (регламент v27 §2.0); модель проверяемой системы — чистая установка поддерживаемой среды Linux, требование вычисляется без входных данных администратора (регламент v27 §2.2 п.13, 13.1).	rasav65	2026-09-25T14:07:53Z
SRC-0135	organizational	Требование адресовано организационному процессу управления сетевым периметром органа (организации) и не выражается в проверяемой конфигурации операционной системы Linux.	Просмотр fstec-perimeter-2026 (sources/extracted/raw-pdftotext/fstec-perimeter-2026.txt, строки 212-218): п.7.1; решение ведущего по поручению пользователя 25.09.2026 (регламент v27 §2.0); модель проверяемой системы — чистая установка поддерживаемой среды Linux, требование вычисляется без входных данных администратора (регламент v27 §2.2 п.13, 13.1).	rasav65	2026-09-25T14:07:53Z
SRC-0136	organizational	Требование адресовано организационному процессу управления сетевым периметром органа (организации) и не выражается в проверяемой конфигурации операционной системы Linux.	Просмотр fstec-perimeter-2026 (sources/extracted/raw-pdftotext/fstec-perimeter-2026.txt, строки 219-256): п.7.2; решение ведущего по поручению пользователя 25.09.2026 (регламент v27 §2.0); модель проверяемой системы — чистая установка поддерживаемой среды Linux, требование вычисляется без входных данных администратора (регламент v27 §2.2 п.13, 13.1).	rasav65	2026-09-25T14:07:53Z
SRC-0137	organizational	Требование адресовано организационному процессу управления сетевым периметром органа (организации) и не выражается в проверяемой конфигурации операционной системы Linux.	Просмотр fstec-perimeter-2026 (sources/extracted/raw-pdftotext/fstec-perimeter-2026.txt, строки 257-269): п.7.3; решение ведущего по поручению пользователя 25.09.2026 (регламент v27 §2.0); модель проверяемой системы — чистая установка поддерживаемой среды Linux, требование вычисляется без входных данных администратора (регламент v27 §2.2 п.13, 13.1).	rasav65	2026-09-25T14:07:53Z
SRC-0138	organizational	Требование адресовано организационному процессу управления сетевым периметром органа (организации) и не выражается в проверяемой конфигурации операционной системы Linux.	Просмотр fstec-perimeter-2026 (sources/extracted/raw-pdftotext/fstec-perimeter-2026.txt, строки 270-279): п.8; решение ведущего по поручению пользователя 25.09.2026 (регламент v27 §2.0); модель проверяемой системы — чистая установка поддерживаемой среды Linux, требование вычисляется без входных данных администратора (регламент v27 §2.2 п.13, 13.1).	rasav65	2026-09-25T14:07:53Z
