index_id	source_id	source_file	source_sha256	source_role	unit_kind	locator	raw_match_line	text_quality	quote_anchor_ready	status	disposition	reason	note
SRC-0001	fstec-linux-2022	fstec-linux-2022.pdf	350f00669436b1d505499b41f1f069bde335e5845441f8985209e1844620967d	technical-core	numbered-position	2.1.1	101	recovered-glyph-map-v1	YES	CLOSED			Quote-anchor text source: sources/recovered-v1/norm-v1/fstec-linux-2022.txt | Closed by atomic-single local-account-password-state control v2. Local account population comes from /etc/passwd and password/lock state from /etc/shadow; empty password field is FAIL. Missing, duplicate, malformed, NUL- or CR-bearing passwd/shadow input fails closed as ERROR.
SRC-0002	fstec-linux-2022	fstec-linux-2022.pdf	350f00669436b1d505499b41f1f069bde335e5845441f8985209e1844620967d	technical-core	numbered-position	2.1.2	110	recovered-glyph-map-v1	YES	CLOSED			Gate-1 quote block lifted by glyph-ID recovery v1 (RECOVERY-MANIFEST.tsv). | Quote-anchor text source: sources/recovered-v1/norm-v1/fstec-linux-2022.txt | Closed by atomic-single FSTEC-LINUX-2022-2.1.2-SSH-ROOT-LOGIN: source-exact PermitRootLogin=no in main /etc/ssh/sshd_config plus read-only sshd syntax/effective-config validation; Include/duplicate/Match ambiguity fails closed.
SRC-0003	fstec-linux-2022	fstec-linux-2022.pdf	350f00669436b1d505499b41f1f069bde335e5845441f8985209e1844620967d	technical-core	numbered-position	2.2.1	117	recovered-glyph-map-v1	YES	CLOSED			Quote-anchor text source: sources/recovered-v1/norm-v1/fstec-linux-2022.txt | Closed by atomic-single pam-wheel-access v2: source-exact auth required pam_wheel.so use_uid, one local wheel record with literal GID 10, root mandatory and additional members exactly bound to /etc/securelinux-policy/wheel-users.allowlist-v1. Leading '-' on PAM type is normalized for stack-semantics analysis; group password field is not a source predicate.
SRC-0004	fstec-linux-2022	fstec-linux-2022.pdf	350f00669436b1d505499b41f1f069bde335e5845441f8985209e1844620967d	technical-core	numbered-position	2.2.2	122	recovered-glyph-map-v1	YES	CLOSED			Gate-1 quote block lifted by glyph-ID recovery v1 (RECOVERY-MANIFEST.tsv). | Quote-anchor text source: sources/recovered-v1/norm-v1/fstec-linux-2022.txt | Closed by atomic-single FSTEC-LINUX-2022-2.2.2-SUDOERS-REVIEWED-POLICY: active /etc/sudoers policy tree is validated by visudo and its exact pathset/bytes must match explicit reviewed local authority /etc/securelinux-policy/sudoers-reviewed-policy-v1; approved users/commands are not inferred from groups, environment, donor or VM defaults. Any policy drift is FAIL; authority/closure/visudo ambiguity is ERROR.
SRC-0005	fstec-linux-2022	fstec-linux-2022.pdf	350f00669436b1d505499b41f1f069bde335e5845441f8985209e1844620967d	technical-core	numbered-position	2.3.1	129	recovered-glyph-map-v1	YES	CLOSED			Quote-anchor text source: sources/recovered-v1/norm-v1/fstec-linux-2022.txt | Closed by exact-control-set for regular-file targets /etc/passwd, /etc/group and /etc/shadow. Matching numeric mode on a directory/special object cannot satisfy a file requirement; dereferenced final object must be regular.
SRC-0006	fstec-linux-2022	fstec-linux-2022.pdf	350f00669436b1d505499b41f1f069bde335e5845441f8985209e1844620967d	technical-core	numbered-position	2.3.2	137	recovered-glyph-map-v1	YES	CLOSED			Quote-anchor text source: sources/recovered-v1/norm-v1/fstec-linux-2022.txt | Closed by atomic-single FSTEC-LINUX-2022-2.3.2-RUNNING-PROCESS-PATHS-WRITE-PROTECTION: dynamic current-process executable/library population is observed from /proc with PID-identity recheck; exact file go-w is checked read-only; parent effective-write semantics require wx, with definite non-root-owner/other wx => FAIL and group-class wx ambiguity => ERROR rather than false FAIL.
SRC-0007	fstec-linux-2022	fstec-linux-2022.pdf	350f00669436b1d505499b41f1f069bde335e5845441f8985209e1844620967d	technical-core	numbered-position	2.3.3	143	recovered-glyph-map-v1	YES	CLOSED			Gate-1 quote block lifted by glyph-ID recovery v1 (RECOVERY-MANIFEST.tsv). | Quote-anchor text source: sources/recovered-v1/norm-v1/fstec-linux-2022.txt | Closed by atomic-single FSTEC-LINUX-2022-2.3.3-CRON-COMMAND-PATHS-WRITE-PROTECTION: active system/user cron definitions are parsed read-only; every directly resolved command target and executable run-parts member must have group/other write bits clear; unsupported shell/PATH/source ambiguity or snapshot drift is ERROR.
SRC-0008	fstec-linux-2022	fstec-linux-2022.pdf	350f00669436b1d505499b41f1f069bde335e5845441f8985209e1844620967d	technical-core	numbered-position	2.3.4	149	recovered-glyph-map-v1	YES	CLOSED			Quote-anchor text source: sources/recovered-v1/norm-v1/fstec-linux-2022.txt | Exact pinned inline page-furniture token 4 is removed by source boundary handling. Closed by atomic-single FSTEC-LINUX-2022-2.3.4-SUDO-ROOT-COMMAND-FILES-PROTECTION over deterministically applicable reviewed sudoers command targets; ambiguous host/membership/negation scope fails closed. Defaults runas_default is treated as applicability ambiguity (ERROR), not silently assumed root. Command NOTBEFORE/NOTAFTER windows and explicit case_insensitive_user Defaults overrides are applicability-sensitive and fail closed as ERROR.
SRC-0009	fstec-linux-2022	fstec-linux-2022.pdf	350f00669436b1d505499b41f1f069bde335e5845441f8985209e1844620967d	technical-core	numbered-position	2.3.5	159	recovered-glyph-map-v1	YES	CLOSED			Gate-1 quote block lifted by glyph-ID recovery v1 (RECOVERY-MANIFEST.tsv). | Quote-anchor text source: sources/recovered-v1/norm-v1/fstec-linux-2022.txt | Closed by atomic-single FSTEC-LINUX-2022-2.3.5-STARTUP-FILES-WRITE-PROTECTION: direct file-like entries in /etc/rc0.d through /etc/rc6.d and direct *.service unit files from systemd unit load paths are checked read-only for other-write bit 0002 clear. Unit-root aliases and regular targets are deduplicated; masked units resolving to /dev/null are markers, while dangling/special/discovery/snapshot ambiguity is ERROR.
SRC-0010	fstec-linux-2022	fstec-linux-2022.pdf	350f00669436b1d505499b41f1f069bde335e5845441f8985209e1844620967d	technical-core	numbered-position	2.3.6	162	recovered-glyph-map-v1	YES	CLOSED			Closed by exact-control-set of six optional system-cron roots. Each root uses source-exact go-wx check as bits-clear 0033; directory population is root + direct regular files, while nested directories/symlinks/special entries or incomplete traversal fail closed as ERROR. Missing listed root is allowed by source. | Quote-anchor text source: sources/recovered-v1/norm-v1/fstec-linux-2022.txt
SRC-0011	fstec-linux-2022	fstec-linux-2022.pdf	350f00669436b1d505499b41f1f069bde335e5845441f8985209e1844620967d	technical-core	numbered-position	2.3.7	174	recovered-glyph-map-v1	YES	CLOSED			Closed by atomic-single user-cron-files-mode v2 control. Population: direct regular non-symlink per-user crontab files under canonical /var/spool/cron/crontabs only; the parent /var/spool/cron is not a population root, so unrelated parent objects and atd siblings cannot be misclassified. Exact chmod go-w maps to bits-clear 0022; ambiguity at admitted direct entries is ERROR. | Quote-anchor text source: sources/recovered-v1/norm-v1/fstec-linux-2022.txt
SRC-0012	fstec-linux-2022	fstec-linux-2022.pdf	350f00669436b1d505499b41f1f069bde335e5845441f8985209e1844620967d	technical-core	numbered-position	2.3.8	176	recovered-glyph-map-v1	YES	CLOSED			Quote-anchor text source: sources/recovered-v1/norm-v1/fstec-linux-2022.txt | Closed by standard-system-paths-mode v2. Executable population includes only regular targets with at least one execute bit under canonical roots plus every absolute root-PATH entry; library roots include /lib,/lib64,/usr/lib,/usr/lib64,/usr/local/lib,/usr/local/lib64; current-kernel modules use /lib/modules/<uname-r>. Numeric bits-clear 0022 remains explicitly derived.
SRC-0013	fstec-linux-2022	fstec-linux-2022.pdf	350f00669436b1d505499b41f1f069bde335e5845441f8985209e1844620967d	technical-core	numbered-position	2.3.9	183	recovered-glyph-map-v1	YES	CLOSED			Quote-anchor text source: sources/recovered-v1/norm-v1/fstec-linux-2022.txt | Closed by exact-control-set over all non-pseudo mounted-filesystem SUID/SGID regular files, including nosuid mounts. MODE requires bits-clear 0022; ALLOWLIST independently checks absence of unapproved applications via explicit local authority; observation/authority ambiguity fails closed.
SRC-0014	fstec-linux-2022	fstec-linux-2022.pdf	350f00669436b1d505499b41f1f069bde335e5845441f8985209e1844620967d	technical-core	numbered-position	2.3.10	191	recovered-glyph-map-v1	YES	CLOSED			Quote-anchor text source: sources/recovered-v1/norm-v1/fstec-linux-2022.txt | Closed by home-sensitive-files-mode v2 over direct (mindepth=1,maxdepth=1) entries of /home, including service/system home directories (decision 23.09.2026, supersedes the /etc/passwd-based population; /etc/passwd is not read). Checked names are a closed built-in set: the eight literal examples plus common shell basenames (Bash/zsh/ksh/mksh/csh/tcsh/xonsh), direct entries of each home only; no authority file is read and files below the first level of a home are out of scope (decision 23.09.2026, step (b)); broad *rc/*env matching is forbidden.
SRC-0015	fstec-linux-2022	fstec-linux-2022.pdf	350f00669436b1d505499b41f1f069bde335e5845441f8985209e1844620967d	technical-core	numbered-position	2.3.11	200	recovered-glyph-map-v1	YES	CLOSED			Quote-anchor text source: sources/recovered-v1/norm-v1/fstec-linux-2022.txt | Closed by home-directories-mode v2 over all syntactically valid local /etc/passwd accounts with absolute home paths, including service/system accounts. Each existing real home directory must have exact mode 0700; absent path is not a mode violation; symlink/non-directory/malformed input fails closed.
SRC-0016	fstec-linux-2022	fstec-linux-2022.pdf	350f00669436b1d505499b41f1f069bde335e5845441f8985209e1844620967d	technical-core	numbered-position	2.4.1	205	recovered-glyph-map-v1	YES	CLOSED			Gate-1 quote block lifted by glyph-ID recovery v1 (RECOVERY-MANIFEST.tsv). | Quote-anchor text source: sources/recovered-v1/norm-v1/fstec-linux-2022.txt | Step 5 sysctl pilot: represented by FSTEC-LINUX-2022-2.4.1-DMESG-RESTRICT.
SRC-0017	fstec-linux-2022	fstec-linux-2022.pdf	350f00669436b1d505499b41f1f069bde335e5845441f8985209e1844620967d	technical-core	numbered-position	2.4.2	209	recovered-glyph-map-v1	YES	CLOSED			Gate-1 quote block lifted by glyph-ID recovery v1 (RECOVERY-MANIFEST.tsv). | Quote-anchor text source: sources/recovered-v1/norm-v1/fstec-linux-2022.txt | Step 5 sysctl pilot: represented by FSTEC-LINUX-2022-2.4.2-KPTR-RESTRICT.
SRC-0018	fstec-linux-2022	fstec-linux-2022.pdf	350f00669436b1d505499b41f1f069bde335e5845441f8985209e1844620967d	technical-core	numbered-position	2.4.3	211	recovered-glyph-map-v1	YES	CLOSED			Gate-1 quote block lifted by glyph-ID recovery v1 (RECOVERY-MANIFEST.tsv). | Quote-anchor text source: sources/recovered-v1/norm-v1/fstec-linux-2022.txt
SRC-0019	fstec-linux-2022	fstec-linux-2022.pdf	350f00669436b1d505499b41f1f069bde335e5845441f8985209e1844620967d	technical-core	numbered-position	2.4.4	221	recovered-glyph-map-v1	YES	CLOSED			Gate-1 quote block lifted by glyph-ID recovery v1 (RECOVERY-MANIFEST.tsv). | Quote-anchor text source: sources/recovered-v1/norm-v1/fstec-linux-2022.txt
SRC-0020	fstec-linux-2022	fstec-linux-2022.pdf	350f00669436b1d505499b41f1f069bde335e5845441f8985209e1844620967d	technical-core	numbered-position	2.4.5	224	recovered-glyph-map-v1	YES	CLOSED			Gate-1 quote block lifted by glyph-ID recovery v1 (RECOVERY-MANIFEST.tsv). | Quote-anchor text source: sources/recovered-v1/norm-v1/fstec-linux-2022.txt
SRC-0021	fstec-linux-2022	fstec-linux-2022.pdf	350f00669436b1d505499b41f1f069bde335e5845441f8985209e1844620967d	technical-core	numbered-position	2.4.6	229	recovered-glyph-map-v1	YES	CLOSED			Gate-1 quote block lifted by glyph-ID recovery v1 (RECOVERY-MANIFEST.tsv). | Quote-anchor text source: sources/recovered-v1/norm-v1/fstec-linux-2022.txt
SRC-0022	fstec-linux-2022	fstec-linux-2022.pdf	350f00669436b1d505499b41f1f069bde335e5845441f8985209e1844620967d	technical-core	numbered-position	2.4.7	233	recovered-glyph-map-v1	YES	CLOSED			Gate-1 quote block lifted by glyph-ID recovery v1 (RECOVERY-MANIFEST.tsv). | Quote-anchor text source: sources/recovered-v1/norm-v1/fstec-linux-2022.txt
SRC-0023	fstec-linux-2022	fstec-linux-2022.pdf	350f00669436b1d505499b41f1f069bde335e5845441f8985209e1844620967d	technical-core	numbered-position	2.4.8	236	recovered-glyph-map-v1	YES	CLOSED			Gate-1 quote block lifted by glyph-ID recovery v1 (RECOVERY-MANIFEST.tsv). | Quote-anchor text source: sources/recovered-v1/norm-v1/fstec-linux-2022.txt | Step 5 sysctl pilot: represented by FSTEC-LINUX-2022-2.4.8-BPF-JIT-HARDEN.
SRC-0024	fstec-linux-2022	fstec-linux-2022.pdf	350f00669436b1d505499b41f1f069bde335e5845441f8985209e1844620967d	technical-core	numbered-position	2.5.1	243	recovered-glyph-map-v1	YES	CLOSED			Gate-1 quote block lifted by glyph-ID recovery v1 (RECOVERY-MANIFEST.tsv). | Quote-anchor text source: sources/recovered-v1/norm-v1/fstec-linux-2022.txt
SRC-0025	fstec-linux-2022	fstec-linux-2022.pdf	350f00669436b1d505499b41f1f069bde335e5845441f8985209e1844620967d	technical-core	numbered-position	2.5.2	248	recovered-glyph-map-v1	YES	CLOSED			Gate-1 quote block lifted by glyph-ID recovery v1 (RECOVERY-MANIFEST.tsv). | Quote-anchor text source: sources/recovered-v1/norm-v1/fstec-linux-2022.txt | Step 5 sysctl pilot: represented by FSTEC-LINUX-2022-2.5.2-PERF-EVENT-PARANOID.
SRC-0026	fstec-linux-2022	fstec-linux-2022.pdf	350f00669436b1d505499b41f1f069bde335e5845441f8985209e1844620967d	technical-core	numbered-position	2.5.3	251	recovered-glyph-map-v1	YES	CLOSED			Gate-1 quote block lifted by glyph-ID recovery v1 (RECOVERY-MANIFEST.tsv). | Quote-anchor text source: sources/recovered-v1/norm-v1/fstec-linux-2022.txt | Closed by FSTEC-LINUX-2022-2.5.3-DEBUGFS; source baseline no-mount and preferred off are represented as ordered kernel-cmdline one-of 'off|no-mount'; both listed values are compliant and the adapter does not infer kernel support for the preferred value.
SRC-0027	fstec-linux-2022	fstec-linux-2022.pdf	350f00669436b1d505499b41f1f069bde335e5845441f8985209e1844620967d	technical-core	numbered-position	2.5.4	255	recovered-glyph-map-v1	YES	CLOSED			Gate-1 quote block lifted by glyph-ID recovery v1 (RECOVERY-MANIFEST.tsv). | Quote-anchor text source: sources/recovered-v1/norm-v1/fstec-linux-2022.txt | Step 5 sysctl pilot: represented by FSTEC-LINUX-2022-2.5.4-KEXEC-LOAD-DISABLED.
SRC-0028	fstec-linux-2022	fstec-linux-2022.pdf	350f00669436b1d505499b41f1f069bde335e5845441f8985209e1844620967d	technical-core	numbered-position	2.5.5	258	recovered-glyph-map-v1	YES	CLOSED			Gate-1 quote block lifted by glyph-ID recovery v1 (RECOVERY-MANIFEST.tsv). | Quote-anchor text source: sources/recovered-v1/norm-v1/fstec-linux-2022.txt | Corpus expansion 2026-08-19: represented by FSTEC-LINUX-2022-2.5.5-MAX-USER-NAMESPACES.
SRC-0029	fstec-linux-2022	fstec-linux-2022.pdf	350f00669436b1d505499b41f1f069bde335e5845441f8985209e1844620967d	technical-core	numbered-position	2.5.6	264	recovered-glyph-map-v1	YES	CLOSED			Gate-1 quote block lifted by glyph-ID recovery v1 (RECOVERY-MANIFEST.tsv). | Quote-anchor text source: sources/recovered-v1/norm-v1/fstec-linux-2022.txt | Corpus expansion 2026-08-19: represented by FSTEC-LINUX-2022-2.5.6-UNPRIVILEGED-BPF-DISABLED.
SRC-0030	fstec-linux-2022	fstec-linux-2022.pdf	350f00669436b1d505499b41f1f069bde335e5845441f8985209e1844620967d	technical-core	numbered-position	2.5.7	274	recovered-glyph-map-v1	YES	CLOSED			Quote-anchor text source: sources/recovered-v1/norm-v1/fstec-linux-2022.txt | Closed by atomic-single exact sysctl control.
SRC-0031	fstec-linux-2022	fstec-linux-2022.pdf	350f00669436b1d505499b41f1f069bde335e5845441f8985209e1844620967d	technical-core	numbered-position	2.5.8	276	recovered-glyph-map-v1	YES	CLOSED			Quote-anchor text source: sources/recovered-v1/norm-v1/fstec-linux-2022.txt | Closed by atomic-single exact sysctl control.
SRC-0032	fstec-linux-2022	fstec-linux-2022.pdf	350f00669436b1d505499b41f1f069bde335e5845441f8985209e1844620967d	technical-core	numbered-position	2.5.9	279	recovered-glyph-map-v1	YES	CLOSED			Gate-1 quote block lifted by glyph-ID recovery v1 (RECOVERY-MANIFEST.tsv). | Quote-anchor text source: sources/recovered-v1/norm-v1/fstec-linux-2022.txt
SRC-0033	fstec-linux-2022	fstec-linux-2022.pdf	350f00669436b1d505499b41f1f069bde335e5845441f8985209e1844620967d	technical-core	numbered-position	2.5.10	282	recovered-glyph-map-v1	YES	CLOSED			Closed by FSTEC-LINUX-2022-2.5.10-MMAP-MIN-ADDR. Source lower bound '4096 or greater' is represented exactly as sysctl ge 4096; eq substitution is forbidden. | Quote-anchor text source: sources/recovered-v1/norm-v1/fstec-linux-2022.txt
SRC-0034	fstec-linux-2022	fstec-linux-2022.pdf	350f00669436b1d505499b41f1f069bde335e5845441f8985209e1844620967d	technical-core	numbered-position	2.5.11	286	recovered-glyph-map-v1	YES	CLOSED			Quote-anchor text source: sources/recovered-v1/norm-v1/fstec-linux-2022.txt | Closed by exact two-control set: sysctl kernel.randomize_va_space=2 plus explicit local TESTED-BEFORE-USE attestation; the product authority represents the source procedural qualifier without inventing a FSTEC test method.
SRC-0035	fstec-linux-2022	fstec-linux-2022.pdf	350f00669436b1d505499b41f1f069bde335e5845441f8985209e1844620967d	technical-core	numbered-position	2.6.1	297	recovered-glyph-map-v1	YES	CLOSED			Gate-1 quote block lifted by glyph-ID recovery v1 (RECOVERY-MANIFEST.tsv). | Quote-anchor text source: sources/recovered-v1/norm-v1/fstec-linux-2022.txt | Corpus expansion 2026-08-19: represented by FSTEC-LINUX-2022-2.6.1-PTRACE-SCOPE.
SRC-0036	fstec-linux-2022	fstec-linux-2022.pdf	350f00669436b1d505499b41f1f069bde335e5845441f8985209e1844620967d	technical-core	numbered-position	2.6.2	299	recovered-glyph-map-v1	YES	CLOSED			Quote-anchor text source: sources/recovered-v1/norm-v1/fstec-linux-2022.txt | Closed by atomic-single exact sysctl control.
SRC-0037	fstec-linux-2022	fstec-linux-2022.pdf	350f00669436b1d505499b41f1f069bde335e5845441f8985209e1844620967d	technical-core	numbered-position	2.6.3	304	recovered-glyph-map-v1	YES	CLOSED			Quote-anchor text source: sources/recovered-v1/norm-v1/fstec-linux-2022.txt | Closed by atomic-single exact sysctl control.
SRC-0038	fstec-linux-2022	fstec-linux-2022.pdf	350f00669436b1d505499b41f1f069bde335e5845441f8985209e1844620967d	technical-core	numbered-position	2.6.4	309	recovered-glyph-map-v1	YES	CLOSED			Quote-anchor text source: sources/recovered-v1/norm-v1/fstec-linux-2022.txt | Closed by atomic-single exact sysctl control.
SRC-0039	fstec-linux-2022	fstec-linux-2022.pdf	350f00669436b1d505499b41f1f069bde335e5845441f8985209e1844620967d	technical-core	numbered-position	2.6.5	313	recovered-glyph-map-v1	YES	CLOSED			Quote-anchor text source: sources/recovered-v1/norm-v1/fstec-linux-2022.txt | Closed by atomic-single exact sysctl control.
SRC-0040	fstec-linux-2022	fstec-linux-2022.pdf	350f00669436b1d505499b41f1f069bde335e5845441f8985209e1844620967d	technical-core	numbered-position	2.6.6	317	recovered-glyph-map-v1	YES	CLOSED			Quote-anchor text source: sources/recovered-v1/norm-v1/fstec-linux-2022.txt | Terminal PDF rule-line removed by exact source-specific EOF furniture rule; closed by atomic-single exact sysctl control.
SRC-0041	fstec-logging-2025	fstec-logging-2025.pdf	2db44a4eebf1ec87986e0aea43f7b1c907e4ef21c052f01a2879e6d458a28a64	technical-core	general-numbered-position	main:1	10	readable	YES	OPEN			
SRC-0042	fstec-logging-2025	fstec-logging-2025.pdf	2db44a4eebf1ec87986e0aea43f7b1c907e4ef21c052f01a2879e6d458a28a64	technical-core	general-numbered-position	main:2	22	readable	YES	OPEN			
SRC-0043	fstec-logging-2025	fstec-logging-2025.pdf	2db44a4eebf1ec87986e0aea43f7b1c907e4ef21c052f01a2879e6d458a28a64	technical-core	general-numbered-position	main:3	26	readable	YES	OPEN			
SRC-0044	fstec-logging-2025	fstec-logging-2025.pdf	2db44a4eebf1ec87986e0aea43f7b1c907e4ef21c052f01a2879e6d458a28a64	technical-core	general-numbered-position	main:4	40	readable	YES	OPEN			
SRC-0045	fstec-logging-2025	fstec-logging-2025.pdf	2db44a4eebf1ec87986e0aea43f7b1c907e4ef21c052f01a2879e6d458a28a64	technical-core	general-numbered-position	main:5	55	readable	YES	OPEN			
SRC-0046	fstec-logging-2025	fstec-logging-2025.pdf	2db44a4eebf1ec87986e0aea43f7b1c907e4ef21c052f01a2879e6d458a28a64	technical-core	general-numbered-position	main:6	57	readable	YES	OPEN			
SRC-0047	fstec-logging-2025	fstec-logging-2025.pdf	2db44a4eebf1ec87986e0aea43f7b1c907e4ef21c052f01a2879e6d458a28a64	technical-core	general-numbered-position	main:7	59	readable	YES	OPEN			
SRC-0048	fstec-logging-2025	fstec-logging-2025.pdf	2db44a4eebf1ec87986e0aea43f7b1c907e4ef21c052f01a2879e6d458a28a64	technical-core	general-numbered-position	main:8	75	readable	YES	OPEN			
SRC-0049	fstec-logging-2025	fstec-logging-2025.pdf	2db44a4eebf1ec87986e0aea43f7b1c907e4ef21c052f01a2879e6d458a28a64	technical-core	general-numbered-position	main:9	96	readable	YES	OPEN			
SRC-0050	fstec-logging-2025	fstec-logging-2025.pdf	2db44a4eebf1ec87986e0aea43f7b1c907e4ef21c052f01a2879e6d458a28a64	technical-core	linux-appendix2-position	appendix2-linux:1	574	readable	YES	OPEN			
SRC-0051	fstec-logging-2025	fstec-logging-2025.pdf	2db44a4eebf1ec87986e0aea43f7b1c907e4ef21c052f01a2879e6d458a28a64	technical-core	linux-appendix2-position	appendix2-linux:2	578	readable	YES	OPEN			
SRC-0052	fstec-logging-2025	fstec-logging-2025.pdf	2db44a4eebf1ec87986e0aea43f7b1c907e4ef21c052f01a2879e6d458a28a64	technical-core	linux-appendix2-position	appendix2-linux:3	582	readable	YES	OPEN			
SRC-0053	fstec-logging-2025	fstec-logging-2025.pdf	2db44a4eebf1ec87986e0aea43f7b1c907e4ef21c052f01a2879e6d458a28a64	technical-core	linux-appendix2-position	appendix2-linux:4	588	readable	YES	OPEN			
SRC-0054	fstec-logging-2025	fstec-logging-2025.pdf	2db44a4eebf1ec87986e0aea43f7b1c907e4ef21c052f01a2879e6d458a28a64	technical-core	linux-appendix2-position	appendix2-linux:5	656	readable	YES	OPEN			
SRC-0055	fstec-configuration-2026	fstec-configuration-2026.pdf	1f2e53a3c047cd1a21f2f99e8605f7ba7a7680a45fc332b8236199b049c3dad6	technical-core	numbered-subpoint	1.1	16	readable	YES	OPEN			
SRC-0056	fstec-configuration-2026	fstec-configuration-2026.pdf	1f2e53a3c047cd1a21f2f99e8605f7ba7a7680a45fc332b8236199b049c3dad6	technical-core	numbered-subpoint	1.2	165	readable	YES	OPEN			
SRC-0057	fstec-configuration-2026	fstec-configuration-2026.pdf	1f2e53a3c047cd1a21f2f99e8605f7ba7a7680a45fc332b8236199b049c3dad6	technical-core	numbered-subpoint	1.3	167	readable	YES	OPEN			
SRC-0058	fstec-configuration-2026	fstec-configuration-2026.pdf	1f2e53a3c047cd1a21f2f99e8605f7ba7a7680a45fc332b8236199b049c3dad6	technical-core	numbered-subpoint	1.4	173	readable	YES	OPEN			
SRC-0059	fstec-configuration-2026	fstec-configuration-2026.pdf	1f2e53a3c047cd1a21f2f99e8605f7ba7a7680a45fc332b8236199b049c3dad6	technical-core	numbered-subpoint	1.5	175	readable	YES	OPEN			
SRC-0060	fstec-configuration-2026	fstec-configuration-2026.pdf	1f2e53a3c047cd1a21f2f99e8605f7ba7a7680a45fc332b8236199b049c3dad6	technical-core	numbered-subpoint	2.1	181	readable	YES	OPEN			
SRC-0061	fstec-configuration-2026	fstec-configuration-2026.pdf	1f2e53a3c047cd1a21f2f99e8605f7ba7a7680a45fc332b8236199b049c3dad6	technical-core	numbered-subpoint	2.2	238	readable	YES	OPEN			
SRC-0062	fstec-configuration-2026	fstec-configuration-2026.pdf	1f2e53a3c047cd1a21f2f99e8605f7ba7a7680a45fc332b8236199b049c3dad6	technical-core	numbered-subpoint	2.3	239	readable	YES	OPEN			
SRC-0063	fstec-configuration-2026	fstec-configuration-2026.pdf	1f2e53a3c047cd1a21f2f99e8605f7ba7a7680a45fc332b8236199b049c3dad6	technical-core	numbered-subpoint	2.4	241	readable	YES	OPEN			
SRC-0064	fstec-configuration-2026	fstec-configuration-2026.pdf	1f2e53a3c047cd1a21f2f99e8605f7ba7a7680a45fc332b8236199b049c3dad6	technical-core	numbered-subpoint	2.5	266	readable	YES	OPEN			
SRC-0065	fstec-configuration-2026	fstec-configuration-2026.pdf	1f2e53a3c047cd1a21f2f99e8605f7ba7a7680a45fc332b8236199b049c3dad6	technical-core	numbered-subpoint	3.1	361	readable	YES	OPEN			
SRC-0066	fstec-configuration-2026	fstec-configuration-2026.pdf	1f2e53a3c047cd1a21f2f99e8605f7ba7a7680a45fc332b8236199b049c3dad6	technical-core	numbered-subpoint	3.2	364	readable	YES	OPEN			
SRC-0067	fstec-configuration-2026	fstec-configuration-2026.pdf	1f2e53a3c047cd1a21f2f99e8605f7ba7a7680a45fc332b8236199b049c3dad6	technical-core	numbered-subpoint	3.3	382	readable	YES	OPEN			
SRC-0068	fstec-configuration-2026	fstec-configuration-2026.pdf	1f2e53a3c047cd1a21f2f99e8605f7ba7a7680a45fc332b8236199b049c3dad6	technical-core	numbered-subpoint	3.4	385	readable	YES	OPEN			
SRC-0069	fstec-configuration-2026	fstec-configuration-2026.pdf	1f2e53a3c047cd1a21f2f99e8605f7ba7a7680a45fc332b8236199b049c3dad6	technical-core	numbered-subpoint	3.5	387	readable	YES	OPEN			
SRC-0070	fstec-configuration-2026	fstec-configuration-2026.pdf	1f2e53a3c047cd1a21f2f99e8605f7ba7a7680a45fc332b8236199b049c3dad6	technical-core	unnumbered-recommendation	4:[unnumbered-recommendation]	396	readable	YES	OPEN			Synthetic structural locator; source section 4 has no numbered subpoint.
SRC-0071	fstec-configuration-2026	fstec-configuration-2026.pdf	1f2e53a3c047cd1a21f2f99e8605f7ba7a7680a45fc332b8236199b049c3dad6	technical-core	numbered-subpoint	5.1	425	readable	YES	OPEN			
SRC-0072	fstec-configuration-2026	fstec-configuration-2026.pdf	1f2e53a3c047cd1a21f2f99e8605f7ba7a7680a45fc332b8236199b049c3dad6	technical-core	numbered-subpoint	5.2	427	readable	YES	OPEN			
SRC-0073	fstec-configuration-2026	fstec-configuration-2026.pdf	1f2e53a3c047cd1a21f2f99e8605f7ba7a7680a45fc332b8236199b049c3dad6	technical-core	numbered-subpoint	5.3	429	readable	YES	OPEN			
SRC-0074	fstec-configuration-2026	fstec-configuration-2026.pdf	1f2e53a3c047cd1a21f2f99e8605f7ba7a7680a45fc332b8236199b049c3dad6	technical-core	numbered-subpoint	5.4	432	readable	YES	OPEN			
SRC-0075	fstec-configuration-2026	fstec-configuration-2026.pdf	1f2e53a3c047cd1a21f2f99e8605f7ba7a7680a45fc332b8236199b049c3dad6	technical-core	numbered-subpoint	5.5	438	readable	YES	OPEN			
SRC-0076	fstec-configuration-2026	fstec-configuration-2026.pdf	1f2e53a3c047cd1a21f2f99e8605f7ba7a7680a45fc332b8236199b049c3dad6	technical-core	numbered-subpoint	6.1	445	readable	YES	OPEN			
SRC-0077	fstec-configuration-2026	fstec-configuration-2026.pdf	1f2e53a3c047cd1a21f2f99e8605f7ba7a7680a45fc332b8236199b049c3dad6	technical-core	numbered-subpoint	6.2	447	readable	YES	OPEN			
SRC-0078	fstec-configuration-2026	fstec-configuration-2026.pdf	1f2e53a3c047cd1a21f2f99e8605f7ba7a7680a45fc332b8236199b049c3dad6	technical-core	numbered-subpoint	6.3	449	readable	YES	OPEN			
SRC-0079	fstec-configuration-2026	fstec-configuration-2026.pdf	1f2e53a3c047cd1a21f2f99e8605f7ba7a7680a45fc332b8236199b049c3dad6	technical-core	numbered-subpoint	6.4	451	readable	YES	OPEN			
SRC-0080	fstec-configuration-2026	fstec-configuration-2026.pdf	1f2e53a3c047cd1a21f2f99e8605f7ba7a7680a45fc332b8236199b049c3dad6	technical-core	numbered-subpoint	6.5	515	readable	YES	OPEN			
SRC-0081	fstec-configuration-2026	fstec-configuration-2026.pdf	1f2e53a3c047cd1a21f2f99e8605f7ba7a7680a45fc332b8236199b049c3dad6	technical-core	numbered-subpoint	7.1	529	readable	YES	OPEN			
SRC-0082	fstec-configuration-2026	fstec-configuration-2026.pdf	1f2e53a3c047cd1a21f2f99e8605f7ba7a7680a45fc332b8236199b049c3dad6	technical-core	numbered-subpoint	7.2	531	readable	YES	OPEN			
SRC-0083	fstec-configuration-2026	fstec-configuration-2026.pdf	1f2e53a3c047cd1a21f2f99e8605f7ba7a7680a45fc332b8236199b049c3dad6	technical-core	numbered-subpoint	7.3	532	readable	YES	OPEN			
SRC-0084	fstec-configuration-2026	fstec-configuration-2026.pdf	1f2e53a3c047cd1a21f2f99e8605f7ba7a7680a45fc332b8236199b049c3dad6	technical-core	numbered-subpoint	7.4	534	readable	YES	OPEN			
SRC-0085	fstec-configuration-2026	fstec-configuration-2026.pdf	1f2e53a3c047cd1a21f2f99e8605f7ba7a7680a45fc332b8236199b049c3dad6	technical-core	numbered-subpoint	8.1	540	readable	YES	OPEN			
SRC-0086	fstec-configuration-2026	fstec-configuration-2026.pdf	1f2e53a3c047cd1a21f2f99e8605f7ba7a7680a45fc332b8236199b049c3dad6	technical-core	numbered-subpoint	8.2	542	readable	YES	OPEN			
SRC-0087	fstec-configuration-2026	fstec-configuration-2026.pdf	1f2e53a3c047cd1a21f2f99e8605f7ba7a7680a45fc332b8236199b049c3dad6	technical-core	numbered-subpoint	8.3	544	readable	YES	OPEN			
SRC-0088	fstec-configuration-2026	fstec-configuration-2026.pdf	1f2e53a3c047cd1a21f2f99e8605f7ba7a7680a45fc332b8236199b049c3dad6	technical-core	numbered-subpoint	9.1	549	readable	YES	OPEN			
SRC-0089	fstec-configuration-2026	fstec-configuration-2026.pdf	1f2e53a3c047cd1a21f2f99e8605f7ba7a7680a45fc332b8236199b049c3dad6	technical-core	numbered-subpoint	9.2	554	readable	YES	OPEN			
SRC-0090	fstec-configuration-2026	fstec-configuration-2026.pdf	1f2e53a3c047cd1a21f2f99e8605f7ba7a7680a45fc332b8236199b049c3dad6	technical-core	numbered-subpoint	9.3	555	readable	YES	OPEN			
SRC-0091	fstec-configuration-2026	fstec-configuration-2026.pdf	1f2e53a3c047cd1a21f2f99e8605f7ba7a7680a45fc332b8236199b049c3dad6	technical-core	numbered-subpoint	8.4	557	readable	YES	OPEN			source-numbering-mismatch: printed 8.4 inside section 9; preserved verbatim
SRC-0092	fstec-configuration-2026	fstec-configuration-2026.pdf	1f2e53a3c047cd1a21f2f99e8605f7ba7a7680a45fc332b8236199b049c3dad6	technical-core	numbered-subpoint	10.1	649	readable	YES	OPEN			
SRC-0093	fstec-configuration-2026	fstec-configuration-2026.pdf	1f2e53a3c047cd1a21f2f99e8605f7ba7a7680a45fc332b8236199b049c3dad6	technical-core	numbered-subpoint	10.2	652	readable	YES	OPEN			
SRC-0094	fstec-configuration-2026	fstec-configuration-2026.pdf	1f2e53a3c047cd1a21f2f99e8605f7ba7a7680a45fc332b8236199b049c3dad6	technical-core	numbered-subpoint	10.3	654	readable	YES	OPEN			
SRC-0095	fstec-configuration-2026	fstec-configuration-2026.pdf	1f2e53a3c047cd1a21f2f99e8605f7ba7a7680a45fc332b8236199b049c3dad6	technical-core	numbered-subpoint	10.4	656	readable	YES	OPEN			
SRC-0096	fstec-configuration-2026	fstec-configuration-2026.pdf	1f2e53a3c047cd1a21f2f99e8605f7ba7a7680a45fc332b8236199b049c3dad6	technical-core	numbered-subpoint	10.5	658	readable	YES	OPEN			
SRC-0097	fstec-configuration-2026	fstec-configuration-2026.pdf	1f2e53a3c047cd1a21f2f99e8605f7ba7a7680a45fc332b8236199b049c3dad6	technical-core	numbered-subpoint	11.1	680	readable	YES	OPEN			
SRC-0098	fstec-configuration-2026	fstec-configuration-2026.pdf	1f2e53a3c047cd1a21f2f99e8605f7ba7a7680a45fc332b8236199b049c3dad6	technical-core	numbered-subpoint	11.2	686	readable	YES	OPEN			
SRC-0099	fstec-configuration-2026	fstec-configuration-2026.pdf	1f2e53a3c047cd1a21f2f99e8605f7ba7a7680a45fc332b8236199b049c3dad6	technical-core	numbered-subpoint	11.3	687	readable	YES	OPEN			
SRC-0100	fstec-configuration-2026	fstec-configuration-2026.pdf	1f2e53a3c047cd1a21f2f99e8605f7ba7a7680a45fc332b8236199b049c3dad6	technical-core	numbered-subpoint	11.4	689	readable	YES	OPEN			
SRC-0101	fstec-configuration-2026	fstec-configuration-2026.pdf	1f2e53a3c047cd1a21f2f99e8605f7ba7a7680a45fc332b8236199b049c3dad6	technical-core	numbered-subpoint	12.1	696	readable	YES	OPEN			
SRC-0102	fstec-configuration-2026	fstec-configuration-2026.pdf	1f2e53a3c047cd1a21f2f99e8605f7ba7a7680a45fc332b8236199b049c3dad6	technical-core	numbered-subpoint	12.2	752	readable	YES	OPEN			
SRC-0103	fstec-configuration-2026	fstec-configuration-2026.pdf	1f2e53a3c047cd1a21f2f99e8605f7ba7a7680a45fc332b8236199b049c3dad6	technical-core	numbered-subpoint	12.3	753	readable	YES	OPEN			
SRC-0104	fstec-perimeter-2026	fstec-perimeter-2026.pdf	58455bfc5a651f54ef813049a3bf2f8117cdaed55881c322e813e74ff87365b1	technical-perimeter	numbered-position	1.1	17	readable	YES	OPEN			
SRC-0105	fstec-perimeter-2026	fstec-perimeter-2026.pdf	58455bfc5a651f54ef813049a3bf2f8117cdaed55881c322e813e74ff87365b1	technical-perimeter	numbered-position	1.2	29	readable	YES	OPEN			
SRC-0106	fstec-perimeter-2026	fstec-perimeter-2026.pdf	58455bfc5a651f54ef813049a3bf2f8117cdaed55881c322e813e74ff87365b1	technical-perimeter	numbered-position	1.3	38	readable	YES	OPEN			
SRC-0107	fstec-perimeter-2026	fstec-perimeter-2026.pdf	58455bfc5a651f54ef813049a3bf2f8117cdaed55881c322e813e74ff87365b1	technical-perimeter	numbered-position	1.4	40	readable	YES	OPEN			
SRC-0108	fstec-perimeter-2026	fstec-perimeter-2026.pdf	58455bfc5a651f54ef813049a3bf2f8117cdaed55881c322e813e74ff87365b1	technical-perimeter	numbered-position	1.5	52	readable	YES	OPEN			
SRC-0109	fstec-perimeter-2026	fstec-perimeter-2026.pdf	58455bfc5a651f54ef813049a3bf2f8117cdaed55881c322e813e74ff87365b1	technical-perimeter	numbered-position	1.6	68	readable	YES	OPEN			
SRC-0110	fstec-perimeter-2026	fstec-perimeter-2026.pdf	58455bfc5a651f54ef813049a3bf2f8117cdaed55881c322e813e74ff87365b1	technical-perimeter	numbered-position	1.7	75	readable	YES	OPEN			
SRC-0111	fstec-perimeter-2026	fstec-perimeter-2026.pdf	58455bfc5a651f54ef813049a3bf2f8117cdaed55881c322e813e74ff87365b1	technical-perimeter	numbered-position	1.8	80	readable	YES	OPEN			
SRC-0112	fstec-perimeter-2026	fstec-perimeter-2026.pdf	58455bfc5a651f54ef813049a3bf2f8117cdaed55881c322e813e74ff87365b1	technical-perimeter	numbered-position	1.9	84	readable	YES	OPEN			
SRC-0113	fstec-perimeter-2026	fstec-perimeter-2026.pdf	58455bfc5a651f54ef813049a3bf2f8117cdaed55881c322e813e74ff87365b1	technical-perimeter	numbered-position	1.10	96	readable	YES	OPEN			
SRC-0114	fstec-perimeter-2026	fstec-perimeter-2026.pdf	58455bfc5a651f54ef813049a3bf2f8117cdaed55881c322e813e74ff87365b1	technical-perimeter	numbered-position	2.1	102	readable	YES	OPEN			
SRC-0115	fstec-perimeter-2026	fstec-perimeter-2026.pdf	58455bfc5a651f54ef813049a3bf2f8117cdaed55881c322e813e74ff87365b1	technical-perimeter	numbered-position	2.2	104	readable	YES	OPEN			
SRC-0116	fstec-perimeter-2026	fstec-perimeter-2026.pdf	58455bfc5a651f54ef813049a3bf2f8117cdaed55881c322e813e74ff87365b1	technical-perimeter	numbered-position	2.3	107	readable	YES	OPEN			
SRC-0117	fstec-perimeter-2026	fstec-perimeter-2026.pdf	58455bfc5a651f54ef813049a3bf2f8117cdaed55881c322e813e74ff87365b1	technical-perimeter	numbered-position	2.4	110	readable	YES	OPEN			
SRC-0118	fstec-perimeter-2026	fstec-perimeter-2026.pdf	58455bfc5a651f54ef813049a3bf2f8117cdaed55881c322e813e74ff87365b1	technical-perimeter	numbered-position	2.5	112	readable	YES	OPEN			
SRC-0119	fstec-perimeter-2026	fstec-perimeter-2026.pdf	58455bfc5a651f54ef813049a3bf2f8117cdaed55881c322e813e74ff87365b1	technical-perimeter	numbered-position	3.1	121	readable	YES	OPEN			
SRC-0120	fstec-perimeter-2026	fstec-perimeter-2026.pdf	58455bfc5a651f54ef813049a3bf2f8117cdaed55881c322e813e74ff87365b1	technical-perimeter	numbered-position	3.2	125	readable	YES	OPEN			
SRC-0121	fstec-perimeter-2026	fstec-perimeter-2026.pdf	58455bfc5a651f54ef813049a3bf2f8117cdaed55881c322e813e74ff87365b1	technical-perimeter	numbered-position	3.3	129	readable	YES	OPEN			
SRC-0122	fstec-perimeter-2026	fstec-perimeter-2026.pdf	58455bfc5a651f54ef813049a3bf2f8117cdaed55881c322e813e74ff87365b1	technical-perimeter	numbered-position	3.4	130	readable	YES	OPEN			
SRC-0123	fstec-perimeter-2026	fstec-perimeter-2026.pdf	58455bfc5a651f54ef813049a3bf2f8117cdaed55881c322e813e74ff87365b1	technical-perimeter	numbered-position	3.5	133	readable	YES	OPEN			
SRC-0124	fstec-perimeter-2026	fstec-perimeter-2026.pdf	58455bfc5a651f54ef813049a3bf2f8117cdaed55881c322e813e74ff87365b1	technical-perimeter	numbered-position	4.1	143	readable	YES	OPEN			
SRC-0125	fstec-perimeter-2026	fstec-perimeter-2026.pdf	58455bfc5a651f54ef813049a3bf2f8117cdaed55881c322e813e74ff87365b1	technical-perimeter	numbered-position	4.2	148	readable	YES	OPEN			
SRC-0126	fstec-perimeter-2026	fstec-perimeter-2026.pdf	58455bfc5a651f54ef813049a3bf2f8117cdaed55881c322e813e74ff87365b1	technical-perimeter	numbered-position	4.3	161	readable	YES	OPEN			
SRC-0127	fstec-perimeter-2026	fstec-perimeter-2026.pdf	58455bfc5a651f54ef813049a3bf2f8117cdaed55881c322e813e74ff87365b1	technical-perimeter	numbered-position	4.4	163	readable	YES	OPEN			
SRC-0128	fstec-perimeter-2026	fstec-perimeter-2026.pdf	58455bfc5a651f54ef813049a3bf2f8117cdaed55881c322e813e74ff87365b1	technical-perimeter	numbered-position	4.5	165	readable	YES	OPEN			
SRC-0129	fstec-perimeter-2026	fstec-perimeter-2026.pdf	58455bfc5a651f54ef813049a3bf2f8117cdaed55881c322e813e74ff87365b1	technical-perimeter	numbered-position	4.6	172	readable	YES	OPEN			
SRC-0130	fstec-perimeter-2026	fstec-perimeter-2026.pdf	58455bfc5a651f54ef813049a3bf2f8117cdaed55881c322e813e74ff87365b1	technical-perimeter	numbered-position	5.1	175	readable	YES	OPEN			
SRC-0131	fstec-perimeter-2026	fstec-perimeter-2026.pdf	58455bfc5a651f54ef813049a3bf2f8117cdaed55881c322e813e74ff87365b1	technical-perimeter	numbered-position	5.2	184	readable	YES	OPEN			
SRC-0132	fstec-perimeter-2026	fstec-perimeter-2026.pdf	58455bfc5a651f54ef813049a3bf2f8117cdaed55881c322e813e74ff87365b1	technical-perimeter	numbered-position	6.1	196	readable	YES	OPEN			
SRC-0133	fstec-perimeter-2026	fstec-perimeter-2026.pdf	58455bfc5a651f54ef813049a3bf2f8117cdaed55881c322e813e74ff87365b1	technical-perimeter	numbered-position	6.2	199	readable	YES	OPEN			
SRC-0134	fstec-perimeter-2026	fstec-perimeter-2026.pdf	58455bfc5a651f54ef813049a3bf2f8117cdaed55881c322e813e74ff87365b1	technical-perimeter	numbered-position	6.3	209	readable	YES	OPEN			
SRC-0135	fstec-perimeter-2026	fstec-perimeter-2026.pdf	58455bfc5a651f54ef813049a3bf2f8117cdaed55881c322e813e74ff87365b1	technical-perimeter	numbered-position	7.1	213	readable	YES	OPEN			
SRC-0136	fstec-perimeter-2026	fstec-perimeter-2026.pdf	58455bfc5a651f54ef813049a3bf2f8117cdaed55881c322e813e74ff87365b1	technical-perimeter	numbered-position	7.2	219	readable	YES	OPEN			
SRC-0137	fstec-perimeter-2026	fstec-perimeter-2026.pdf	58455bfc5a651f54ef813049a3bf2f8117cdaed55881c322e813e74ff87365b1	technical-perimeter	numbered-position	7.3	257	readable	YES	OPEN			
SRC-0138	fstec-perimeter-2026	fstec-perimeter-2026.pdf	58455bfc5a651f54ef813049a3bf2f8117cdaed55881c322e813e74ff87365b1	technical-perimeter	top-level-action	8	270	readable	YES	OPEN			Actionable top-level item; no 8.x subpoints in source.
SRC-0139	fstec-vulnerability-analysis-2025	fstec-vulnerability-analysis-2025.pdf	10582e21bd4f9af52820b79df3e81b5639491c6936d0df196d2647add4d10d3f	transitive-process	main-numbered-clause	1.1	29	recovered-glyph-map-v1	YES	CLOSED	organizational	Требование адресовано процессу анализа защищенности и взаимодействию заказчика и исполнителя и не выражается в проверяемой конфигурации операционной системы.	Gate-1 quote block lifted by glyph-ID recovery v1 (RECOVERY-MANIFEST.tsv). | Quote-anchor text source: sources/recovered-v1/norm-v1/fstec-vulnerability-analysis-2025.txt
SRC-0140	fstec-vulnerability-analysis-2025	fstec-vulnerability-analysis-2025.pdf	10582e21bd4f9af52820b79df3e81b5639491c6936d0df196d2647add4d10d3f	transitive-process	main-numbered-clause	1.2	34	recovered-glyph-map-v1	YES	CLOSED	organizational	Требование адресовано процессу анализа защищенности и взаимодействию заказчика и исполнителя и не выражается в проверяемой конфигурации операционной системы.	Gate-1 quote block lifted by glyph-ID recovery v1 (RECOVERY-MANIFEST.tsv). | Quote-anchor text source: sources/recovered-v1/norm-v1/fstec-vulnerability-analysis-2025.txt
SRC-0141	fstec-vulnerability-analysis-2025	fstec-vulnerability-analysis-2025.pdf	10582e21bd4f9af52820b79df3e81b5639491c6936d0df196d2647add4d10d3f	transitive-process	main-numbered-clause	1.3	42	recovered-glyph-map-v1	YES	CLOSED	organizational	Требование адресовано процессу анализа защищенности и взаимодействию заказчика и исполнителя и не выражается в проверяемой конфигурации операционной системы.	Gate-1 quote block lifted by glyph-ID recovery v1 (RECOVERY-MANIFEST.tsv). | Quote-anchor text source: sources/recovered-v1/norm-v1/fstec-vulnerability-analysis-2025.txt
SRC-0142	fstec-vulnerability-analysis-2025	fstec-vulnerability-analysis-2025.pdf	10582e21bd4f9af52820b79df3e81b5639491c6936d0df196d2647add4d10d3f	transitive-process	main-numbered-clause	1.4	48	recovered-glyph-map-v1	YES	CLOSED	organizational	Требование адресовано процессу анализа защищенности и взаимодействию заказчика и исполнителя и не выражается в проверяемой конфигурации операционной системы.	Gate-1 quote block lifted by glyph-ID recovery v1 (RECOVERY-MANIFEST.tsv). | Quote-anchor text source: sources/recovered-v1/norm-v1/fstec-vulnerability-analysis-2025.txt
SRC-0143	fstec-vulnerability-analysis-2025	fstec-vulnerability-analysis-2025.pdf	10582e21bd4f9af52820b79df3e81b5639491c6936d0df196d2647add4d10d3f	transitive-process	main-numbered-clause	2.1	89	recovered-glyph-map-v1	YES	CLOSED	organizational	Требование адресовано процессу анализа защищенности и взаимодействию заказчика и исполнителя и не выражается в проверяемой конфигурации операционной системы.	Gate-1 quote block lifted by glyph-ID recovery v1 (RECOVERY-MANIFEST.tsv). | Quote-anchor text source: sources/recovered-v1/norm-v1/fstec-vulnerability-analysis-2025.txt
SRC-0144	fstec-vulnerability-analysis-2025	fstec-vulnerability-analysis-2025.pdf	10582e21bd4f9af52820b79df3e81b5639491c6936d0df196d2647add4d10d3f	transitive-process	main-numbered-clause	2.2	104	recovered-glyph-map-v1	YES	CLOSED	organizational	Требование адресовано процессу анализа защищенности и взаимодействию заказчика и исполнителя и не выражается в проверяемой конфигурации операционной системы.	Gate-1 quote block lifted by glyph-ID recovery v1 (RECOVERY-MANIFEST.tsv). | Quote-anchor text source: sources/recovered-v1/norm-v1/fstec-vulnerability-analysis-2025.txt
SRC-0145	fstec-vulnerability-analysis-2025	fstec-vulnerability-analysis-2025.pdf	10582e21bd4f9af52820b79df3e81b5639491c6936d0df196d2647add4d10d3f	transitive-process	main-numbered-clause	2.3	120	recovered-glyph-map-v1	YES	CLOSED	organizational	Требование адресовано процессу анализа защищенности и взаимодействию заказчика и исполнителя и не выражается в проверяемой конфигурации операционной системы.	Gate-1 quote block lifted by glyph-ID recovery v1 (RECOVERY-MANIFEST.tsv). | Quote-anchor text source: sources/recovered-v1/norm-v1/fstec-vulnerability-analysis-2025.txt
SRC-0146	fstec-vulnerability-analysis-2025	fstec-vulnerability-analysis-2025.pdf	10582e21bd4f9af52820b79df3e81b5639491c6936d0df196d2647add4d10d3f	transitive-process	main-numbered-clause	2.4	128	recovered-glyph-map-v1	YES	CLOSED	organizational	Требование адресовано процессу анализа защищенности и взаимодействию заказчика и исполнителя и не выражается в проверяемой конфигурации операционной системы.	Gate-1 quote block lifted by glyph-ID recovery v1 (RECOVERY-MANIFEST.tsv). | Quote-anchor text source: sources/recovered-v1/norm-v1/fstec-vulnerability-analysis-2025.txt
SRC-0147	fstec-vulnerability-analysis-2025	fstec-vulnerability-analysis-2025.pdf	10582e21bd4f9af52820b79df3e81b5639491c6936d0df196d2647add4d10d3f	transitive-process	main-numbered-clause	2.5	149	recovered-glyph-map-v1	YES	CLOSED	organizational	Требование адресовано процессу анализа защищенности и взаимодействию заказчика и исполнителя и не выражается в проверяемой конфигурации операционной системы.	Gate-1 quote block lifted by glyph-ID recovery v1 (RECOVERY-MANIFEST.tsv). | Quote-anchor text source: sources/recovered-v1/norm-v1/fstec-vulnerability-analysis-2025.txt
SRC-0148	fstec-vulnerability-analysis-2025	fstec-vulnerability-analysis-2025.pdf	10582e21bd4f9af52820b79df3e81b5639491c6936d0df196d2647add4d10d3f	transitive-process	main-numbered-clause	2.6	158	recovered-glyph-map-v1	YES	CLOSED	organizational	Требование адресовано процессу анализа защищенности и взаимодействию заказчика и исполнителя и не выражается в проверяемой конфигурации операционной системы.	Gate-1 quote block lifted by glyph-ID recovery v1 (RECOVERY-MANIFEST.tsv). | Quote-anchor text source: sources/recovered-v1/norm-v1/fstec-vulnerability-analysis-2025.txt
SRC-0149	fstec-vulnerability-analysis-2025	fstec-vulnerability-analysis-2025.pdf	10582e21bd4f9af52820b79df3e81b5639491c6936d0df196d2647add4d10d3f	transitive-process	main-numbered-clause	2.7	184	recovered-glyph-map-v1	YES	CLOSED	organizational	Требование адресовано процессу анализа защищенности и взаимодействию заказчика и исполнителя и не выражается в проверяемой конфигурации операционной системы.	Gate-1 quote block lifted by glyph-ID recovery v1 (RECOVERY-MANIFEST.tsv). | Quote-anchor text source: sources/recovered-v1/norm-v1/fstec-vulnerability-analysis-2025.txt
SRC-0150	fstec-vulnerability-analysis-2025	fstec-vulnerability-analysis-2025.pdf	10582e21bd4f9af52820b79df3e81b5639491c6936d0df196d2647add4d10d3f	transitive-process	main-numbered-clause	2.8	190	recovered-glyph-map-v1	YES	CLOSED	organizational	Требование адресовано процессу анализа защищенности и взаимодействию заказчика и исполнителя и не выражается в проверяемой конфигурации операционной системы.	Gate-1 quote block lifted by glyph-ID recovery v1 (RECOVERY-MANIFEST.tsv). | Quote-anchor text source: sources/recovered-v1/norm-v1/fstec-vulnerability-analysis-2025.txt
SRC-0151	fstec-vulnerability-analysis-2025	fstec-vulnerability-analysis-2025.pdf	10582e21bd4f9af52820b79df3e81b5639491c6936d0df196d2647add4d10d3f	transitive-process	main-numbered-clause	2.9	202	recovered-glyph-map-v1	YES	CLOSED	organizational	Требование адресовано процессу анализа защищенности и взаимодействию заказчика и исполнителя и не выражается в проверяемой конфигурации операционной системы.	Gate-1 quote block lifted by glyph-ID recovery v1 (RECOVERY-MANIFEST.tsv). | Quote-anchor text source: sources/recovered-v1/norm-v1/fstec-vulnerability-analysis-2025.txt
SRC-0152	fstec-vulnerability-analysis-2025	fstec-vulnerability-analysis-2025.pdf	10582e21bd4f9af52820b79df3e81b5639491c6936d0df196d2647add4d10d3f	transitive-process	main-numbered-clause	2.10	211	recovered-glyph-map-v1	YES	CLOSED	organizational	Требование адресовано процессу анализа защищенности и взаимодействию заказчика и исполнителя и не выражается в проверяемой конфигурации операционной системы.	Gate-1 quote block lifted by glyph-ID recovery v1 (RECOVERY-MANIFEST.tsv). | Quote-anchor text source: sources/recovered-v1/norm-v1/fstec-vulnerability-analysis-2025.txt
SRC-0153	fstec-vulnerability-analysis-2025	fstec-vulnerability-analysis-2025.pdf	10582e21bd4f9af52820b79df3e81b5639491c6936d0df196d2647add4d10d3f	transitive-process	main-numbered-clause	2.11	235	recovered-glyph-map-v1	YES	CLOSED	organizational	Требование адресовано процессу анализа защищенности и взаимодействию заказчика и исполнителя и не выражается в проверяемой конфигурации операционной системы.	Gate-1 quote block lifted by glyph-ID recovery v1 (RECOVERY-MANIFEST.tsv). | Quote-anchor text source: sources/recovered-v1/norm-v1/fstec-vulnerability-analysis-2025.txt
SRC-0154	fstec-vulnerability-analysis-2025	fstec-vulnerability-analysis-2025.pdf	10582e21bd4f9af52820b79df3e81b5639491c6936d0df196d2647add4d10d3f	transitive-process	main-numbered-clause	2.12	258	recovered-glyph-map-v1	YES	CLOSED	organizational	Требование адресовано процессу анализа защищенности и взаимодействию заказчика и исполнителя и не выражается в проверяемой конфигурации операционной системы.	Gate-1 quote block lifted by glyph-ID recovery v1 (RECOVERY-MANIFEST.tsv). | Quote-anchor text source: sources/recovered-v1/norm-v1/fstec-vulnerability-analysis-2025.txt
SRC-0155	fstec-vulnerability-analysis-2025	fstec-vulnerability-analysis-2025.pdf	10582e21bd4f9af52820b79df3e81b5639491c6936d0df196d2647add4d10d3f	transitive-process	main-numbered-clause	2.13	270	recovered-glyph-map-v1	YES	CLOSED	organizational	Требование адресовано процессу анализа защищенности и взаимодействию заказчика и исполнителя и не выражается в проверяемой конфигурации операционной системы.	Gate-1 quote block lifted by glyph-ID recovery v1 (RECOVERY-MANIFEST.tsv). | Quote-anchor text source: sources/recovered-v1/norm-v1/fstec-vulnerability-analysis-2025.txt
SRC-0156	fstec-vulnerability-analysis-2025	fstec-vulnerability-analysis-2025.pdf	10582e21bd4f9af52820b79df3e81b5639491c6936d0df196d2647add4d10d3f	transitive-process	main-numbered-clause	2.14	275	recovered-glyph-map-v1	YES	CLOSED	organizational	Требование адресовано процессу анализа защищенности и взаимодействию заказчика и исполнителя и не выражается в проверяемой конфигурации операционной системы.	Gate-1 quote block lifted by glyph-ID recovery v1 (RECOVERY-MANIFEST.tsv). | Quote-anchor text source: sources/recovered-v1/norm-v1/fstec-vulnerability-analysis-2025.txt
SRC-0157	fstec-vulnerability-analysis-2025	fstec-vulnerability-analysis-2025.pdf	10582e21bd4f9af52820b79df3e81b5639491c6936d0df196d2647add4d10d3f	transitive-process	main-numbered-clause	2.15	284	recovered-glyph-map-v1	YES	CLOSED	organizational	Требование адресовано процессу анализа защищенности и взаимодействию заказчика и исполнителя и не выражается в проверяемой конфигурации операционной системы.	Gate-1 quote block lifted by glyph-ID recovery v1 (RECOVERY-MANIFEST.tsv). | Quote-anchor text source: sources/recovered-v1/norm-v1/fstec-vulnerability-analysis-2025.txt
SRC-0158	fstec-vulnerability-analysis-2025	fstec-vulnerability-analysis-2025.pdf	10582e21bd4f9af52820b79df3e81b5639491c6936d0df196d2647add4d10d3f	transitive-process	main-numbered-clause	2.16	312	recovered-glyph-map-v1	YES	CLOSED	organizational	Требование адресовано процессу анализа защищенности и взаимодействию заказчика и исполнителя и не выражается в проверяемой конфигурации операционной системы.	Gate-1 quote block lifted by glyph-ID recovery v1 (RECOVERY-MANIFEST.tsv). | Quote-anchor text source: sources/recovered-v1/norm-v1/fstec-vulnerability-analysis-2025.txt
SRC-0159	fstec-vulnerability-analysis-2025	fstec-vulnerability-analysis-2025.pdf	10582e21bd4f9af52820b79df3e81b5639491c6936d0df196d2647add4d10d3f	transitive-process	main-numbered-clause	2.17	322	recovered-glyph-map-v1	YES	CLOSED	organizational	Требование адресовано процессу анализа защищенности и взаимодействию заказчика и исполнителя и не выражается в проверяемой конфигурации операционной системы.	Gate-1 quote block lifted by glyph-ID recovery v1 (RECOVERY-MANIFEST.tsv). | Quote-anchor text source: sources/recovered-v1/norm-v1/fstec-vulnerability-analysis-2025.txt
SRC-0160	fstec-vulnerability-analysis-2025	fstec-vulnerability-analysis-2025.pdf	10582e21bd4f9af52820b79df3e81b5639491c6936d0df196d2647add4d10d3f	transitive-process	main-numbered-clause	2.18	328	recovered-glyph-map-v1	YES	CLOSED	organizational	Требование адресовано процессу анализа защищенности и взаимодействию заказчика и исполнителя и не выражается в проверяемой конфигурации операционной системы.	Gate-1 quote block lifted by glyph-ID recovery v1 (RECOVERY-MANIFEST.tsv). | Quote-anchor text source: sources/recovered-v1/norm-v1/fstec-vulnerability-analysis-2025.txt
SRC-0161	fstec-vulnerability-analysis-2025	fstec-vulnerability-analysis-2025.pdf	10582e21bd4f9af52820b79df3e81b5639491c6936d0df196d2647add4d10d3f	transitive-process	main-numbered-clause	2.19	335	recovered-glyph-map-v1	YES	CLOSED	organizational	Требование адресовано процессу анализа защищенности и взаимодействию заказчика и исполнителя и не выражается в проверяемой конфигурации операционной системы.	Gate-1 quote block lifted by glyph-ID recovery v1 (RECOVERY-MANIFEST.tsv). | Quote-anchor text source: sources/recovered-v1/norm-v1/fstec-vulnerability-analysis-2025.txt
SRC-0162	fstec-vulnerability-analysis-2025	fstec-vulnerability-analysis-2025.pdf	10582e21bd4f9af52820b79df3e81b5639491c6936d0df196d2647add4d10d3f	transitive-process	main-numbered-clause	2.20	342	recovered-glyph-map-v1	YES	CLOSED	organizational	Требование адресовано процессу анализа защищенности и взаимодействию заказчика и исполнителя и не выражается в проверяемой конфигурации операционной системы.	Gate-1 quote block lifted by glyph-ID recovery v1 (RECOVERY-MANIFEST.tsv). | Quote-anchor text source: sources/recovered-v1/norm-v1/fstec-vulnerability-analysis-2025.txt
SRC-0163	fstec-vulnerability-analysis-2025	fstec-vulnerability-analysis-2025.pdf	10582e21bd4f9af52820b79df3e81b5639491c6936d0df196d2647add4d10d3f	transitive-process	main-numbered-clause	2.21	371	recovered-glyph-map-v1	YES	CLOSED	organizational	Требование адресовано процессу анализа защищенности и взаимодействию заказчика и исполнителя и не выражается в проверяемой конфигурации операционной системы.	Gate-1 quote block lifted by glyph-ID recovery v1 (RECOVERY-MANIFEST.tsv). | Quote-anchor text source: sources/recovered-v1/norm-v1/fstec-vulnerability-analysis-2025.txt
SRC-0164	fstec-vulnerability-analysis-2025	fstec-vulnerability-analysis-2025.pdf	10582e21bd4f9af52820b79df3e81b5639491c6936d0df196d2647add4d10d3f	transitive-process	main-numbered-clause	2.22	376	recovered-glyph-map-v1	YES	CLOSED	organizational	Требование адресовано процессу анализа защищенности и взаимодействию заказчика и исполнителя и не выражается в проверяемой конфигурации операционной системы.	Gate-1 quote block lifted by glyph-ID recovery v1 (RECOVERY-MANIFEST.tsv). | Quote-anchor text source: sources/recovered-v1/norm-v1/fstec-vulnerability-analysis-2025.txt
SRC-0165	fstec-vulnerability-analysis-2025	fstec-vulnerability-analysis-2025.pdf	10582e21bd4f9af52820b79df3e81b5639491c6936d0df196d2647add4d10d3f	transitive-process	main-numbered-clause	2.23	382	recovered-glyph-map-v1	YES	CLOSED	organizational	Требование адресовано процессу анализа защищенности и взаимодействию заказчика и исполнителя и не выражается в проверяемой конфигурации операционной системы.	Gate-1 quote block lifted by glyph-ID recovery v1 (RECOVERY-MANIFEST.tsv). | Quote-anchor text source: sources/recovered-v1/norm-v1/fstec-vulnerability-analysis-2025.txt
SRC-0166	fstec-vulnerability-analysis-2025	fstec-vulnerability-analysis-2025.pdf	10582e21bd4f9af52820b79df3e81b5639491c6936d0df196d2647add4d10d3f	transitive-process	main-numbered-clause	2.24	399	recovered-glyph-map-v1	YES	CLOSED	organizational	Требование адресовано процессу анализа защищенности и взаимодействию заказчика и исполнителя и не выражается в проверяемой конфигурации операционной системы.	Gate-1 quote block lifted by glyph-ID recovery v1 (RECOVERY-MANIFEST.tsv). | Quote-anchor text source: sources/recovered-v1/norm-v1/fstec-vulnerability-analysis-2025.txt
SRC-0167	fstec-vulnerability-analysis-2025	fstec-vulnerability-analysis-2025.pdf	10582e21bd4f9af52820b79df3e81b5639491c6936d0df196d2647add4d10d3f	transitive-process	main-numbered-clause	2.25	402	recovered-glyph-map-v1	YES	CLOSED	organizational	Требование адресовано процессу анализа защищенности и взаимодействию заказчика и исполнителя и не выражается в проверяемой конфигурации операционной системы.	Gate-1 quote block lifted by glyph-ID recovery v1 (RECOVERY-MANIFEST.tsv). | Quote-anchor text source: sources/recovered-v1/norm-v1/fstec-vulnerability-analysis-2025.txt
SRC-0168	fstec-vulnerability-analysis-2025	fstec-vulnerability-analysis-2025.pdf	10582e21bd4f9af52820b79df3e81b5639491c6936d0df196d2647add4d10d3f	transitive-process	main-numbered-clause	3.1.1	413	recovered-glyph-map-v1	YES	CLOSED	organizational	Требование адресовано процессу анализа защищенности и взаимодействию заказчика и исполнителя и не выражается в проверяемой конфигурации операционной системы.	Gate-1 quote block lifted by glyph-ID recovery v1 (RECOVERY-MANIFEST.tsv). | Quote-anchor text source: sources/recovered-v1/norm-v1/fstec-vulnerability-analysis-2025.txt
SRC-0169	fstec-vulnerability-analysis-2025	fstec-vulnerability-analysis-2025.pdf	10582e21bd4f9af52820b79df3e81b5639491c6936d0df196d2647add4d10d3f	transitive-process	main-numbered-clause	3.1.2	419	recovered-glyph-map-v1	YES	CLOSED	organizational	Требование адресовано процессу анализа защищенности и взаимодействию заказчика и исполнителя и не выражается в проверяемой конфигурации операционной системы.	Gate-1 quote block lifted by glyph-ID recovery v1 (RECOVERY-MANIFEST.tsv). | Quote-anchor text source: sources/recovered-v1/norm-v1/fstec-vulnerability-analysis-2025.txt
SRC-0170	fstec-vulnerability-analysis-2025	fstec-vulnerability-analysis-2025.pdf	10582e21bd4f9af52820b79df3e81b5639491c6936d0df196d2647add4d10d3f	transitive-process	main-numbered-clause	3.1.3	436	recovered-glyph-map-v1	YES	CLOSED	organizational	Требование адресовано процессу анализа защищенности и взаимодействию заказчика и исполнителя и не выражается в проверяемой конфигурации операционной системы.	Gate-1 quote block lifted by glyph-ID recovery v1 (RECOVERY-MANIFEST.tsv). | Quote-anchor text source: sources/recovered-v1/norm-v1/fstec-vulnerability-analysis-2025.txt
SRC-0171	fstec-vulnerability-analysis-2025	fstec-vulnerability-analysis-2025.pdf	10582e21bd4f9af52820b79df3e81b5639491c6936d0df196d2647add4d10d3f	transitive-process	main-numbered-clause	3.1.4	452	recovered-glyph-map-v1	YES	CLOSED	organizational	Требование адресовано процессу анализа защищенности и взаимодействию заказчика и исполнителя и не выражается в проверяемой конфигурации операционной системы.	Gate-1 quote block lifted by glyph-ID recovery v1 (RECOVERY-MANIFEST.tsv). | Quote-anchor text source: sources/recovered-v1/norm-v1/fstec-vulnerability-analysis-2025.txt
SRC-0172	fstec-vulnerability-analysis-2025	fstec-vulnerability-analysis-2025.pdf	10582e21bd4f9af52820b79df3e81b5639491c6936d0df196d2647add4d10d3f	transitive-process	main-numbered-clause	3.1.5	467	recovered-glyph-map-v1	YES	CLOSED	organizational	Требование адресовано процессу анализа защищенности и взаимодействию заказчика и исполнителя и не выражается в проверяемой конфигурации операционной системы.	Gate-1 quote block lifted by glyph-ID recovery v1 (RECOVERY-MANIFEST.tsv). | Quote-anchor text source: sources/recovered-v1/norm-v1/fstec-vulnerability-analysis-2025.txt
SRC-0173	fstec-vulnerability-analysis-2025	fstec-vulnerability-analysis-2025.pdf	10582e21bd4f9af52820b79df3e81b5639491c6936d0df196d2647add4d10d3f	transitive-process	main-numbered-clause	3.1.6	482	recovered-glyph-map-v1	YES	CLOSED	organizational	Требование адресовано процессу анализа защищенности и взаимодействию заказчика и исполнителя и не выражается в проверяемой конфигурации операционной системы.	Gate-1 quote block lifted by glyph-ID recovery v1 (RECOVERY-MANIFEST.tsv). | Quote-anchor text source: sources/recovered-v1/norm-v1/fstec-vulnerability-analysis-2025.txt
SRC-0174	fstec-vulnerability-analysis-2025	fstec-vulnerability-analysis-2025.pdf	10582e21bd4f9af52820b79df3e81b5639491c6936d0df196d2647add4d10d3f	transitive-process	main-numbered-clause	3.1.7	497	recovered-glyph-map-v1	YES	CLOSED	organizational	Требование адресовано процессу анализа защищенности и взаимодействию заказчика и исполнителя и не выражается в проверяемой конфигурации операционной системы.	Gate-1 quote block lifted by glyph-ID recovery v1 (RECOVERY-MANIFEST.tsv). | Quote-anchor text source: sources/recovered-v1/norm-v1/fstec-vulnerability-analysis-2025.txt
SRC-0175	fstec-vulnerability-analysis-2025	fstec-vulnerability-analysis-2025.pdf	10582e21bd4f9af52820b79df3e81b5639491c6936d0df196d2647add4d10d3f	transitive-process	main-numbered-clause	3.2.1	810	recovered-glyph-map-v1	YES	CLOSED	organizational	Требование адресовано процессу анализа защищенности и взаимодействию заказчика и исполнителя и не выражается в проверяемой конфигурации операционной системы.	Gate-1 quote block lifted by glyph-ID recovery v1 (RECOVERY-MANIFEST.tsv). | Quote-anchor text source: sources/recovered-v1/norm-v1/fstec-vulnerability-analysis-2025.txt
SRC-0176	fstec-vulnerability-analysis-2025	fstec-vulnerability-analysis-2025.pdf	10582e21bd4f9af52820b79df3e81b5639491c6936d0df196d2647add4d10d3f	transitive-process	main-numbered-clause	3.2.2	817	recovered-glyph-map-v1	YES	CLOSED	organizational	Требование адресовано процессу анализа защищенности и взаимодействию заказчика и исполнителя и не выражается в проверяемой конфигурации операционной системы.	Gate-1 quote block lifted by glyph-ID recovery v1 (RECOVERY-MANIFEST.tsv). | Quote-anchor text source: sources/recovered-v1/norm-v1/fstec-vulnerability-analysis-2025.txt
SRC-0177	fstec-vulnerability-analysis-2025	fstec-vulnerability-analysis-2025.pdf	10582e21bd4f9af52820b79df3e81b5639491c6936d0df196d2647add4d10d3f	transitive-process	main-numbered-clause	3.2.3	833	recovered-glyph-map-v1	YES	CLOSED	organizational	Требование адресовано процессу анализа защищенности и взаимодействию заказчика и исполнителя и не выражается в проверяемой конфигурации операционной системы.	Gate-1 quote block lifted by glyph-ID recovery v1 (RECOVERY-MANIFEST.tsv). | Quote-anchor text source: sources/recovered-v1/norm-v1/fstec-vulnerability-analysis-2025.txt
SRC-0178	fstec-vulnerability-analysis-2025	fstec-vulnerability-analysis-2025.pdf	10582e21bd4f9af52820b79df3e81b5639491c6936d0df196d2647add4d10d3f	transitive-process	main-numbered-clause	3.2.4	847	recovered-glyph-map-v1	YES	CLOSED	organizational	Требование адресовано процессу анализа защищенности и взаимодействию заказчика и исполнителя и не выражается в проверяемой конфигурации операционной системы.	Gate-1 quote block lifted by glyph-ID recovery v1 (RECOVERY-MANIFEST.tsv). | Quote-anchor text source: sources/recovered-v1/norm-v1/fstec-vulnerability-analysis-2025.txt
SRC-0179	fstec-vulnerability-analysis-2025	fstec-vulnerability-analysis-2025.pdf	10582e21bd4f9af52820b79df3e81b5639491c6936d0df196d2647add4d10d3f	transitive-process	main-numbered-clause	3.2.5	874	recovered-glyph-map-v1	YES	CLOSED	organizational	Требование адресовано процессу анализа защищенности и взаимодействию заказчика и исполнителя и не выражается в проверяемой конфигурации операционной системы.	Gate-1 quote block lifted by glyph-ID recovery v1 (RECOVERY-MANIFEST.tsv). | Quote-anchor text source: sources/recovered-v1/norm-v1/fstec-vulnerability-analysis-2025.txt
SRC-0180	fstec-vulnerability-analysis-2025	fstec-vulnerability-analysis-2025.pdf	10582e21bd4f9af52820b79df3e81b5639491c6936d0df196d2647add4d10d3f	transitive-process	main-numbered-clause	3.3.1	1395	recovered-glyph-map-v1	YES	CLOSED	organizational	Требование адресовано процессу анализа защищенности и взаимодействию заказчика и исполнителя и не выражается в проверяемой конфигурации операционной системы.	Gate-1 quote block lifted by glyph-ID recovery v1 (RECOVERY-MANIFEST.tsv). | Quote-anchor text source: sources/recovered-v1/norm-v1/fstec-vulnerability-analysis-2025.txt
SRC-0181	fstec-vulnerability-analysis-2025	fstec-vulnerability-analysis-2025.pdf	10582e21bd4f9af52820b79df3e81b5639491c6936d0df196d2647add4d10d3f	transitive-process	main-numbered-clause	3.3.2	1400	recovered-glyph-map-v1	YES	CLOSED	organizational	Требование адресовано процессу анализа защищенности и взаимодействию заказчика и исполнителя и не выражается в проверяемой конфигурации операционной системы.	Gate-1 quote block lifted by glyph-ID recovery v1 (RECOVERY-MANIFEST.tsv). | Quote-anchor text source: sources/recovered-v1/norm-v1/fstec-vulnerability-analysis-2025.txt
SRC-0182	fstec-vulnerability-analysis-2025	fstec-vulnerability-analysis-2025.pdf	10582e21bd4f9af52820b79df3e81b5639491c6936d0df196d2647add4d10d3f	transitive-process	main-numbered-clause	3.3.3	1415	recovered-glyph-map-v1	YES	CLOSED	organizational	Требование адресовано процессу анализа защищенности и взаимодействию заказчика и исполнителя и не выражается в проверяемой конфигурации операционной системы.	Gate-1 quote block lifted by glyph-ID recovery v1 (RECOVERY-MANIFEST.tsv). | Quote-anchor text source: sources/recovered-v1/norm-v1/fstec-vulnerability-analysis-2025.txt
SRC-0183	fstec-vulnerability-analysis-2025	fstec-vulnerability-analysis-2025.pdf	10582e21bd4f9af52820b79df3e81b5639491c6936d0df196d2647add4d10d3f	transitive-process	main-numbered-clause	3.3.4	1433	recovered-glyph-map-v1	YES	CLOSED	organizational	Требование адресовано процессу анализа защищенности и взаимодействию заказчика и исполнителя и не выражается в проверяемой конфигурации операционной системы.	Gate-1 quote block lifted by glyph-ID recovery v1 (RECOVERY-MANIFEST.tsv). | Quote-anchor text source: sources/recovered-v1/norm-v1/fstec-vulnerability-analysis-2025.txt
SRC-0184	fstec-vulnerability-analysis-2025	fstec-vulnerability-analysis-2025.pdf	10582e21bd4f9af52820b79df3e81b5639491c6936d0df196d2647add4d10d3f	transitive-process	main-numbered-clause	3.3.5	1461	recovered-glyph-map-v1	YES	CLOSED	organizational	Требование адресовано процессу анализа защищенности и взаимодействию заказчика и исполнителя и не выражается в проверяемой конфигурации операционной системы.	Gate-1 quote block lifted by glyph-ID recovery v1 (RECOVERY-MANIFEST.tsv). | Quote-anchor text source: sources/recovered-v1/norm-v1/fstec-vulnerability-analysis-2025.txt
SRC-0185	fstec-vulnerability-analysis-2025	fstec-vulnerability-analysis-2025.pdf	10582e21bd4f9af52820b79df3e81b5639491c6936d0df196d2647add4d10d3f	transitive-process	main-numbered-clause	3.4.1	2495	recovered-glyph-map-v1	YES	CLOSED	organizational	Требование адресовано процессу анализа защищенности и взаимодействию заказчика и исполнителя и не выражается в проверяемой конфигурации операционной системы.	Gate-1 quote block lifted by glyph-ID recovery v1 (RECOVERY-MANIFEST.tsv). | Quote-anchor text source: sources/recovered-v1/norm-v1/fstec-vulnerability-analysis-2025.txt
SRC-0186	fstec-vulnerability-analysis-2025	fstec-vulnerability-analysis-2025.pdf	10582e21bd4f9af52820b79df3e81b5639491c6936d0df196d2647add4d10d3f	transitive-process	main-numbered-clause	3.4.2	2499	recovered-glyph-map-v1	YES	CLOSED	organizational	Требование адресовано процессу анализа защищенности и взаимодействию заказчика и исполнителя и не выражается в проверяемой конфигурации операционной системы.	Gate-1 quote block lifted by glyph-ID recovery v1 (RECOVERY-MANIFEST.tsv). | Quote-anchor text source: sources/recovered-v1/norm-v1/fstec-vulnerability-analysis-2025.txt
SRC-0187	fstec-vulnerability-analysis-2025	fstec-vulnerability-analysis-2025.pdf	10582e21bd4f9af52820b79df3e81b5639491c6936d0df196d2647add4d10d3f	transitive-process	main-numbered-clause	3.4.3	2503	recovered-glyph-map-v1	YES	CLOSED	organizational	Требование адресовано процессу анализа защищенности и взаимодействию заказчика и исполнителя и не выражается в проверяемой конфигурации операционной системы.	Gate-1 quote block lifted by glyph-ID recovery v1 (RECOVERY-MANIFEST.tsv). | Quote-anchor text source: sources/recovered-v1/norm-v1/fstec-vulnerability-analysis-2025.txt
SRC-0188	fstec-vulnerability-analysis-2025	fstec-vulnerability-analysis-2025.pdf	10582e21bd4f9af52820b79df3e81b5639491c6936d0df196d2647add4d10d3f	transitive-process	main-numbered-clause	3.4.4	2510	recovered-glyph-map-v1	YES	CLOSED	organizational	Требование адресовано процессу анализа защищенности и взаимодействию заказчика и исполнителя и не выражается в проверяемой конфигурации операционной системы.	Gate-1 quote block lifted by glyph-ID recovery v1 (RECOVERY-MANIFEST.tsv). | Quote-anchor text source: sources/recovered-v1/norm-v1/fstec-vulnerability-analysis-2025.txt
SRC-0189	fstec-vulnerability-analysis-2025	fstec-vulnerability-analysis-2025.pdf	10582e21bd4f9af52820b79df3e81b5639491c6936d0df196d2647add4d10d3f	transitive-process	main-numbered-clause	3.4.5	2513	recovered-glyph-map-v1	YES	CLOSED	organizational	Требование адресовано процессу анализа защищенности и взаимодействию заказчика и исполнителя и не выражается в проверяемой конфигурации операционной системы.	Gate-1 quote block lifted by glyph-ID recovery v1 (RECOVERY-MANIFEST.tsv). | Quote-anchor text source: sources/recovered-v1/norm-v1/fstec-vulnerability-analysis-2025.txt
SRC-0190	fstec-vulnerability-analysis-2025	fstec-vulnerability-analysis-2025.pdf	10582e21bd4f9af52820b79df3e81b5639491c6936d0df196d2647add4d10d3f	transitive-process	main-numbered-clause	3.4.6	2535	recovered-glyph-map-v1	YES	CLOSED	organizational	Требование адресовано процессу анализа защищенности и взаимодействию заказчика и исполнителя и не выражается в проверяемой конфигурации операционной системы.	Gate-1 quote block lifted by glyph-ID recovery v1 (RECOVERY-MANIFEST.tsv). | Quote-anchor text source: sources/recovered-v1/norm-v1/fstec-vulnerability-analysis-2025.txt
SRC-0191	fstec-vulnerability-analysis-2025	fstec-vulnerability-analysis-2025.pdf	10582e21bd4f9af52820b79df3e81b5639491c6936d0df196d2647add4d10d3f	transitive-process	main-numbered-clause	3.4.7	2543	recovered-glyph-map-v1	YES	CLOSED	organizational	Требование адресовано процессу анализа защищенности и взаимодействию заказчика и исполнителя и не выражается в проверяемой конфигурации операционной системы.	Gate-1 quote block lifted by glyph-ID recovery v1 (RECOVERY-MANIFEST.tsv). | Quote-anchor text source: sources/recovered-v1/norm-v1/fstec-vulnerability-analysis-2025.txt
SRC-0192	fstec-vulnerability-analysis-2025	fstec-vulnerability-analysis-2025.pdf	10582e21bd4f9af52820b79df3e81b5639491c6936d0df196d2647add4d10d3f	transitive-process	main-numbered-clause	3.4.8	2557	recovered-glyph-map-v1	YES	CLOSED	organizational	Требование адресовано процессу анализа защищенности и взаимодействию заказчика и исполнителя и не выражается в проверяемой конфигурации операционной системы.	Gate-1 quote block lifted by glyph-ID recovery v1 (RECOVERY-MANIFEST.tsv). | Quote-anchor text source: sources/recovered-v1/norm-v1/fstec-vulnerability-analysis-2025.txt
SRC-0193	fstec-vulnerability-analysis-2025	fstec-vulnerability-analysis-2025.pdf	10582e21bd4f9af52820b79df3e81b5639491c6936d0df196d2647add4d10d3f	transitive-process	main-numbered-clause	3.4.9	2565	recovered-glyph-map-v1	YES	CLOSED	organizational	Требование адресовано процессу анализа защищенности и взаимодействию заказчика и исполнителя и не выражается в проверяемой конфигурации операционной системы.	Gate-1 quote block lifted by glyph-ID recovery v1 (RECOVERY-MANIFEST.tsv). | Quote-anchor text source: sources/recovered-v1/norm-v1/fstec-vulnerability-analysis-2025.txt
SRC-0194	fstec-vulnerability-analysis-2025	fstec-vulnerability-analysis-2025.pdf	10582e21bd4f9af52820b79df3e81b5639491c6936d0df196d2647add4d10d3f	transitive-process	main-numbered-clause	3.4.10	2569	recovered-glyph-map-v1	YES	CLOSED	organizational	Требование адресовано процессу анализа защищенности и взаимодействию заказчика и исполнителя и не выражается в проверяемой конфигурации операционной системы.	Gate-1 quote block lifted by glyph-ID recovery v1 (RECOVERY-MANIFEST.tsv). | Quote-anchor text source: sources/recovered-v1/norm-v1/fstec-vulnerability-analysis-2025.txt
SRC-0195	fstec-vulnerability-analysis-2025	fstec-vulnerability-analysis-2025.pdf	10582e21bd4f9af52820b79df3e81b5639491c6936d0df196d2647add4d10d3f	transitive-process	main-numbered-clause	3.4.11	2573	recovered-glyph-map-v1	YES	CLOSED	organizational	Требование адресовано процессу анализа защищенности и взаимодействию заказчика и исполнителя и не выражается в проверяемой конфигурации операционной системы.	Gate-1 quote block lifted by glyph-ID recovery v1 (RECOVERY-MANIFEST.tsv). | Quote-anchor text source: sources/recovered-v1/norm-v1/fstec-vulnerability-analysis-2025.txt
SRC-0196	fstec-vulnerability-analysis-2025	fstec-vulnerability-analysis-2025.pdf	10582e21bd4f9af52820b79df3e81b5639491c6936d0df196d2647add4d10d3f	transitive-process	main-numbered-clause	4.1	2582	recovered-glyph-map-v1	YES	CLOSED	organizational	Требование адресовано процессу анализа защищенности и взаимодействию заказчика и исполнителя и не выражается в проверяемой конфигурации операционной системы.	Gate-1 quote block lifted by glyph-ID recovery v1 (RECOVERY-MANIFEST.tsv). | Quote-anchor text source: sources/recovered-v1/norm-v1/fstec-vulnerability-analysis-2025.txt
SRC-0197	fstec-vulnerability-analysis-2025	fstec-vulnerability-analysis-2025.pdf	10582e21bd4f9af52820b79df3e81b5639491c6936d0df196d2647add4d10d3f	transitive-process	main-numbered-clause	4.2	2588	recovered-glyph-map-v1	YES	CLOSED	organizational	Требование адресовано процессу анализа защищенности и взаимодействию заказчика и исполнителя и не выражается в проверяемой конфигурации операционной системы.	Gate-1 quote block lifted by glyph-ID recovery v1 (RECOVERY-MANIFEST.tsv). | Quote-anchor text source: sources/recovered-v1/norm-v1/fstec-vulnerability-analysis-2025.txt
SRC-0198	fstec-vulnerability-analysis-2025	fstec-vulnerability-analysis-2025.pdf	10582e21bd4f9af52820b79df3e81b5639491c6936d0df196d2647add4d10d3f	transitive-process	main-numbered-clause	4.3	2619	recovered-glyph-map-v1	YES	CLOSED	organizational	Требование адресовано процессу анализа защищенности и взаимодействию заказчика и исполнителя и не выражается в проверяемой конфигурации операционной системы.	Gate-1 quote block lifted by glyph-ID recovery v1 (RECOVERY-MANIFEST.tsv). | Quote-anchor text source: sources/recovered-v1/norm-v1/fstec-vulnerability-analysis-2025.txt
SRC-0199	fstec-vulnerability-analysis-2025	fstec-vulnerability-analysis-2025.pdf	10582e21bd4f9af52820b79df3e81b5639491c6936d0df196d2647add4d10d3f	transitive-process	main-numbered-clause	4.4	2627	recovered-glyph-map-v1	YES	CLOSED	organizational	Требование адресовано процессу анализа защищенности и взаимодействию заказчика и исполнителя и не выражается в проверяемой конфигурации операционной системы.	Gate-1 quote block lifted by glyph-ID recovery v1 (RECOVERY-MANIFEST.tsv). | Quote-anchor text source: sources/recovered-v1/norm-v1/fstec-vulnerability-analysis-2025.txt
SRC-0200	fstec-vulnerability-management-2023	fstec-vulnerability-management-2023.pdf	fa27a3894de15cb5849739a1886cb579efc467e1429c21d8f3b28020343428ca	transitive-process	main-numbered-clause	1.1	52	readable	YES	CLOSED	organizational	Требование адресовано процессу управления уязвимостями в органе (организации) и не выражается в проверяемой конфигурации операционной системы.	
SRC-0201	fstec-vulnerability-management-2023	fstec-vulnerability-management-2023.pdf	fa27a3894de15cb5849739a1886cb579efc467e1429c21d8f3b28020343428ca	transitive-process	main-numbered-clause	1.2	57	readable	YES	CLOSED	organizational	Требование адресовано процессу управления уязвимостями в органе (организации) и не выражается в проверяемой конфигурации операционной системы.	
SRC-0202	fstec-vulnerability-management-2023	fstec-vulnerability-management-2023.pdf	fa27a3894de15cb5849739a1886cb579efc467e1429c21d8f3b28020343428ca	transitive-process	main-numbered-clause	1.3	66	readable	YES	CLOSED	organizational	Требование адресовано процессу управления уязвимостями в органе (организации) и не выражается в проверяемой конфигурации операционной системы.	
SRC-0203	fstec-vulnerability-management-2023	fstec-vulnerability-management-2023.pdf	fa27a3894de15cb5849739a1886cb579efc467e1429c21d8f3b28020343428ca	transitive-process	main-numbered-clause	1.4	81	readable	YES	CLOSED	organizational	Требование адресовано процессу управления уязвимостями в органе (организации) и не выражается в проверяемой конфигурации операционной системы.	
SRC-0204	fstec-vulnerability-management-2023	fstec-vulnerability-management-2023.pdf	fa27a3894de15cb5849739a1886cb579efc467e1429c21d8f3b28020343428ca	transitive-process	main-numbered-clause	1.5	90	readable	YES	CLOSED	organizational	Требование адресовано процессу управления уязвимостями в органе (организации) и не выражается в проверяемой конфигурации операционной системы.	
SRC-0205	fstec-vulnerability-management-2023	fstec-vulnerability-management-2023.pdf	fa27a3894de15cb5849739a1886cb579efc467e1429c21d8f3b28020343428ca	transitive-process	main-numbered-clause	1.6	94	readable	YES	CLOSED	organizational	Требование адресовано процессу управления уязвимостями в органе (организации) и не выражается в проверяемой конфигурации операционной системы.	
SRC-0206	fstec-vulnerability-management-2023	fstec-vulnerability-management-2023.pdf	fa27a3894de15cb5849739a1886cb579efc467e1429c21d8f3b28020343428ca	transitive-process	main-numbered-clause	1.7	111	readable	YES	CLOSED	organizational	Требование адресовано процессу управления уязвимостями в органе (организации) и не выражается в проверяемой конфигурации операционной системы.	
SRC-0207	fstec-vulnerability-management-2023	fstec-vulnerability-management-2023.pdf	fa27a3894de15cb5849739a1886cb579efc467e1429c21d8f3b28020343428ca	transitive-process	main-numbered-clause	2.1	117	readable	YES	CLOSED	organizational	Требование адресовано процессу управления уязвимостями в органе (организации) и не выражается в проверяемой конфигурации операционной системы.	
SRC-0208	fstec-vulnerability-management-2023	fstec-vulnerability-management-2023.pdf	fa27a3894de15cb5849739a1886cb579efc467e1429c21d8f3b28020343428ca	transitive-process	figure	figure:2.1	141	readable	YES	CLOSED	informational	Структурный элемент документа (схема, таблица операций, приложение), иллюстрирующий процесс и не являющийся отдельным проверяемым требованием.	Process diagram retained for semantic review; not auto-converted to a control.
SRC-0209	fstec-vulnerability-management-2023	fstec-vulnerability-management-2023.pdf	fa27a3894de15cb5849739a1886cb579efc467e1429c21d8f3b28020343428ca	transitive-process	main-numbered-clause	2.2	162	readable	YES	CLOSED	organizational	Требование адресовано процессу управления уязвимостями в органе (организации) и не выражается в проверяемой конфигурации операционной системы.	
SRC-0210	fstec-vulnerability-management-2023	fstec-vulnerability-management-2023.pdf	fa27a3894de15cb5849739a1886cb579efc467e1429c21d8f3b28020343428ca	transitive-process	main-numbered-clause	2.3	168	readable	YES	CLOSED	organizational	Требование адресовано процессу управления уязвимостями в органе (организации) и не выражается в проверяемой конфигурации операционной системы.	
SRC-0211	fstec-vulnerability-management-2023	fstec-vulnerability-management-2023.pdf	fa27a3894de15cb5849739a1886cb579efc467e1429c21d8f3b28020343428ca	transitive-process	main-numbered-clause	2.4	191	readable	YES	CLOSED	organizational	Требование адресовано процессу управления уязвимостями в органе (организации) и не выражается в проверяемой конфигурации операционной системы.	
SRC-0212	fstec-vulnerability-management-2023	fstec-vulnerability-management-2023.pdf	fa27a3894de15cb5849739a1886cb579efc467e1429c21d8f3b28020343428ca	transitive-process	figure	figure:2.2	200	readable	YES	CLOSED	informational	Структурный элемент документа (схема, таблица операций, приложение), иллюстрирующий процесс и не являющийся отдельным проверяемым требованием.	Process diagram retained for semantic review; not auto-converted to a control.
SRC-0213	fstec-vulnerability-management-2023	fstec-vulnerability-management-2023.pdf	fa27a3894de15cb5849739a1886cb579efc467e1429c21d8f3b28020343428ca	transitive-process	table	table:2.1	218	readable	YES	CLOSED	informational	Структурный элемент документа (схема, таблица операций, приложение), иллюстрирующий процесс и не являющийся отдельным проверяемым требованием.	Structural table retained for semantic review; not auto-converted to a control.
SRC-0214	fstec-vulnerability-management-2023	fstec-vulnerability-management-2023.pdf	fa27a3894de15cb5849739a1886cb579efc467e1429c21d8f3b28020343428ca	transitive-process	main-numbered-clause	3.1	592	readable	YES	CLOSED	organizational	Требование адресовано процессу управления уязвимостями в органе (организации) и не выражается в проверяемой конфигурации операционной системы.	
SRC-0215	fstec-vulnerability-management-2023	fstec-vulnerability-management-2023.pdf	fa27a3894de15cb5849739a1886cb579efc467e1429c21d8f3b28020343428ca	transitive-process	main-numbered-clause	3.2	612	readable	YES	CLOSED	organizational	Требование адресовано процессу управления уязвимостями в органе (организации) и не выражается в проверяемой конфигурации операционной системы.	
SRC-0216	fstec-vulnerability-management-2023	fstec-vulnerability-management-2023.pdf	fa27a3894de15cb5849739a1886cb579efc467e1429c21d8f3b28020343428ca	transitive-process	figure	figure:3.1	624	readable	YES	CLOSED	informational	Структурный элемент документа (схема, таблица операций, приложение), иллюстрирующий процесс и не являющийся отдельным проверяемым требованием.	Process diagram retained for semantic review; not auto-converted to a control.
SRC-0217	fstec-vulnerability-management-2023	fstec-vulnerability-management-2023.pdf	fa27a3894de15cb5849739a1886cb579efc467e1429c21d8f3b28020343428ca	transitive-process	table	table:3.1	630	readable	YES	CLOSED	informational	Структурный элемент документа (схема, таблица операций, приложение), иллюстрирующий процесс и не являющийся отдельным проверяемым требованием.	Structural table retained for semantic review; not auto-converted to a control.
SRC-0218	fstec-vulnerability-management-2023	fstec-vulnerability-management-2023.pdf	fa27a3894de15cb5849739a1886cb579efc467e1429c21d8f3b28020343428ca	transitive-process	main-numbered-clause	3.3	733	readable	YES	CLOSED	organizational	Требование адресовано процессу управления уязвимостями в органе (организации) и не выражается в проверяемой конфигурации операционной системы.	
SRC-0219	fstec-vulnerability-management-2023	fstec-vulnerability-management-2023.pdf	fa27a3894de15cb5849739a1886cb579efc467e1429c21d8f3b28020343428ca	transitive-process	main-numbered-clause	4.1	747	readable	YES	CLOSED	organizational	Требование адресовано процессу управления уязвимостями в органе (организации) и не выражается в проверяемой конфигурации операционной системы.	
SRC-0220	fstec-vulnerability-management-2023	fstec-vulnerability-management-2023.pdf	fa27a3894de15cb5849739a1886cb579efc467e1429c21d8f3b28020343428ca	transitive-process	main-numbered-clause	4.2	750	readable	YES	CLOSED	organizational	Требование адресовано процессу управления уязвимостями в органе (организации) и не выражается в проверяемой конфигурации операционной системы.	
SRC-0221	fstec-vulnerability-management-2023	fstec-vulnerability-management-2023.pdf	fa27a3894de15cb5849739a1886cb579efc467e1429c21d8f3b28020343428ca	transitive-process	table	table:4.1	752	readable	YES	CLOSED	informational	Структурный элемент документа (схема, таблица операций, приложение), иллюстрирующий процесс и не являющийся отдельным проверяемым требованием.	Structural table retained for semantic review; not auto-converted to a control.
SRC-0222	fstec-vulnerability-management-2023	fstec-vulnerability-management-2023.pdf	fa27a3894de15cb5849739a1886cb579efc467e1429c21d8f3b28020343428ca	transitive-process	main-numbered-clause	4.3	823	readable	YES	CLOSED	organizational	Требование адресовано процессу управления уязвимостями в органе (организации) и не выражается в проверяемой конфигурации операционной системы.	
SRC-0223	fstec-vulnerability-management-2023	fstec-vulnerability-management-2023.pdf	fa27a3894de15cb5849739a1886cb579efc467e1429c21d8f3b28020343428ca	transitive-process	main-numbered-clause	4.4	829	readable	YES	CLOSED	organizational	Требование адресовано процессу управления уязвимостями в органе (организации) и не выражается в проверяемой конфигурации операционной системы.	
SRC-0224	fstec-vulnerability-management-2023	fstec-vulnerability-management-2023.pdf	fa27a3894de15cb5849739a1886cb579efc467e1429c21d8f3b28020343428ca	transitive-process	figure	figure:4.1	833	readable	YES	CLOSED	informational	Структурный элемент документа (схема, таблица операций, приложение), иллюстрирующий процесс и не являющийся отдельным проверяемым требованием.	Process diagram retained for semantic review; not auto-converted to a control.
SRC-0225	fstec-vulnerability-management-2023	fstec-vulnerability-management-2023.pdf	fa27a3894de15cb5849739a1886cb579efc467e1429c21d8f3b28020343428ca	transitive-process	main-numbered-clause	5.1	839	readable	YES	CLOSED	organizational	Требование адресовано процессу управления уязвимостями в органе (организации) и не выражается в проверяемой конфигурации операционной системы.	
SRC-0226	fstec-vulnerability-management-2023	fstec-vulnerability-management-2023.pdf	fa27a3894de15cb5849739a1886cb579efc467e1429c21d8f3b28020343428ca	transitive-process	table	table:5.1	846	readable	YES	CLOSED	informational	Структурный элемент документа (схема, таблица операций, приложение), иллюстрирующий процесс и не являющийся отдельным проверяемым требованием.	Structural table retained for semantic review; not auto-converted to a control.
SRC-0227	fstec-vulnerability-management-2023	fstec-vulnerability-management-2023.pdf	fa27a3894de15cb5849739a1886cb579efc467e1429c21d8f3b28020343428ca	transitive-process	main-numbered-clause	5.2	932	readable	YES	CLOSED	organizational	Требование адресовано процессу управления уязвимостями в органе (организации) и не выражается в проверяемой конфигурации операционной системы.	
SRC-0228	fstec-vulnerability-management-2023	fstec-vulnerability-management-2023.pdf	fa27a3894de15cb5849739a1886cb579efc467e1429c21d8f3b28020343428ca	transitive-process	main-numbered-clause	5.3	936	readable	YES	CLOSED	organizational	Требование адресовано процессу управления уязвимостями в органе (организации) и не выражается в проверяемой конфигурации операционной системы.	
SRC-0229	fstec-vulnerability-management-2023	fstec-vulnerability-management-2023.pdf	fa27a3894de15cb5849739a1886cb579efc467e1429c21d8f3b28020343428ca	transitive-process	main-numbered-clause	5.4	942	readable	YES	CLOSED	organizational	Требование адресовано процессу управления уязвимостями в органе (организации) и не выражается в проверяемой конфигурации операционной системы.	
SRC-0230	fstec-vulnerability-management-2023	fstec-vulnerability-management-2023.pdf	fa27a3894de15cb5849739a1886cb579efc467e1429c21d8f3b28020343428ca	transitive-process	figure	figure:5.1	947	readable	YES	CLOSED	informational	Структурный элемент документа (схема, таблица операций, приложение), иллюстрирующий процесс и не являющийся отдельным проверяемым требованием.	Process diagram retained for semantic review; not auto-converted to a control.
SRC-0231	fstec-vulnerability-management-2023	fstec-vulnerability-management-2023.pdf	fa27a3894de15cb5849739a1886cb579efc467e1429c21d8f3b28020343428ca	transitive-process	main-numbered-clause	6.1	951	readable	YES	CLOSED	organizational	Требование адресовано процессу управления уязвимостями в органе (организации) и не выражается в проверяемой конфигурации операционной системы.	
SRC-0232	fstec-vulnerability-management-2023	fstec-vulnerability-management-2023.pdf	fa27a3894de15cb5849739a1886cb579efc467e1429c21d8f3b28020343428ca	transitive-process	table	table:6.1	955	readable	YES	CLOSED	informational	Структурный элемент документа (схема, таблица операций, приложение), иллюстрирующий процесс и не являющийся отдельным проверяемым требованием.	Structural table retained for semantic review; not auto-converted to a control.
SRC-0233	fstec-vulnerability-management-2023	fstec-vulnerability-management-2023.pdf	fa27a3894de15cb5849739a1886cb579efc467e1429c21d8f3b28020343428ca	transitive-process	main-numbered-clause	6.2	1055	readable	YES	CLOSED	organizational	Требование адресовано процессу управления уязвимостями в органе (организации) и не выражается в проверяемой конфигурации операционной системы.	
SRC-0234	fstec-vulnerability-management-2023	fstec-vulnerability-management-2023.pdf	fa27a3894de15cb5849739a1886cb579efc467e1429c21d8f3b28020343428ca	transitive-process	main-numbered-clause	6.3	1061	readable	YES	CLOSED	organizational	Требование адресовано процессу управления уязвимостями в органе (организации) и не выражается в проверяемой конфигурации операционной системы.	
SRC-0235	fstec-vulnerability-management-2023	fstec-vulnerability-management-2023.pdf	fa27a3894de15cb5849739a1886cb579efc467e1429c21d8f3b28020343428ca	transitive-process	main-numbered-clause	6.4	1065	readable	YES	CLOSED	organizational	Требование адресовано процессу управления уязвимостями в органе (организации) и не выражается в проверяемой конфигурации операционной системы.	
SRC-0236	fstec-vulnerability-management-2023	fstec-vulnerability-management-2023.pdf	fa27a3894de15cb5849739a1886cb579efc467e1429c21d8f3b28020343428ca	transitive-process	main-numbered-clause	6.5	1070	readable	YES	CLOSED	organizational	Требование адресовано процессу управления уязвимостями в органе (организации) и не выражается в проверяемой конфигурации операционной системы.	
SRC-0237	fstec-vulnerability-management-2023	fstec-vulnerability-management-2023.pdf	fa27a3894de15cb5849739a1886cb579efc467e1429c21d8f3b28020343428ca	transitive-process	main-numbered-clause	6.6	1071	readable	YES	CLOSED	organizational	Требование адресовано процессу управления уязвимостями в органе (организации) и не выражается в проверяемой конфигурации операционной системы.	
SRC-0238	fstec-vulnerability-management-2023	fstec-vulnerability-management-2023.pdf	fa27a3894de15cb5849739a1886cb579efc467e1429c21d8f3b28020343428ca	transitive-process	figure	figure:6.1	1084	readable	YES	CLOSED	informational	Структурный элемент документа (схема, таблица операций, приложение), иллюстрирующий процесс и не являющийся отдельным проверяемым требованием.	Process diagram retained for semantic review; not auto-converted to a control.
SRC-0239	fstec-vulnerability-management-2023	fstec-vulnerability-management-2023.pdf	fa27a3894de15cb5849739a1886cb579efc467e1429c21d8f3b28020343428ca	transitive-process	figure	figure:6.2	1088	readable	YES	CLOSED	informational	Структурный элемент документа (схема, таблица операций, приложение), иллюстрирующий процесс и не являющийся отдельным проверяемым требованием.	Process diagram retained for semantic review; not auto-converted to a control.
SRC-0240	fstec-vulnerability-management-2023	fstec-vulnerability-management-2023.pdf	fa27a3894de15cb5849739a1886cb579efc467e1429c21d8f3b28020343428ca	transitive-process	table	table:6.2	1096	readable	YES	CLOSED	informational	Структурный элемент документа (схема, таблица операций, приложение), иллюстрирующий процесс и не являющийся отдельным проверяемым требованием.	Structural table retained for semantic review; not auto-converted to a control.
SRC-0241	fstec-vulnerability-management-2023	fstec-vulnerability-management-2023.pdf	fa27a3894de15cb5849739a1886cb579efc467e1429c21d8f3b28020343428ca	transitive-process	main-numbered-clause	6.7	1164	readable	YES	CLOSED	organizational	Требование адресовано процессу управления уязвимостями в органе (организации) и не выражается в проверяемой конфигурации операционной системы.	
SRC-0242	fstec-vulnerability-management-2023	fstec-vulnerability-management-2023.pdf	fa27a3894de15cb5849739a1886cb579efc467e1429c21d8f3b28020343428ca	transitive-process	main-numbered-clause	7.1	1174	readable	YES	CLOSED	organizational	Требование адресовано процессу управления уязвимостями в органе (организации) и не выражается в проверяемой конфигурации операционной системы.	
SRC-0243	fstec-vulnerability-management-2023	fstec-vulnerability-management-2023.pdf	fa27a3894de15cb5849739a1886cb579efc467e1429c21d8f3b28020343428ca	transitive-process	table	table:7.1	1181	readable	YES	CLOSED	informational	Структурный элемент документа (схема, таблица операций, приложение), иллюстрирующий процесс и не являющийся отдельным проверяемым требованием.	Structural table retained for semantic review; not auto-converted to a control.
SRC-0244	fstec-vulnerability-management-2023	fstec-vulnerability-management-2023.pdf	fa27a3894de15cb5849739a1886cb579efc467e1429c21d8f3b28020343428ca	transitive-process	main-numbered-clause	7.2	1243	readable	YES	CLOSED	organizational	Требование адресовано процессу управления уязвимостями в органе (организации) и не выражается в проверяемой конфигурации операционной системы.	
SRC-0245	fstec-vulnerability-management-2023	fstec-vulnerability-management-2023.pdf	fa27a3894de15cb5849739a1886cb579efc467e1429c21d8f3b28020343428ca	transitive-process	main-numbered-clause	7.3	1246	readable	YES	CLOSED	organizational	Требование адресовано процессу управления уязвимостями в органе (организации) и не выражается в проверяемой конфигурации операционной системы.	
SRC-0246	fstec-vulnerability-management-2023	fstec-vulnerability-management-2023.pdf	fa27a3894de15cb5849739a1886cb579efc467e1429c21d8f3b28020343428ca	transitive-process	main-numbered-clause	7.4	1248	readable	YES	CLOSED	organizational	Требование адресовано процессу управления уязвимостями в органе (организации) и не выражается в проверяемой конфигурации операционной системы.	
SRC-0247	fstec-vulnerability-management-2023	fstec-vulnerability-management-2023.pdf	fa27a3894de15cb5849739a1886cb579efc467e1429c21d8f3b28020343428ca	transitive-process	figure	figure:7.1	1258	readable	YES	CLOSED	informational	Структурный элемент документа (схема, таблица операций, приложение), иллюстрирующий процесс и не являющийся отдельным проверяемым требованием.	Process diagram retained for semantic review; not auto-converted to a control.
SRC-0248	fstec-vulnerability-management-2023	fstec-vulnerability-management-2023.pdf	fa27a3894de15cb5849739a1886cb579efc467e1429c21d8f3b28020343428ca	transitive-process	figure	figure:7.2	1262	readable	YES	CLOSED	informational	Структурный элемент документа (схема, таблица операций, приложение), иллюстрирующий процесс и не являющийся отдельным проверяемым требованием.	Process diagram retained for semantic review; not auto-converted to a control.
SRC-0249	fstec-vulnerability-management-2023	fstec-vulnerability-management-2023.pdf	fa27a3894de15cb5849739a1886cb579efc467e1429c21d8f3b28020343428ca	transitive-process	table	table:7.2	1270	readable	YES	CLOSED	informational	Структурный элемент документа (схема, таблица операций, приложение), иллюстрирующий процесс и не являющийся отдельным проверяемым требованием.	Structural table retained for semantic review; not auto-converted to a control.
SRC-0250	fstec-vulnerability-management-2023	fstec-vulnerability-management-2023.pdf	fa27a3894de15cb5849739a1886cb579efc467e1429c21d8f3b28020343428ca	transitive-process	main-numbered-clause	7.5	1353	readable	YES	CLOSED	organizational	Требование адресовано процессу управления уязвимостями в органе (организации) и не выражается в проверяемой конфигурации операционной системы.	
SRC-0251	fstec-vulnerability-management-2023	fstec-vulnerability-management-2023.pdf	fa27a3894de15cb5849739a1886cb579efc467e1429c21d8f3b28020343428ca	transitive-process	appendix	appendix:bpmn-notation	1362	readable	YES	CLOSED	informational	Структурный элемент документа (схема, таблица операций, приложение), иллюстрирующий процесс и не являющийся отдельным проверяемым требованием.	BPMN notation appendix retained as structural evidence.
SRC-0252	fstec-security-update-testing-2022	fstec-security-update-testing-2022.pdf	18c03ea8d82ae3dd0ea51acf1f5786f6057a0dadc9a5d7a51bff354dd0747945	transitive-process	main-numbered-clause	1.1	99	readable	YES	CLOSED	organizational	Требование адресовано процессу тестирования обновлений безопасности исследователем и оператором информационной системы и не выражается в проверяемой конфигурации операционной системы.	
SRC-0253	fstec-security-update-testing-2022	fstec-security-update-testing-2022.pdf	18c03ea8d82ae3dd0ea51acf1f5786f6057a0dadc9a5d7a51bff354dd0747945	transitive-process	main-numbered-clause	1.2	108	readable	YES	CLOSED	organizational	Требование адресовано процессу тестирования обновлений безопасности исследователем и оператором информационной системы и не выражается в проверяемой конфигурации операционной системы.	
SRC-0254	fstec-security-update-testing-2022	fstec-security-update-testing-2022.pdf	18c03ea8d82ae3dd0ea51acf1f5786f6057a0dadc9a5d7a51bff354dd0747945	transitive-process	main-numbered-clause	1.3	118	readable	YES	CLOSED	organizational	Требование адресовано процессу тестирования обновлений безопасности исследователем и оператором информационной системы и не выражается в проверяемой конфигурации операционной системы.	
SRC-0255	fstec-security-update-testing-2022	fstec-security-update-testing-2022.pdf	18c03ea8d82ae3dd0ea51acf1f5786f6057a0dadc9a5d7a51bff354dd0747945	transitive-process	main-numbered-clause	1.4	130	readable	YES	CLOSED	organizational	Требование адресовано процессу тестирования обновлений безопасности исследователем и оператором информационной системы и не выражается в проверяемой конфигурации операционной системы.	
SRC-0256	fstec-security-update-testing-2022	fstec-security-update-testing-2022.pdf	18c03ea8d82ae3dd0ea51acf1f5786f6057a0dadc9a5d7a51bff354dd0747945	transitive-process	main-numbered-clause	1.5	134	readable	YES	CLOSED	organizational	Требование адресовано процессу тестирования обновлений безопасности исследователем и оператором информационной системы и не выражается в проверяемой конфигурации операционной системы.	
SRC-0257	fstec-security-update-testing-2022	fstec-security-update-testing-2022.pdf	18c03ea8d82ae3dd0ea51acf1f5786f6057a0dadc9a5d7a51bff354dd0747945	transitive-process	main-numbered-clause	1.6	138	readable	YES	CLOSED	organizational	Требование адресовано процессу тестирования обновлений безопасности исследователем и оператором информационной системы и не выражается в проверяемой конфигурации операционной системы.	
SRC-0258	fstec-security-update-testing-2022	fstec-security-update-testing-2022.pdf	18c03ea8d82ae3dd0ea51acf1f5786f6057a0dadc9a5d7a51bff354dd0747945	transitive-process	main-numbered-clause	2.1	151	readable	YES	CLOSED	organizational	Требование адресовано процессу тестирования обновлений безопасности исследователем и оператором информационной системы и не выражается в проверяемой конфигурации операционной системы.	
SRC-0259	fstec-security-update-testing-2022	fstec-security-update-testing-2022.pdf	18c03ea8d82ae3dd0ea51acf1f5786f6057a0dadc9a5d7a51bff354dd0747945	transitive-process	main-numbered-clause	2.2	155	readable	YES	CLOSED	organizational	Требование адресовано процессу тестирования обновлений безопасности исследователем и оператором информационной системы и не выражается в проверяемой конфигурации операционной системы.	
SRC-0260	fstec-security-update-testing-2022	fstec-security-update-testing-2022.pdf	18c03ea8d82ae3dd0ea51acf1f5786f6057a0dadc9a5d7a51bff354dd0747945	transitive-process	main-numbered-clause	2.3	165	readable	YES	CLOSED	organizational	Требование адресовано процессу тестирования обновлений безопасности исследователем и оператором информационной системы и не выражается в проверяемой конфигурации операционной системы.	
SRC-0261	fstec-security-update-testing-2022	fstec-security-update-testing-2022.pdf	18c03ea8d82ae3dd0ea51acf1f5786f6057a0dadc9a5d7a51bff354dd0747945	transitive-process	main-numbered-clause	2.4	188	readable	YES	CLOSED	organizational	Требование адресовано процессу тестирования обновлений безопасности исследователем и оператором информационной системы и не выражается в проверяемой конфигурации операционной системы.	
SRC-0262	fstec-security-update-testing-2022	fstec-security-update-testing-2022.pdf	18c03ea8d82ae3dd0ea51acf1f5786f6057a0dadc9a5d7a51bff354dd0747945	transitive-process	main-numbered-clause	2.5	194	readable	YES	CLOSED	organizational	Требование адресовано процессу тестирования обновлений безопасности исследователем и оператором информационной системы и не выражается в проверяемой конфигурации операционной системы.	
SRC-0263	fstec-security-update-testing-2022	fstec-security-update-testing-2022.pdf	18c03ea8d82ae3dd0ea51acf1f5786f6057a0dadc9a5d7a51bff354dd0747945	transitive-process	main-numbered-clause	2.6	198	readable	YES	CLOSED	organizational	Требование адресовано процессу тестирования обновлений безопасности исследователем и оператором информационной системы и не выражается в проверяемой конфигурации операционной системы.	
SRC-0264	fstec-security-update-testing-2022	fstec-security-update-testing-2022.pdf	18c03ea8d82ae3dd0ea51acf1f5786f6057a0dadc9a5d7a51bff354dd0747945	transitive-process	main-numbered-clause	2.7	211	readable	YES	CLOSED	organizational	Требование адресовано процессу тестирования обновлений безопасности исследователем и оператором информационной системы и не выражается в проверяемой конфигурации операционной системы.	
SRC-0265	fstec-security-update-testing-2022	fstec-security-update-testing-2022.pdf	18c03ea8d82ae3dd0ea51acf1f5786f6057a0dadc9a5d7a51bff354dd0747945	transitive-process	main-numbered-clause	3.1.1	231	readable	YES	CLOSED	organizational	Требование адресовано процессу тестирования обновлений безопасности исследователем и оператором информационной системы и не выражается в проверяемой конфигурации операционной системы.	
SRC-0266	fstec-security-update-testing-2022	fstec-security-update-testing-2022.pdf	18c03ea8d82ae3dd0ea51acf1f5786f6057a0dadc9a5d7a51bff354dd0747945	transitive-process	test-id	test:T001	233	readable	YES	CLOSED	organizational	Требование адресовано процессу тестирования обновлений безопасности исследователем и оператором информационной системы и не выражается в проверяемой конфигурации операционной системы.	Procedure/test identifier retained separately from main numbered clauses.
SRC-0267	fstec-security-update-testing-2022	fstec-security-update-testing-2022.pdf	18c03ea8d82ae3dd0ea51acf1f5786f6057a0dadc9a5d7a51bff354dd0747945	transitive-process	test-id	test:T002	234	readable	YES	CLOSED	organizational	Требование адресовано процессу тестирования обновлений безопасности исследователем и оператором информационной системы и не выражается в проверяемой конфигурации операционной системы.	Procedure/test identifier retained separately from main numbered clauses.
SRC-0268	fstec-security-update-testing-2022	fstec-security-update-testing-2022.pdf	18c03ea8d82ae3dd0ea51acf1f5786f6057a0dadc9a5d7a51bff354dd0747945	transitive-process	test-id	test:T003	235	readable	YES	CLOSED	organizational	Требование адресовано процессу тестирования обновлений безопасности исследователем и оператором информационной системы и не выражается в проверяемой конфигурации операционной системы.	Procedure/test identifier retained separately from main numbered clauses.
SRC-0269	fstec-security-update-testing-2022	fstec-security-update-testing-2022.pdf	18c03ea8d82ae3dd0ea51acf1f5786f6057a0dadc9a5d7a51bff354dd0747945	transitive-process	test-id	test:T004	236	readable	YES	CLOSED	organizational	Требование адресовано процессу тестирования обновлений безопасности исследователем и оператором информационной системы и не выражается в проверяемой конфигурации операционной системы.	Procedure/test identifier retained separately from main numbered clauses.
SRC-0270	fstec-security-update-testing-2022	fstec-security-update-testing-2022.pdf	18c03ea8d82ae3dd0ea51acf1f5786f6057a0dadc9a5d7a51bff354dd0747945	transitive-process	test-id	test:T005	243	readable	YES	CLOSED	organizational	Требование адресовано процессу тестирования обновлений безопасности исследователем и оператором информационной системы и не выражается в проверяемой конфигурации операционной системы.	Procedure/test identifier retained separately from main numbered clauses.
SRC-0271	fstec-security-update-testing-2022	fstec-security-update-testing-2022.pdf	18c03ea8d82ae3dd0ea51acf1f5786f6057a0dadc9a5d7a51bff354dd0747945	transitive-process	test-id	test:T006	244	readable	YES	CLOSED	organizational	Требование адресовано процессу тестирования обновлений безопасности исследователем и оператором информационной системы и не выражается в проверяемой конфигурации операционной системы.	Procedure/test identifier retained separately from main numbered clauses.
SRC-0272	fstec-security-update-testing-2022	fstec-security-update-testing-2022.pdf	18c03ea8d82ae3dd0ea51acf1f5786f6057a0dadc9a5d7a51bff354dd0747945	transitive-process	main-numbered-clause	3.1.2	245	readable	YES	CLOSED	organizational	Требование адресовано процессу тестирования обновлений безопасности исследователем и оператором информационной системы и не выражается в проверяемой конфигурации операционной системы.	
SRC-0273	fstec-security-update-testing-2022	fstec-security-update-testing-2022.pdf	18c03ea8d82ae3dd0ea51acf1f5786f6057a0dadc9a5d7a51bff354dd0747945	transitive-process	main-numbered-clause	3.1.3	257	readable	YES	CLOSED	organizational	Требование адресовано процессу тестирования обновлений безопасности исследователем и оператором информационной системы и не выражается в проверяемой конфигурации операционной системы.	
SRC-0274	fstec-security-update-testing-2022	fstec-security-update-testing-2022.pdf	18c03ea8d82ae3dd0ea51acf1f5786f6057a0dadc9a5d7a51bff354dd0747945	transitive-process	main-numbered-clause	3.1.4	260	readable	YES	CLOSED	organizational	Требование адресовано процессу тестирования обновлений безопасности исследователем и оператором информационной системы и не выражается в проверяемой конфигурации операционной системы.	
SRC-0275	fstec-security-update-testing-2022	fstec-security-update-testing-2022.pdf	18c03ea8d82ae3dd0ea51acf1f5786f6057a0dadc9a5d7a51bff354dd0747945	transitive-process	main-numbered-clause	3.2.1	265	readable	YES	CLOSED	organizational	Требование адресовано процессу тестирования обновлений безопасности исследователем и оператором информационной системы и не выражается в проверяемой конфигурации операционной системы.	
SRC-0276	fstec-security-update-testing-2022	fstec-security-update-testing-2022.pdf	18c03ea8d82ae3dd0ea51acf1f5786f6057a0dadc9a5d7a51bff354dd0747945	transitive-process	main-numbered-clause	3.2.2	268	readable	YES	CLOSED	organizational	Требование адресовано процессу тестирования обновлений безопасности исследователем и оператором информационной системы и не выражается в проверяемой конфигурации операционной системы.	
SRC-0277	fstec-security-update-testing-2022	fstec-security-update-testing-2022.pdf	18c03ea8d82ae3dd0ea51acf1f5786f6057a0dadc9a5d7a51bff354dd0747945	transitive-process	main-numbered-clause	3.2.3	285	readable	YES	CLOSED	organizational	Требование адресовано процессу тестирования обновлений безопасности исследователем и оператором информационной системы и не выражается в проверяемой конфигурации операционной системы.	
SRC-0278	fstec-security-update-testing-2022	fstec-security-update-testing-2022.pdf	18c03ea8d82ae3dd0ea51acf1f5786f6057a0dadc9a5d7a51bff354dd0747945	transitive-process	main-numbered-clause	3.2.4	289	readable	YES	CLOSED	organizational	Требование адресовано процессу тестирования обновлений безопасности исследователем и оператором информационной системы и не выражается в проверяемой конфигурации операционной системы.	
SRC-0279	fstec-security-update-testing-2022	fstec-security-update-testing-2022.pdf	18c03ea8d82ae3dd0ea51acf1f5786f6057a0dadc9a5d7a51bff354dd0747945	transitive-process	main-numbered-clause	3.3.1	298	readable	YES	CLOSED	organizational	Требование адресовано процессу тестирования обновлений безопасности исследователем и оператором информационной системы и не выражается в проверяемой конфигурации операционной системы.	
SRC-0280	fstec-security-update-testing-2022	fstec-security-update-testing-2022.pdf	18c03ea8d82ae3dd0ea51acf1f5786f6057a0dadc9a5d7a51bff354dd0747945	transitive-process	main-numbered-clause	3.3.2	304	readable	YES	CLOSED	organizational	Требование адресовано процессу тестирования обновлений безопасности исследователем и оператором информационной системы и не выражается в проверяемой конфигурации операционной системы.	
SRC-0281	fstec-security-update-testing-2022	fstec-security-update-testing-2022.pdf	18c03ea8d82ae3dd0ea51acf1f5786f6057a0dadc9a5d7a51bff354dd0747945	transitive-process	main-numbered-clause	3.3.3	311	readable	YES	CLOSED	organizational	Требование адресовано процессу тестирования обновлений безопасности исследователем и оператором информационной системы и не выражается в проверяемой конфигурации операционной системы.	
SRC-0282	fstec-security-update-testing-2022	fstec-security-update-testing-2022.pdf	18c03ea8d82ae3dd0ea51acf1f5786f6057a0dadc9a5d7a51bff354dd0747945	transitive-process	main-numbered-clause	3.3.4	316	readable	YES	CLOSED	organizational	Требование адресовано процессу тестирования обновлений безопасности исследователем и оператором информационной системы и не выражается в проверяемой конфигурации операционной системы.	
SRC-0283	fstec-security-update-testing-2022	fstec-security-update-testing-2022.pdf	18c03ea8d82ae3dd0ea51acf1f5786f6057a0dadc9a5d7a51bff354dd0747945	transitive-process	main-numbered-clause	3.4.1	324	readable	YES	CLOSED	organizational	Требование адресовано процессу тестирования обновлений безопасности исследователем и оператором информационной системы и не выражается в проверяемой конфигурации операционной системы.	
SRC-0284	fstec-security-update-testing-2022	fstec-security-update-testing-2022.pdf	18c03ea8d82ae3dd0ea51acf1f5786f6057a0dadc9a5d7a51bff354dd0747945	transitive-process	main-numbered-clause	3.4.2	329	readable	YES	CLOSED	organizational	Требование адресовано процессу тестирования обновлений безопасности исследователем и оператором информационной системы и не выражается в проверяемой конфигурации операционной системы.	
SRC-0285	fstec-security-update-testing-2022	fstec-security-update-testing-2022.pdf	18c03ea8d82ae3dd0ea51acf1f5786f6057a0dadc9a5d7a51bff354dd0747945	transitive-process	main-numbered-clause	3.4.3	341	readable	YES	CLOSED	organizational	Требование адресовано процессу тестирования обновлений безопасности исследователем и оператором информационной системы и не выражается в проверяемой конфигурации операционной системы.	
SRC-0286	fstec-security-update-testing-2022	fstec-security-update-testing-2022.pdf	18c03ea8d82ae3dd0ea51acf1f5786f6057a0dadc9a5d7a51bff354dd0747945	transitive-process	main-numbered-clause	3.4.4	344	readable	YES	CLOSED	organizational	Требование адресовано процессу тестирования обновлений безопасности исследователем и оператором информационной системы и не выражается в проверяемой конфигурации операционной системы.	
SRC-0287	fstec-security-update-testing-2022	fstec-security-update-testing-2022.pdf	18c03ea8d82ae3dd0ea51acf1f5786f6057a0dadc9a5d7a51bff354dd0747945	transitive-process	main-numbered-clause	3.5.1	348	readable	YES	CLOSED	organizational	Требование адресовано процессу тестирования обновлений безопасности исследователем и оператором информационной системы и не выражается в проверяемой конфигурации операционной системы.	
SRC-0288	fstec-security-update-testing-2022	fstec-security-update-testing-2022.pdf	18c03ea8d82ae3dd0ea51acf1f5786f6057a0dadc9a5d7a51bff354dd0747945	transitive-process	main-numbered-clause	3.5.2	352	readable	YES	CLOSED	organizational	Требование адресовано процессу тестирования обновлений безопасности исследователем и оператором информационной системы и не выражается в проверяемой конфигурации операционной системы.	
SRC-0289	fstec-security-update-testing-2022	fstec-security-update-testing-2022.pdf	18c03ea8d82ae3dd0ea51acf1f5786f6057a0dadc9a5d7a51bff354dd0747945	transitive-process	main-numbered-clause	3.5.3	358	readable	YES	CLOSED	organizational	Требование адресовано процессу тестирования обновлений безопасности исследователем и оператором информационной системы и не выражается в проверяемой конфигурации операционной системы.	
SRC-0290	fstec-security-update-testing-2022	fstec-security-update-testing-2022.pdf	18c03ea8d82ae3dd0ea51acf1f5786f6057a0dadc9a5d7a51bff354dd0747945	transitive-process	main-numbered-clause	3.5.4	360	readable	YES	CLOSED	organizational	Требование адресовано процессу тестирования обновлений безопасности исследователем и оператором информационной системы и не выражается в проверяемой конфигурации операционной системы.	
SRC-0291	fstec-security-update-testing-2022	fstec-security-update-testing-2022.pdf	18c03ea8d82ae3dd0ea51acf1f5786f6057a0dadc9a5d7a51bff354dd0747945	transitive-process	main-numbered-clause	3.5.5	366	readable	YES	CLOSED	organizational	Требование адресовано процессу тестирования обновлений безопасности исследователем и оператором информационной системы и не выражается в проверяемой конфигурации операционной системы.	
SRC-0292	fstec-security-update-testing-2022	fstec-security-update-testing-2022.pdf	18c03ea8d82ae3dd0ea51acf1f5786f6057a0dadc9a5d7a51bff354dd0747945	transitive-process	main-numbered-clause	3.6.1	371	readable	YES	CLOSED	organizational	Требование адресовано процессу тестирования обновлений безопасности исследователем и оператором информационной системы и не выражается в проверяемой конфигурации операционной системы.	
SRC-0293	fstec-security-update-testing-2022	fstec-security-update-testing-2022.pdf	18c03ea8d82ae3dd0ea51acf1f5786f6057a0dadc9a5d7a51bff354dd0747945	transitive-process	main-numbered-clause	3.6.2	377	readable	YES	CLOSED	organizational	Требование адресовано процессу тестирования обновлений безопасности исследователем и оператором информационной системы и не выражается в проверяемой конфигурации операционной системы.	
SRC-0294	fstec-security-update-testing-2022	fstec-security-update-testing-2022.pdf	18c03ea8d82ae3dd0ea51acf1f5786f6057a0dadc9a5d7a51bff354dd0747945	transitive-process	main-numbered-clause	3.6.3	380	readable	YES	CLOSED	organizational	Требование адресовано процессу тестирования обновлений безопасности исследователем и оператором информационной системы и не выражается в проверяемой конфигурации операционной системы.	
SRC-0295	fstec-security-update-testing-2022	fstec-security-update-testing-2022.pdf	18c03ea8d82ae3dd0ea51acf1f5786f6057a0dadc9a5d7a51bff354dd0747945	transitive-process	main-numbered-clause	3.6.4	389	readable	YES	CLOSED	organizational	Требование адресовано процессу тестирования обновлений безопасности исследователем и оператором информационной системы и не выражается в проверяемой конфигурации операционной системы.	
SRC-0296	fstec-security-update-testing-2022	fstec-security-update-testing-2022.pdf	18c03ea8d82ae3dd0ea51acf1f5786f6057a0dadc9a5d7a51bff354dd0747945	transitive-process	main-numbered-clause	3.6.5	392	readable	YES	CLOSED	organizational	Требование адресовано процессу тестирования обновлений безопасности исследователем и оператором информационной системы и не выражается в проверяемой конфигурации операционной системы.	
SRC-0297	fstec-security-update-testing-2022	fstec-security-update-testing-2022.pdf	18c03ea8d82ae3dd0ea51acf1f5786f6057a0dadc9a5d7a51bff354dd0747945	transitive-process	main-numbered-clause	3.7.1	397	readable	YES	CLOSED	organizational	Требование адресовано процессу тестирования обновлений безопасности исследователем и оператором информационной системы и не выражается в проверяемой конфигурации операционной системы.	
SRC-0298	fstec-security-update-testing-2022	fstec-security-update-testing-2022.pdf	18c03ea8d82ae3dd0ea51acf1f5786f6057a0dadc9a5d7a51bff354dd0747945	transitive-process	main-numbered-clause	3.7.2	409	readable	YES	CLOSED	organizational	Требование адресовано процессу тестирования обновлений безопасности исследователем и оператором информационной системы и не выражается в проверяемой конфигурации операционной системы.	
SRC-0299	fstec-security-update-testing-2022	fstec-security-update-testing-2022.pdf	18c03ea8d82ae3dd0ea51acf1f5786f6057a0dadc9a5d7a51bff354dd0747945	transitive-process	main-numbered-clause	3.7.3	416	readable	YES	CLOSED	organizational	Требование адресовано процессу тестирования обновлений безопасности исследователем и оператором информационной системы и не выражается в проверяемой конфигурации операционной системы.	
SRC-0300	fstec-security-update-testing-2022	fstec-security-update-testing-2022.pdf	18c03ea8d82ae3dd0ea51acf1f5786f6057a0dadc9a5d7a51bff354dd0747945	transitive-process	main-numbered-clause	3.7.4	425	readable	YES	CLOSED	organizational	Требование адресовано процессу тестирования обновлений безопасности исследователем и оператором информационной системы и не выражается в проверяемой конфигурации операционной системы.	
SRC-0301	fstec-security-update-testing-2022	fstec-security-update-testing-2022.pdf	18c03ea8d82ae3dd0ea51acf1f5786f6057a0dadc9a5d7a51bff354dd0747945	transitive-process	main-numbered-clause	3.7.5	429	readable	YES	CLOSED	organizational	Требование адресовано процессу тестирования обновлений безопасности исследователем и оператором информационной системы и не выражается в проверяемой конфигурации операционной системы.	
SRC-0302	fstec-security-update-testing-2022	fstec-security-update-testing-2022.pdf	18c03ea8d82ae3dd0ea51acf1f5786f6057a0dadc9a5d7a51bff354dd0747945	transitive-process	main-numbered-clause	4.1	442	readable	YES	CLOSED	organizational	Требование адресовано процессу тестирования обновлений безопасности исследователем и оператором информационной системы и не выражается в проверяемой конфигурации операционной системы.	
SRC-0303	fstec-security-update-testing-2022	fstec-security-update-testing-2022.pdf	18c03ea8d82ae3dd0ea51acf1f5786f6057a0dadc9a5d7a51bff354dd0747945	transitive-process	main-numbered-clause	4.2	447	readable	YES	CLOSED	organizational	Требование адресовано процессу тестирования обновлений безопасности исследователем и оператором информационной системы и не выражается в проверяемой конфигурации операционной системы.	
SRC-0304	fstec-security-update-testing-2022	fstec-security-update-testing-2022.pdf	18c03ea8d82ae3dd0ea51acf1f5786f6057a0dadc9a5d7a51bff354dd0747945	transitive-process	main-numbered-clause	4.3	462	readable	YES	CLOSED	organizational	Требование адресовано процессу тестирования обновлений безопасности исследователем и оператором информационной системы и не выражается в проверяемой конфигурации операционной системы.	
SRC-0305	fstec-security-update-testing-2022	fstec-security-update-testing-2022.pdf	18c03ea8d82ae3dd0ea51acf1f5786f6057a0dadc9a5d7a51bff354dd0747945	transitive-process	main-numbered-clause	4.4	474	readable	YES	CLOSED	organizational	Требование адресовано процессу тестирования обновлений безопасности исследователем и оператором информационной системы и не выражается в проверяемой конфигурации операционной системы.	
SRC-0306	fstec-security-update-testing-2022	fstec-security-update-testing-2022.pdf	18c03ea8d82ae3dd0ea51acf1f5786f6057a0dadc9a5d7a51bff354dd0747945	transitive-process	main-numbered-clause	4.5	490	readable	YES	CLOSED	organizational	Требование адресовано процессу тестирования обновлений безопасности исследователем и оператором информационной системы и не выражается в проверяемой конфигурации операционной системы.	
SRC-0307	fstec-security-update-testing-2022	fstec-security-update-testing-2022.pdf	18c03ea8d82ae3dd0ea51acf1f5786f6057a0dadc9a5d7a51bff354dd0747945	transitive-process	main-numbered-clause	4.6	493	readable	YES	CLOSED	organizational	Требование адресовано процессу тестирования обновлений безопасности исследователем и оператором информационной системы и не выражается в проверяемой конфигурации операционной системы.	
SRC-0308	fstec-security-update-testing-2022	fstec-security-update-testing-2022.pdf	18c03ea8d82ae3dd0ea51acf1f5786f6057a0dadc9a5d7a51bff354dd0747945	transitive-process	appendix1-decision-rule	appendix1:1.1	512	readable	YES	CLOSED	organizational	Требование адресовано процессу тестирования обновлений безопасности исследователем и оператором информационной системы и не выражается в проверяемой конфигурации операционной системы.	
SRC-0309	fstec-security-update-testing-2022	fstec-security-update-testing-2022.pdf	18c03ea8d82ae3dd0ea51acf1f5786f6057a0dadc9a5d7a51bff354dd0747945	transitive-process	appendix1-decision-rule	appendix1:1.2	522	readable	YES	CLOSED	organizational	Требование адресовано процессу тестирования обновлений безопасности исследователем и оператором информационной системы и не выражается в проверяемой конфигурации операционной системы.	
SRC-0310	fstec-security-update-testing-2022	fstec-security-update-testing-2022.pdf	18c03ea8d82ae3dd0ea51acf1f5786f6057a0dadc9a5d7a51bff354dd0747945	transitive-process	appendix1-decision-rule	appendix1:2.1	531	readable	YES	CLOSED	organizational	Требование адресовано процессу тестирования обновлений безопасности исследователем и оператором информационной системы и не выражается в проверяемой конфигурации операционной системы.	
SRC-0311	fstec-security-update-testing-2022	fstec-security-update-testing-2022.pdf	18c03ea8d82ae3dd0ea51acf1f5786f6057a0dadc9a5d7a51bff354dd0747945	transitive-process	appendix1-decision-rule	appendix1:2.2	534	readable	YES	CLOSED	organizational	Требование адресовано процессу тестирования обновлений безопасности исследователем и оператором информационной системы и не выражается в проверяемой конфигурации операционной системы.	
SRC-0312	fstec-security-update-testing-2022	fstec-security-update-testing-2022.pdf	18c03ea8d82ae3dd0ea51acf1f5786f6057a0dadc9a5d7a51bff354dd0747945	transitive-process	appendix1-decision-rule	appendix1:2.3	544	readable	YES	CLOSED	organizational	Требование адресовано процессу тестирования обновлений безопасности исследователем и оператором информационной системы и не выражается в проверяемой конфигурации операционной системы.	
SRC-0313	fstec-security-update-testing-2022	fstec-security-update-testing-2022.pdf	18c03ea8d82ae3dd0ea51acf1f5786f6057a0dadc9a5d7a51bff354dd0747945	transitive-process	appendix2-report-field	appendix2:1.1	691	readable	YES	CLOSED	organizational	Требование адресовано процессу тестирования обновлений безопасности исследователем и оператором информационной системы и не выражается в проверяемой конфигурации операционной системы.	
SRC-0314	fstec-security-update-testing-2022	fstec-security-update-testing-2022.pdf	18c03ea8d82ae3dd0ea51acf1f5786f6057a0dadc9a5d7a51bff354dd0747945	transitive-process	appendix2-report-field	appendix2:1.2	692	readable	YES	CLOSED	organizational	Требование адресовано процессу тестирования обновлений безопасности исследователем и оператором информационной системы и не выражается в проверяемой конфигурации операционной системы.	
SRC-0315	fstec-security-update-testing-2022	fstec-security-update-testing-2022.pdf	18c03ea8d82ae3dd0ea51acf1f5786f6057a0dadc9a5d7a51bff354dd0747945	transitive-process	appendix2-report-field	appendix2:1.3	693	readable	YES	CLOSED	organizational	Требование адресовано процессу тестирования обновлений безопасности исследователем и оператором информационной системы и не выражается в проверяемой конфигурации операционной системы.	
SRC-0316	fstec-security-update-testing-2022	fstec-security-update-testing-2022.pdf	18c03ea8d82ae3dd0ea51acf1f5786f6057a0dadc9a5d7a51bff354dd0747945	transitive-process	appendix2-report-field	appendix2:1.4	695	readable	YES	CLOSED	organizational	Требование адресовано процессу тестирования обновлений безопасности исследователем и оператором информационной системы и не выражается в проверяемой конфигурации операционной системы.	
SRC-0317	fstec-security-update-testing-2022	fstec-security-update-testing-2022.pdf	18c03ea8d82ae3dd0ea51acf1f5786f6057a0dadc9a5d7a51bff354dd0747945	transitive-process	appendix2-report-field	appendix2:1.5	697	readable	YES	CLOSED	organizational	Требование адресовано процессу тестирования обновлений безопасности исследователем и оператором информационной системы и не выражается в проверяемой конфигурации операционной системы.	
SRC-0318	fstec-security-update-testing-2022	fstec-security-update-testing-2022.pdf	18c03ea8d82ae3dd0ea51acf1f5786f6057a0dadc9a5d7a51bff354dd0747945	transitive-process	appendix2-report-field	appendix2:1.6	698	readable	YES	CLOSED	organizational	Требование адресовано процессу тестирования обновлений безопасности исследователем и оператором информационной системы и не выражается в проверяемой конфигурации операционной системы.	
SRC-0319	fstec-security-update-testing-2022	fstec-security-update-testing-2022.pdf	18c03ea8d82ae3dd0ea51acf1f5786f6057a0dadc9a5d7a51bff354dd0747945	transitive-process	appendix2-report-field	appendix2:1.7	699	readable	YES	CLOSED	organizational	Требование адресовано процессу тестирования обновлений безопасности исследователем и оператором информационной системы и не выражается в проверяемой конфигурации операционной системы.	
SRC-0320	fstec-security-update-testing-2022	fstec-security-update-testing-2022.pdf	18c03ea8d82ae3dd0ea51acf1f5786f6057a0dadc9a5d7a51bff354dd0747945	transitive-process	appendix2-report-field	appendix2:1.8	700	readable	YES	CLOSED	organizational	Требование адресовано процессу тестирования обновлений безопасности исследователем и оператором информационной системы и не выражается в проверяемой конфигурации операционной системы.	
SRC-0321	fstec-security-update-testing-2022	fstec-security-update-testing-2022.pdf	18c03ea8d82ae3dd0ea51acf1f5786f6057a0dadc9a5d7a51bff354dd0747945	transitive-process	appendix2-report-field	appendix2:1.9	702	readable	YES	CLOSED	organizational	Требование адресовано процессу тестирования обновлений безопасности исследователем и оператором информационной системы и не выражается в проверяемой конфигурации операционной системы.	
SRC-0322	fstec-vulnerability-criticality-2025	fstec-vulnerability-criticality-2025.pdf	1bf02c0c5e3d1ef229d700f8a5af5b1dca168f390c781624724cf9bc1984d7ae	transitive-process	main-numbered-clause	1	17	readable	YES	CLOSED	organizational	Требование адресовано процессу оценки уровня критичности уязвимостей оператором информационной системы и не выражается в проверяемой конфигурации операционной системы.	
SRC-0323	fstec-vulnerability-criticality-2025	fstec-vulnerability-criticality-2025.pdf	1bf02c0c5e3d1ef229d700f8a5af5b1dca168f390c781624724cf9bc1984d7ae	transitive-process	main-numbered-clause	2	23	readable	YES	CLOSED	organizational	Требование адресовано процессу оценки уровня критичности уязвимостей оператором информационной системы и не выражается в проверяемой конфигурации операционной системы.	
SRC-0324	fstec-vulnerability-criticality-2025	fstec-vulnerability-criticality-2025.pdf	1bf02c0c5e3d1ef229d700f8a5af5b1dca168f390c781624724cf9bc1984d7ae	transitive-process	main-numbered-clause	3	33	readable	YES	CLOSED	organizational	Требование адресовано процессу оценки уровня критичности уязвимостей оператором информационной системы и не выражается в проверяемой конфигурации операционной системы.	
SRC-0325	fstec-vulnerability-criticality-2025	fstec-vulnerability-criticality-2025.pdf	1bf02c0c5e3d1ef229d700f8a5af5b1dca168f390c781624724cf9bc1984d7ae	transitive-process	main-numbered-clause	4	51	readable	YES	CLOSED	organizational	Требование адресовано процессу оценки уровня критичности уязвимостей оператором информационной системы и не выражается в проверяемой конфигурации операционной системы.	
SRC-0326	fstec-vulnerability-criticality-2025	fstec-vulnerability-criticality-2025.pdf	1bf02c0c5e3d1ef229d700f8a5af5b1dca168f390c781624724cf9bc1984d7ae	transitive-process	main-numbered-clause	5	74	readable	YES	CLOSED	organizational	Требование адресовано процессу оценки уровня критичности уязвимостей оператором информационной системы и не выражается в проверяемой конфигурации операционной системы.	
SRC-0327	fstec-vulnerability-criticality-2025	fstec-vulnerability-criticality-2025.pdf	1bf02c0c5e3d1ef229d700f8a5af5b1dca168f390c781624724cf9bc1984d7ae	transitive-process	main-numbered-clause	6	82	readable	YES	CLOSED	organizational	Требование адресовано процессу оценки уровня критичности уязвимостей оператором информационной системы и не выражается в проверяемой конфигурации операционной системы.	
SRC-0328	fstec-vulnerability-criticality-2025	fstec-vulnerability-criticality-2025.pdf	1bf02c0c5e3d1ef229d700f8a5af5b1dca168f390c781624724cf9bc1984d7ae	transitive-process	main-numbered-clause	7	88	readable	YES	CLOSED	organizational	Требование адресовано процессу оценки уровня критичности уязвимостей оператором информационной системы и не выражается в проверяемой конфигурации операционной системы.	
SRC-0329	fstec-vulnerability-criticality-2025	fstec-vulnerability-criticality-2025.pdf	1bf02c0c5e3d1ef229d700f8a5af5b1dca168f390c781624724cf9bc1984d7ae	transitive-process	main-numbered-clause	8	92	readable	YES	CLOSED	organizational	Требование адресовано процессу оценки уровня критичности уязвимостей оператором информационной системы и не выражается в проверяемой конфигурации операционной системы.	
SRC-0330	fstec-vulnerability-criticality-2025	fstec-vulnerability-criticality-2025.pdf	1bf02c0c5e3d1ef229d700f8a5af5b1dca168f390c781624724cf9bc1984d7ae	transitive-process	main-numbered-clause	9	117	readable	YES	CLOSED	organizational	Требование адресовано процессу оценки уровня критичности уязвимостей оператором информационной системы и не выражается в проверяемой конфигурации операционной системы.	
SRC-0331	fstec-vulnerability-criticality-2025	fstec-vulnerability-criticality-2025.pdf	1bf02c0c5e3d1ef229d700f8a5af5b1dca168f390c781624724cf9bc1984d7ae	transitive-process	main-numbered-clause	10	118	readable	YES	CLOSED	organizational	Требование адресовано процессу оценки уровня критичности уязвимостей оператором информационной системы и не выражается в проверяемой конфигурации операционной системы.	
SRC-0332	fstec-vulnerability-criticality-2025	fstec-vulnerability-criticality-2025.pdf	1bf02c0c5e3d1ef229d700f8a5af5b1dca168f390c781624724cf9bc1984d7ae	transitive-process	main-numbered-clause	11	122	readable	YES	CLOSED	organizational	Требование адресовано процессу оценки уровня критичности уязвимостей оператором информационной системы и не выражается в проверяемой конфигурации операционной системы.	
SRC-0333	fstec-vulnerability-criticality-2025	fstec-vulnerability-criticality-2025.pdf	1bf02c0c5e3d1ef229d700f8a5af5b1dca168f390c781624724cf9bc1984d7ae	transitive-process	main-numbered-clause	12	130	readable	YES	CLOSED	organizational	Требование адресовано процессу оценки уровня критичности уязвимостей оператором информационной системы и не выражается в проверяемой конфигурации операционной системы.	
SRC-0334	fstec-vulnerability-criticality-2025	fstec-vulnerability-criticality-2025.pdf	1bf02c0c5e3d1ef229d700f8a5af5b1dca168f390c781624724cf9bc1984d7ae	transitive-process	main-numbered-clause	13	140	readable	YES	CLOSED	organizational	Требование адресовано процессу оценки уровня критичности уязвимостей оператором информационной системы и не выражается в проверяемой конфигурации операционной системы.	
SRC-0335	fstec-vulnerability-criticality-2025	fstec-vulnerability-criticality-2025.pdf	1bf02c0c5e3d1ef229d700f8a5af5b1dca168f390c781624724cf9bc1984d7ae	transitive-process	main-numbered-clause	14	163	readable	YES	CLOSED	organizational	Требование адресовано процессу оценки уровня критичности уязвимостей оператором информационной системы и не выражается в проверяемой конфигурации операционной системы.	
SRC-0336	fstec-vulnerability-criticality-2025	fstec-vulnerability-criticality-2025.pdf	1bf02c0c5e3d1ef229d700f8a5af5b1dca168f390c781624724cf9bc1984d7ae	transitive-process	main-numbered-clause	15	177	readable	YES	CLOSED	organizational	Требование адресовано процессу оценки уровня критичности уязвимостей оператором информационной системы и не выражается в проверяемой конфигурации операционной системы.	
SRC-0337	fstec-vulnerability-criticality-2025	fstec-vulnerability-criticality-2025.pdf	1bf02c0c5e3d1ef229d700f8a5af5b1dca168f390c781624724cf9bc1984d7ae	transitive-process	main-numbered-clause	16	185	readable	YES	CLOSED	organizational	Требование адресовано процессу оценки уровня критичности уязвимостей оператором информационной системы и не выражается в проверяемой конфигурации операционной системы.	
SRC-0338	fstec-vulnerability-criticality-2025	fstec-vulnerability-criticality-2025.pdf	1bf02c0c5e3d1ef229d700f8a5af5b1dca168f390c781624724cf9bc1984d7ae	transitive-process	main-numbered-clause	17	213	readable	YES	CLOSED	organizational	Требование адресовано процессу оценки уровня критичности уязвимостей оператором информационной системы и не выражается в проверяемой конфигурации операционной системы.	
SRC-0339	fstec-vulnerability-criticality-2025	fstec-vulnerability-criticality-2025.pdf	1bf02c0c5e3d1ef229d700f8a5af5b1dca168f390c781624724cf9bc1984d7ae	transitive-process	table	table:1	260	readable	YES	CLOSED	informational	Структурный элемент документа (таблица значений коэффициентов и оценок, приложение с примерами расчета), не являющийся отдельным проверяемым требованием.	Values/threshold table retained for semantic review.
SRC-0340	fstec-vulnerability-criticality-2025	fstec-vulnerability-criticality-2025.pdf	1bf02c0c5e3d1ef229d700f8a5af5b1dca168f390c781624724cf9bc1984d7ae	transitive-process	main-numbered-clause	18	624	readable	YES	CLOSED	organizational	Требование адресовано процессу оценки уровня критичности уязвимостей оператором информационной системы и не выражается в проверяемой конфигурации операционной системы.	
SRC-0341	fstec-vulnerability-criticality-2025	fstec-vulnerability-criticality-2025.pdf	1bf02c0c5e3d1ef229d700f8a5af5b1dca168f390c781624724cf9bc1984d7ae	transitive-process	table	table:2	633	readable	YES	CLOSED	informational	Структурный элемент документа (таблица значений коэффициентов и оценок, приложение с примерами расчета), не являющийся отдельным проверяемым требованием.	Values/threshold table retained for semantic review.
SRC-0342	fstec-vulnerability-criticality-2025	fstec-vulnerability-criticality-2025.pdf	1bf02c0c5e3d1ef229d700f8a5af5b1dca168f390c781624724cf9bc1984d7ae	transitive-process	main-numbered-clause	19	655	readable	YES	CLOSED	organizational	Требование адресовано процессу оценки уровня критичности уязвимостей оператором информационной системы и не выражается в проверяемой конфигурации операционной системы.	
SRC-0343	fstec-vulnerability-criticality-2025	fstec-vulnerability-criticality-2025.pdf	1bf02c0c5e3d1ef229d700f8a5af5b1dca168f390c781624724cf9bc1984d7ae	transitive-process	main-numbered-clause	20	665	readable	YES	CLOSED	organizational	Требование адресовано процессу оценки уровня критичности уязвимостей оператором информационной системы и не выражается в проверяемой конфигурации операционной системы.	
SRC-0344	fstec-vulnerability-criticality-2025	fstec-vulnerability-criticality-2025.pdf	1bf02c0c5e3d1ef229d700f8a5af5b1dca168f390c781624724cf9bc1984d7ae	transitive-process	main-numbered-clause	21	668	readable	YES	CLOSED	organizational	Требование адресовано процессу оценки уровня критичности уязвимостей оператором информационной системы и не выражается в проверяемой конфигурации операционной системы.	
SRC-0345	fstec-vulnerability-criticality-2025	fstec-vulnerability-criticality-2025.pdf	1bf02c0c5e3d1ef229d700f8a5af5b1dca168f390c781624724cf9bc1984d7ae	transitive-process	main-numbered-clause	22	684	readable	YES	CLOSED	organizational	Требование адресовано процессу оценки уровня критичности уязвимостей оператором информационной системы и не выражается в проверяемой конфигурации операционной системы.	
SRC-0346	fstec-vulnerability-criticality-2025	fstec-vulnerability-criticality-2025.pdf	1bf02c0c5e3d1ef229d700f8a5af5b1dca168f390c781624724cf9bc1984d7ae	transitive-process	main-numbered-clause	23	687	readable	YES	CLOSED	organizational	Требование адресовано процессу оценки уровня критичности уязвимостей оператором информационной системы и не выражается в проверяемой конфигурации операционной системы.	
SRC-0347	fstec-vulnerability-criticality-2025	fstec-vulnerability-criticality-2025.pdf	1bf02c0c5e3d1ef229d700f8a5af5b1dca168f390c781624724cf9bc1984d7ae	transitive-process	main-numbered-clause	24	695	readable	YES	CLOSED	organizational	Требование адресовано процессу оценки уровня критичности уязвимостей оператором информационной системы и не выражается в проверяемой конфигурации операционной системы.	
SRC-0348	fstec-vulnerability-criticality-2025	fstec-vulnerability-criticality-2025.pdf	1bf02c0c5e3d1ef229d700f8a5af5b1dca168f390c781624724cf9bc1984d7ae	transitive-process	main-numbered-clause	25	701	readable	YES	CLOSED	organizational	Требование адресовано процессу оценки уровня критичности уязвимостей оператором информационной системы и не выражается в проверяемой конфигурации операционной системы.	
SRC-0349	fstec-vulnerability-criticality-2025	fstec-vulnerability-criticality-2025.pdf	1bf02c0c5e3d1ef229d700f8a5af5b1dca168f390c781624724cf9bc1984d7ae	transitive-process	appendix	appendix:calculation-examples	730	readable	YES	CLOSED	informational	Структурный элемент документа (таблица значений коэффициентов и оценок, приложение с примерами расчета), не являющийся отдельным проверяемым требованием.	Calculation examples are tracked as informational/example structural evidence until classified.
