mapping_id	item_kind	donor_refs	donor_label	donor_binding_sha256	engineering_contract_refs	donor_test_contract_refs	donor_test_files	mandatory_capability_refs	decision	target_v3_family	rationale	normative_effect	closes_source_rows
MAP-FUNC-0001	FUNCTION	FUNC-0001	usage	b896d607b446f4d889a1d292efb9fea51bc4af6b8458a3c8327f9a4ae966dc5b		TST-003,TST-004			ADAPT	runtime-cli-control-flow	Сохранить fail-closed/aggregate control-flow и machine-visible warnings/errors; не переносить donor policy labels как нормативную истину.	NONE	0
MAP-FUNC-0002	FUNCTION	FUNC-0002	log	be31ce33b47c53f895615da7124a8c4ae5ac676893ae0ac84ed6c2c66f466687		TST-003,TST-004			ADAPT	runtime-cli-control-flow	Сохранить fail-closed/aggregate control-flow и machine-visible warnings/errors; не переносить donor policy labels как нормативную истину.	NONE	0
MAP-FUNC-0003	FUNCTION	FUNC-0003	log_debug	13c585071ccc8ea07b545619bc788ca13d8ff513020eb206c0fbe51363637d80		TST-003,TST-004			ADAPT	runtime-cli-control-flow	Сохранить fail-closed/aggregate control-flow и machine-visible warnings/errors; не переносить donor policy labels как нормативную истину.	NONE	0
MAP-FUNC-0004	FUNCTION	FUNC-0004	die	225503d9ffe22a35f38525e10f96b2aacc90473d3c3536d003e68928181d53a2		TST-003,TST-004			ADAPT	runtime-cli-control-flow	Сохранить fail-closed/aggregate control-flow и machine-visible warnings/errors; не переносить donor policy labels как нормативную истину.	NONE	0
MAP-FUNC-0005	FUNCTION	FUNC-0005	add_warning	3db8999a2fd83f8056ddaafd1481d21717373f8373a19229c652d10fdd05de6d		TST-003,TST-004			ADAPT	runtime-cli-control-flow	Сохранить fail-closed/aggregate control-flow и machine-visible warnings/errors; не переносить donor policy labels как нормативную истину.	NONE	0
MAP-FUNC-0006	FUNCTION	FUNC-0006	add_restore_irreversible	9bb69d687157c2d2f826f388c9a27d7b064181e6db1c898eecf25cdda4e1bfab	ENG-016	TST-003,TST-004,TST-020		CAP-16	ADAPT	apply-foundation/external-recovery-classification	Adapt only as explicit classification/reporting of uncompensated changes that require external snapshot recovery; no RESTORE mode.	NONE	0
MAP-FUNC-0007	FUNCTION	FUNC-0007	add_error	6164fb99e415e135b0e996439d2d0df1d8bb079e72a745e32837e3a1195b79b5		TST-003,TST-004			ADAPT	runtime-cli-control-flow	Сохранить fail-closed/aggregate control-flow и machine-visible warnings/errors; не переносить donor policy labels как нормативную истину.	NONE	0
MAP-FUNC-0008	FUNCTION	FUNC-0008	add_safe	a744841d94537b0823f0ca5a46f18b5e5e3172a97040e0edbf9f9c0abda5f147		TST-003,TST-004			ADAPT	runtime-cli-control-flow	Сохранить fail-closed/aggregate control-flow и machine-visible warnings/errors; не переносить donor policy labels как нормативную истину.	NONE	0
MAP-FUNC-0009	FUNCTION	FUNC-0009	add_risky	7c17a4ce81d95cfcc13cf8d03d4204375eddfe5b87cc0f1145fa77ccc9f0b8c1		TST-003,TST-004			ADAPT	runtime-cli-control-flow	Сохранить fail-closed/aggregate control-flow и machine-visible warnings/errors; не переносить donor policy labels как нормативную истину.	NONE	0
MAP-FUNC-0010	FUNCTION	FUNC-0010	add_skipped	d183b941f4d43e3d109925a0c8bdcd6767590ae7c65f72f7bb847fbf4b9381e9		TST-003,TST-004			ADAPT	runtime-cli-control-flow	Сохранить fail-closed/aggregate control-flow и machine-visible warnings/errors; не переносить donor policy labels как нормативную истину.	NONE	0
MAP-FUNC-0011	FUNCTION	FUNC-0011	add_policy_gate	d2999bc7c6890187c47ad801f3eb6b3c8b138193186a9daa57ba2bec0701f0d2		TST-003,TST-004			ADAPT	runtime-cli-control-flow	Сохранить fail-closed/aggregate control-flow и machine-visible warnings/errors; не переносить donor policy labels как нормативную истину.	NONE	0
MAP-FUNC-0012	FUNCTION	FUNC-0012	validate_managed_file_hardlinks	55f67d03f7d4eb95858ef5d6f416300d00a4970ccd275bf5a39966eae8cee049		TST-001,TST-002,TST-006,TST-011,TST-012,TST-013,TST-014,TST-017		CAP-06	ADAPT	apply-foundation/manifest-file-transaction	Сохранить транзакционную запись pre-state/intent и fail-closed file/manifest mutation; реализацию адаптировать к v3 contracts.	NONE	0
MAP-FUNC-0013	FUNCTION	FUNC-0013	backup_file_checked	bf82848c4791cf2423befd2ca2582729919f6f5238e54c545ffa91049ec6c26b	ENG-001	TST-001,TST-002,TST-006,TST-011,TST-012,TST-013,TST-014,TST-017		CAP-06	ADAPT	apply-foundation/manifest-file-transaction	Сохранить транзакционную запись pre-state/intent и fail-closed file/manifest mutation; реализацию адаптировать к v3 contracts.	NONE	0
MAP-FUNC-0014	FUNCTION	FUNC-0014	atomic_write_command_output	fd88b41475a84472327bfc2935fd49e2d01c0a75a88d20485d9c0d713e125208	ENG-002	TST-001,TST-002,TST-006,TST-011,TST-012,TST-013,TST-014,TST-017		CAP-05	ADAPT	apply-foundation/manifest-file-transaction	Сохранить транзакционную запись pre-state/intent и fail-closed file/manifest mutation; реализацию адаптировать к v3 contracts.	NONE	0
MAP-FUNC-0015	FUNCTION	FUNC-0015	acquire_run_lock	1144a66ef3b49c1ec3c52f9404a43cb59399343c7f56ba8fddd6566f04b52197	ENG-003	TST-001,TST-002,TST-006,TST-011,TST-012,TST-013,TST-014,TST-017		CAP-12,CAP-13	ADAPT	apply-foundation/run-lock	Preserve only the exclusive non-blocking APPLY run-lock mechanism (flock -n 9); adapt lock path/lifecycle to the v3 APPLY contract.	NONE	0
MAP-FUNC-0016	FUNCTION	FUNC-0016	profile_allows	b3faa503980cf8321fde27ca566728d6781aafd034f97f9f1f8882b71df54046	ENG-018	TST-022		CAP-14	ADAPT	apply-foundation/policy-layer-gating	Preserve profile eligibility gating as policy-layer control; it is not a file/manifest transaction primitive.	NONE	0
MAP-FUNC-0017	FUNCTION	FUNC-0017	record_manifest_warning	00d2a8faef0088456210704efcc049bf9cd190d91380e83646355426c7c678a2		TST-001,TST-002,TST-006,TST-011,TST-012,TST-013,TST-014,TST-017		CAP-03	ADAPT	apply-foundation/manifest-file-transaction	Сохранить транзакционную запись pre-state/intent и fail-closed file/manifest mutation; реализацию адаптировать к v3 contracts.	NONE	0
MAP-FUNC-0018	FUNCTION	FUNC-0018	record_manifest_modified_file	63e4c7309768f9ea8d953803cf6c9d16c81cb5d2f0b00e449223845f58e2d971		TST-001,TST-002,TST-006,TST-011,TST-012,TST-013,TST-014,TST-017			ADAPT	apply-foundation/manifest-file-transaction	Сохранить транзакционную запись pre-state/intent и fail-closed file/manifest mutation; реализацию адаптировать к v3 contracts.	NONE	0
MAP-FUNC-0019	FUNCTION	FUNC-0019	record_manifest_modified_file_best_effort	f7dabb377f7d58a9538f70422a6436129323894781ec512a23e0dd30ff4aea8b		TST-001,TST-002,TST-006,TST-011,TST-012,TST-013,TST-014,TST-017			ADAPT	apply-foundation/manifest-file-transaction	Сохранить транзакционную запись pre-state/intent и fail-closed file/manifest mutation; реализацию адаптировать к v3 contracts.	NONE	0
MAP-FUNC-0020	FUNCTION	FUNC-0020	record_manifest_backup	81008a533614a7b00552216e7235c124142eac0d316f0b1c96c7efa5fec768ef		TST-001,TST-002,TST-006,TST-011,TST-012,TST-013,TST-014,TST-017		CAP-03,CAP-06,CAP-12	ADAPT	apply-foundation/manifest-file-transaction	Сохранить транзакционную запись pre-state/intent и fail-closed file/manifest mutation; реализацию адаптировать к v3 contracts.	NONE	0
MAP-FUNC-0021	FUNCTION	FUNC-0021	remove_manifest_backup	fcfcd10056b93aa9516675ca213246f1c875f0d76f19750fc5ce629628d4dce9		TST-001,TST-002,TST-006,TST-011,TST-012,TST-013,TST-014,TST-017			ADAPT	apply-foundation/manifest-file-transaction	Сохранить транзакционную запись pre-state/intent и fail-closed file/manifest mutation; реализацию адаптировать к v3 contracts.	NONE	0
MAP-FUNC-0022	FUNCTION	FUNC-0022	manifest_has_backup_for	7beea62b58f01aafc3a9c3fb8eb30a6c4a638596d2efbb0f82596c590d2ee100		TST-001,TST-002,TST-006,TST-011,TST-012,TST-013,TST-014,TST-017			ADAPT	apply-foundation/manifest-file-transaction	Сохранить транзакционную запись pre-state/intent и fail-closed file/manifest mutation; реализацию адаптировать к v3 contracts.	NONE	0
MAP-FUNC-0023	FUNCTION	FUNC-0023	update_manifest_created_file_state	bec9e6d4742e21ebe01816aa80c2256e38e18c43f1cd4952da46f377029a4212		TST-001,TST-002,TST-006,TST-011,TST-012,TST-013,TST-014,TST-017		CAP-02,CAP-03,CAP-15	ADAPT	apply-foundation/manifest-file-transaction	Сохранить транзакционную запись pre-state/intent и fail-closed file/manifest mutation; реализацию адаптировать к v3 contracts.	NONE	0
MAP-FUNC-0024	FUNCTION	FUNC-0024	record_manifest_pending_created_file	43847e403aa2f0304e2ce47d624ac39b910e2e0a6a284b5c3db571206a4b681b		TST-001,TST-002,TST-006,TST-011,TST-012,TST-013,TST-014,TST-017			ADAPT	apply-foundation/manifest-file-transaction	Сохранить транзакционную запись pre-state/intent и fail-closed file/manifest mutation; реализацию адаптировать к v3 contracts.	NONE	0
MAP-FUNC-0025	FUNCTION	FUNC-0025	record_manifest_created_file	b690b04dc54a26ec6af344c2dce50de4be9137d9985528db9841869917a55e95		TST-001,TST-002,TST-006,TST-011,TST-012,TST-013,TST-014,TST-017			ADAPT	apply-foundation/manifest-file-transaction	Сохранить транзакционную запись pre-state/intent и fail-closed file/manifest mutation; реализацию адаптировать к v3 contracts.	NONE	0
MAP-FUNC-0026	FUNCTION	FUNC-0026	prepare_created_file_transaction	b5170479dcb5e09f06798c67edce8cd640ae51c848fc32d51a4cc19ebbc54763	ENG-019	TST-001,TST-002,TST-006,TST-011,TST-012,TST-013,TST-014,TST-017		CAP-02	ADAPT	apply-foundation/manifest-file-transaction	Сохранить транзакционную запись pre-state/intent и fail-closed file/manifest mutation; реализацию адаптировать к v3 contracts.	NONE	0
MAP-FUNC-0027	FUNCTION	FUNC-0027	record_manifest_apply_report	bc8d6d1ea87acbc0e9616a7118ea4721a3cd0bd5f4e352e0fb2a2da7bc134c56		TST-001,TST-002,TST-006,TST-011,TST-012,TST-013,TST-014,TST-017		CAP-03	ADAPT	apply-foundation/manifest-file-transaction	Сохранить транзакционную запись pre-state/intent и fail-closed file/manifest mutation; реализацию адаптировать к v3 contracts.	NONE	0
MAP-FUNC-0028	FUNCTION	FUNC-0028	record_manifest_irreversible_change	a64c3e7ae5a316e277cd5e00a4a5c081e7ab8bed06d16a594f30ae1cd12ead17		TST-001,TST-002,TST-006,TST-011,TST-012,TST-013,TST-014,TST-017		CAP-03	ADAPT	apply-foundation/manifest-file-transaction	Сохранить транзакционную запись pre-state/intent и fail-closed file/manifest mutation; реализацию адаптировать к v3 contracts.	NONE	0
MAP-FUNC-0029	FUNCTION	FUNC-0029	record_manifest_installed_package	3caf0f23d8eb71469215ba6c6fbd4ae655e4d2ec814513df3932324ac548f625		TST-001,TST-002,TST-006,TST-011,TST-012,TST-013,TST-014,TST-017		CAP-03	ADAPT	apply-foundation/manifest-file-transaction	Сохранить транзакционную запись pre-state/intent и fail-closed file/manifest mutation; реализацию адаптировать к v3 contracts.	NONE	0
MAP-FUNC-0030	FUNCTION	FUNC-0030	record_manifest_pending_package_transaction	21b6aa7bfbc84bab96f6467859ac6baab9058d832a9d3aa39e7d74f61ae8859b		TST-001,TST-002,TST-006,TST-011,TST-012,TST-013,TST-014,TST-017		CAP-02,CAP-15	ADAPT	apply-foundation/manifest-file-transaction	Сохранить транзакционную запись pre-state/intent и fail-closed file/manifest mutation; реализацию адаптировать к v3 contracts.	NONE	0
MAP-FUNC-0031	FUNCTION	FUNC-0031	commit_manifest_package_transaction	c48f5dc74361eccd17e85acded380b836f866bfcbc49ddc8224c5a165735c964		TST-001,TST-002,TST-006,TST-011,TST-012,TST-013,TST-014,TST-017		CAP-02,CAP-12,CAP-15	ADAPT	apply-foundation/manifest-file-transaction	Сохранить транзакционную запись pre-state/intent и fail-closed file/manifest mutation; реализацию адаптировать к v3 contracts.	NONE	0
MAP-FUNC-0032	FUNCTION	FUNC-0032	record_manifest_module_restore_required	60cbfbc45201b47dac79067a6fd5e336709e52c19ef3e3666acdccd3cbc2b4c4		TST-001,TST-002,TST-006,TST-011,TST-012,TST-013,TST-014,TST-017		CAP-03	ADAPT	apply-foundation/manifest-file-transaction	Adapt historical field semantics into explicit transaction-compensation/external-recovery classification; do not preserve a RESTORE-mode requirement.	NONE	0
MAP-FUNC-0033	FUNCTION	FUNC-0033	record_manifest_firewall_state	3bcb8137e22d0a21913203ee3faaf2d4d6a5b6de5b892c41e0e246fa4339c650		TST-001,TST-002,TST-006,TST-011,TST-012,TST-013,TST-014,TST-017			DEFER	future-firewall	Firewall state semantics относятся к отдельному policy layer; сохранить donor manifest mechanics как evidence и отложить до future firewall decision.	NONE	0
MAP-FUNC-0034	FUNCTION	FUNC-0034	restore_manifest_firewall_state	f10bdbeb1183f802c12a80c0953991557359cc7362d3dd0229f7de56dafb7a9f		TST-001,TST-002,TST-006,TST-011,TST-012,TST-013,TST-014,TST-017			REJECT	donor-historical/operational-recovery-excluded	Standalone donor recovery implementation is historical evidence only; user-invokable RESTORE is excluded from v3 and completed APPLY recovery is EXTERNAL_SNAPSHOT.	NONE	0
MAP-FUNC-0035	FUNCTION	FUNC-0035	record_manifest_empty_password_state	c984565cb69ab8391087e80003e752e4d27fe41f88df88a6a84e1ab27038e4fa		TST-001,TST-002,TST-006,TST-011,TST-012,TST-013,TST-014,TST-017			ADAPT	apply-foundation/manifest-file-transaction	Сохранить транзакционную запись pre-state/intent и fail-closed file/manifest mutation; реализацию адаптировать к v3 contracts.	NONE	0
MAP-FUNC-0036	FUNCTION	FUNC-0036	remove_manifest_empty_password_state	a22015651406be86f17e1cd377e3ae3539a82e8f285c1996457597ced51e7c17		TST-001,TST-002,TST-006,TST-011,TST-012,TST-013,TST-014,TST-017			ADAPT	apply-foundation/manifest-file-transaction	Сохранить транзакционную запись pre-state/intent и fail-closed file/manifest mutation; реализацию адаптировать к v3 contracts.	NONE	0
MAP-FUNC-0037	FUNCTION	FUNC-0037	restore_manifest_empty_password_state	21a8aaf9dfa6a28e3b963b737ca4e4027c3f0c07b5e02dd4871bcc470845afdf		TST-001,TST-002,TST-006,TST-011,TST-012,TST-013,TST-014,TST-017			ADAPT	apply-foundation/transaction-state-readback	Reuse only as transaction-local compensation/readback inside a failed uncommitted APPLY when exact pre-state proves reversibility; no user RESTORE; completed APPLY recovery is EXTERNAL_SNAPSHOT.	NONE	0
MAP-FUNC-0038	FUNCTION	FUNC-0038	restore_manifest_module_restore_required	0d0a5c7f0e5c1ad8ab16dc6e9234fd83e6495fea853ff7d8bffe4fd5d2299c09		TST-001,TST-002,TST-006,TST-011,TST-012,TST-013,TST-014,TST-017			REJECT	donor-historical/operational-recovery-excluded	Standalone donor recovery implementation is historical evidence only; user-invokable RESTORE is excluded from v3 and completed APPLY recovery is EXTERNAL_SNAPSHOT.	NONE	0
MAP-FUNC-0039	FUNCTION	FUNC-0039	restore_manifest_has_backup_for	85f60ef655a5ec42cbb3e3fb762691c7215ce1808127f0c3c099b4f377719a08		TST-001,TST-002,TST-006,TST-011,TST-012,TST-013,TST-014,TST-017			ADAPT	apply-foundation/transaction-state-readback	Reuse only as transaction-local compensation/readback inside a failed uncommitted APPLY when exact pre-state proves reversibility; no user RESTORE; completed APPLY recovery is EXTERNAL_SNAPSHOT.	NONE	0
MAP-FUNC-0040	FUNCTION	FUNC-0040	restore_fstab_module_if_required	50ebcf26009d43cc5436825b76bc2bd5c43eae0446692fc5bfa94e6e498d2b66		TST-015			REJECT	donor-historical/operational-recovery-excluded	Standalone donor recovery implementation is historical evidence only; user-invokable RESTORE is excluded from v3 and completed APPLY recovery is EXTERNAL_SNAPSHOT.	NONE	0
MAP-FUNC-0041	FUNCTION	FUNC-0041	snapshot_installed_packages	3efa8c3852e698eee6e22d74826a9adc6f18d376b6f19f4429a9e63f5b9e8c8d	ENG-009	TST-008,TST-019		CAP-07	ADAPT	apply-foundation/package-transaction	Сохранить exact package pre-state/delta и transaction-local compensation для failed uncommitted APPLY; применять только в adapter family, где установка пакетов действительно разрешена.	NONE	0
MAP-FUNC-0042	FUNCTION	FUNC-0042	record_newly_installed_packages	fdd9ebc9779a55b1e6245148c58990d86088f235c785684432531a992faa6a16	ENG-010	TST-008,TST-019		CAP-07	ADAPT	apply-foundation/package-transaction	Сохранить exact package pre-state/delta и transaction-local compensation для failed uncommitted APPLY; применять только в adapter family, где установка пакетов действительно разрешена.	NONE	0
MAP-FUNC-0043	FUNCTION	FUNC-0043	install_packages_transactionally	194d3e4af17b4bd644f0421a377767d1081dc0d99b5a551bcb7d44b42b11ad32		TST-008,TST-019		CAP-07	ADAPT	apply-foundation/package-transaction	Сохранить exact package pre-state/delta и transaction-local compensation для failed uncommitted APPLY; применять только в adapter family, где установка пакетов действительно разрешена.	NONE	0
MAP-FUNC-0044	FUNCTION	FUNC-0044	collect_manifest_package_candidates	41159ea97bdbd5066ae6cb14b3eeee64e7da18eb619ff84cae48f0365b19601a		TST-008,TST-019		CAP-07	ADAPT	apply-foundation/package-transaction	Сохранить exact package pre-state/delta и transaction-local compensation для failed uncommitted APPLY; применять только в adapter family, где установка пакетов действительно разрешена.	NONE	0
MAP-FUNC-0045	FUNCTION	FUNC-0045	restore_installed_packages	5f5d3f1a657ee6a643072a7d4efb3d7042334aff3381a36ea6c19661bbfb5028	ENG-011	TST-008,TST-019		CAP-07	ADAPT	apply-foundation/package-transaction-compensation	Reuse only as transaction-local compensation/readback inside a failed uncommitted APPLY when exact pre-state proves reversibility; no user RESTORE; completed APPLY recovery is EXTERNAL_SNAPSHOT.	NONE	0
MAP-FUNC-0046	FUNCTION	FUNC-0046	report_installed_packages_for_manual_restore	3259155869916177e8b7d331a1ae509e81da0bfee736908aa7a58f77a7f3a0d1		TST-008,TST-019		CAP-16	ADAPT	apply-foundation/external-recovery-reporting	Adapt only as operator-visible external-recovery reporting; SecureLinux-Policy does not perform post-APPLY RESTORE.	NONE	0
MAP-FUNC-0047	FUNCTION	FUNC-0047	runtime_paths_scan	7f13cd4d8c0a7eb0a2dea9d22483a1d7931cd3a0a8a7364a880081f0698b77b5		TST-028			ADAPT	fstec-linux-2022/apply-file-permissions	Использовать только engineering mechanics discovery/mutation и transaction-local compensation failed uncommitted APPLY; target population и predicates обязаны следовать accepted current CHECK.	NONE	0
MAP-FUNC-0048	FUNCTION	FUNC-0048	check_runtime_paths_module	9dc8c138b6f375e4fe9cb369787418255df2fe7be20c2accc440bd971a59a17f					REJECT	current-check-superseded	Donor CHECK не переносится: current v3 CHECK уже принят; source semantics берутся только из accepted v3 controls/adapters.	NONE	0
MAP-FUNC-0049	FUNCTION	FUNC-0049	check_sudo_command_paths_module	b26960c7c2d343451432beb013d0a2d7d8d0d8587729c62bc1451bb01eba1123					REJECT	current-check-superseded	Donor CHECK не переносится: current v3 CHECK уже принят; source semantics берутся только из accepted v3 controls/adapters.	NONE	0
MAP-FUNC-0050	FUNCTION	FUNC-0050	apply_runtime_paths_module	63257b0b4d0359df4d15788a772b6bcb8b50dd0ee70ec43bb70453d54bd429c1		TST-027,TST-028			ADAPT	fstec-linux-2022/apply-file-permissions	Использовать только engineering mechanics discovery/mutation и transaction-local compensation failed uncommitted APPLY; target population и predicates обязаны следовать accepted current CHECK.	NONE	0
MAP-FUNC-0051	FUNCTION	FUNC-0051	record_sudo_command_check_results	0509407ade1610b240c98bd3ba0bb2bfc6bc5cf75b732db3fea07f3c2e6843f5					REJECT	current-check-superseded	Donor CHECK не переносится: current v3 CHECK уже принят; source semantics берутся только из accepted v3 controls/adapters.	NONE	0
MAP-FUNC-0052	FUNCTION	FUNC-0052	sysctl_kernel_check_module	7945524105ffee7fc5f62f0181250969ecc4e55d9fb7502f007133093bd57e68		TST-028			REJECT	current-check-superseded	Read-only donor CHECK function is superseded by the accepted fstec-linux-2022 CHECK vertical; donor target values/predicates are not reusable APPLY mechanics.	NONE	0
MAP-FUNC-0053	FUNCTION	FUNC-0053	record_sysctl_kernel_check_results	8efa32f38e5e0460bbdb40314b14fcb7f52e3d35972a74a90c1c9e202158821d					REJECT	current-check-superseded	Donor CHECK не переносится: current v3 CHECK уже принят; source semantics берутся только из accepted v3 controls/adapters.	NONE	0
MAP-FUNC-0054	FUNCTION	FUNC-0054	grub_kernel_params_check_module	a35a129f531149d08d99c31bb10e9000838a05fe6e2c96a757a3c0d528d8ed71		TST-028			REJECT	current-check-superseded	Read-only donor CHECK function is superseded by the accepted fstec-linux-2022 CHECK vertical; donor target values/predicates are not reusable APPLY mechanics.	NONE	0
MAP-FUNC-0055	FUNCTION	FUNC-0055	record_grub_kernel_params_check_results	3feed969c400e26a1ce007e2e5af12b9c0d1f670950260e5c9734fe5bfa7745e					REJECT	current-check-superseded	Donor CHECK не переносится: current v3 CHECK уже принят; source semantics берутся только из accepted v3 controls/adapters.	NONE	0
MAP-FUNC-0056	FUNCTION	FUNC-0056	sysctl_attack_surface_check_module	eb29b9e8d966556339f30ba402f4800231aa3c272fac1d5f2b3dd2205ecd1bc6		TST-028			REJECT	current-check-superseded	Read-only donor CHECK function is superseded by the accepted fstec-linux-2022 CHECK vertical; donor target values/predicates are not reusable APPLY mechanics.	NONE	0
MAP-FUNC-0057	FUNCTION	FUNC-0057	record_sysctl_attack_surface_check_results	65f963e50f1ca9f90ce50cd82b2e510c0d41640b1be6a442bb9ec3de552de3af					REJECT	current-check-superseded	Donor CHECK не переносится: current v3 CHECK уже принят; source semantics берутся только из accepted v3 controls/adapters.	NONE	0
MAP-FUNC-0058	FUNCTION	FUNC-0058	sysctl_userspace_protection_check_module	bbf81526e8381832945d8e98a8568da01ddd36f8cb68645b204874f6a8a9ce01		TST-028			REJECT	current-check-superseded	Read-only donor CHECK function is superseded by the accepted fstec-linux-2022 CHECK vertical; donor target values/predicates are not reusable APPLY mechanics.	NONE	0
MAP-FUNC-0059	FUNCTION	FUNC-0059	record_sysctl_userspace_protection_check_results	cd455bc784f15e4d96e19711411f6399d81c94c511e1cc2c94b4c976f9fc3ee1					REJECT	current-check-superseded	Donor CHECK не переносится: current v3 CHECK уже принят; source semantics берутся только из accepted v3 controls/adapters.	NONE	0
MAP-FUNC-0060	FUNCTION	FUNC-0060	home_targets_scan	5819edfea387c7e09e482f9d77f275db572a668b7cd9e0d45bd21574714704dd		TST-028			ADAPT	fstec-linux-2022/apply-file-permissions	Использовать только engineering mechanics discovery/mutation и transaction-local compensation failed uncommitted APPLY; target population и predicates обязаны следовать accepted current CHECK.	NONE	0
MAP-FUNC-0061	FUNCTION	FUNC-0061	check_home_permissions_module	e5ecb5af99bde99d6b1942b730d48c0112dff6e40c8a5352f1ee0f44ff132750					REJECT	current-check-superseded	Donor CHECK не переносится: current v3 CHECK уже принят; source semantics берутся только из accepted v3 controls/adapters.	NONE	0
MAP-FUNC-0062	FUNCTION	FUNC-0062	record_home_permissions_check_results	bb5fb94cfb2ed1908121592c5ee44f66424c9cfa73fa64e4876dcfd0ca9c10fe					REJECT	current-check-superseded	Donor CHECK не переносится: current v3 CHECK уже принят; source semantics берутся только из accepted v3 controls/adapters.	NONE	0
MAP-FUNC-0063	FUNCTION	FUNC-0063	check_user_cron_permissions_module	e761fd0d7931f9bd82a8a1b81cdf9beac7f7e3237a6bf050086882e579e8330f					REJECT	current-check-superseded	Donor CHECK не переносится: current v3 CHECK уже принят; source semantics берутся только из accepted v3 controls/adapters.	NONE	0
MAP-FUNC-0064	FUNCTION	FUNC-0064	record_user_cron_permissions_check_results	24a991876df88e27b804045f941bd752a6513c2ca23426a901f169cc7bf22c7e					REJECT	current-check-superseded	Donor CHECK не переносится: current v3 CHECK уже принят; source semantics берутся только из accepted v3 controls/adapters.	NONE	0
MAP-FUNC-0065	FUNCTION	FUNC-0065	check_cron_command_paths_module	b306dfa9e474121ba2a5f10a16cbfb6dcbf66683116179cfe7cc21c11a1d3e1b					REJECT	current-check-superseded	Donor CHECK не переносится: current v3 CHECK уже принят; source semantics берутся только из accepted v3 controls/adapters.	NONE	0
MAP-FUNC-0066	FUNCTION	FUNC-0066	record_cron_command_paths_check_results	903bf95ce32124510353c37e0605435964794aa9c36a696e7b7b6d8ead29a80d					REJECT	current-check-superseded	Donor CHECK не переносится: current v3 CHECK уже принят; source semantics берутся только из accepted v3 controls/adapters.	NONE	0
MAP-FUNC-0067	FUNCTION	FUNC-0067	apply_cron_command_paths_module	736392898a0caa97db3fdba5c1f665bce55f1c0c884580f9f0c228bbfdc6541d		TST-027,TST-028			ADAPT	fstec-linux-2022/apply-file-permissions	Использовать только engineering mechanics discovery/mutation и transaction-local compensation failed uncommitted APPLY; target population и predicates обязаны следовать accepted current CHECK.	NONE	0
MAP-FUNC-0068	FUNCTION	FUNC-0068	check_standard_system_paths_module	56ea23dad0ad32480637277c38df0c1bd7da7db82c74d142277ed015af139e8a					REJECT	current-check-superseded	Donor CHECK не переносится: current v3 CHECK уже принят; source semantics берутся только из accepted v3 controls/adapters.	NONE	0
MAP-FUNC-0069	FUNCTION	FUNC-0069	record_standard_system_paths_check_results	3ceadb19c0faa5763deeef0610f36041a8cec0ae1916cb7f845d068a1bc2492b					REJECT	current-check-superseded	Donor CHECK не переносится: current v3 CHECK уже принят; source semantics берутся только из accepted v3 controls/adapters.	NONE	0
MAP-FUNC-0070	FUNCTION	FUNC-0070	apply_standard_system_paths_module	88d8cf2bed0f436dbe07f1c88435726a49b80b46ab9098b834121845f67f59e8		TST-027,TST-028			ADAPT	fstec-linux-2022/apply-file-permissions	Использовать только engineering mechanics discovery/mutation и transaction-local compensation failed uncommitted APPLY; target population и predicates обязаны следовать accepted current CHECK.	NONE	0
MAP-FUNC-0071	FUNCTION	FUNC-0071	check_suid_sgid_module	b3aa8ab67f28db0bc4006b4dd7b851bb89588a9cae363d3aea4fe0c7c9a5adcc					REJECT	current-check-superseded	Donor CHECK не переносится: current v3 CHECK уже принят; source semantics берутся только из accepted v3 controls/adapters.	NONE	0
MAP-FUNC-0072	FUNCTION	FUNC-0072	record_suid_sgid_check_results	6508862eef3ebe365d0d16bd8bd4f840799206d2e7f34b30655302bd5d277385					REJECT	current-check-superseded	Donor CHECK не переносится: current v3 CHECK уже принят; source semantics берутся только из accepted v3 controls/adapters.	NONE	0
MAP-FUNC-0073	FUNCTION	FUNC-0073	apply_suid_sgid_module	84bd7a326a91ae4f830cdaffb08986b2f093432a194d17951f0fe1d33c3652b5		TST-028			ADAPT	fstec-linux-2022/apply-file-permissions	Использовать только engineering mechanics discovery/mutation и transaction-local compensation failed uncommitted APPLY; target population и predicates обязаны следовать accepted current CHECK.	NONE	0
MAP-FUNC-0074	FUNCTION	FUNC-0074	apply_user_cron_permissions_module	f9218538ae1fb1a5609617f713c6889c264c2dc0220c1fba95505879569d1ea3		TST-028			ADAPT	fstec-linux-2022/apply-file-permissions	Использовать только engineering mechanics discovery/mutation и transaction-local compensation failed uncommitted APPLY; target population и predicates обязаны следовать accepted current CHECK.	NONE	0
MAP-FUNC-0075	FUNCTION	FUNC-0075	apply_home_permissions_module	96c231f9bc45e66afdce96216322d7f45c88fd2acd490239e4cfc8bd9ad2f5cd		TST-028			ADAPT	fstec-linux-2022/apply-file-permissions	Использовать только engineering mechanics discovery/mutation и transaction-local compensation failed uncommitted APPLY; target population и predicates обязаны следовать accepted current CHECK.	NONE	0
MAP-FUNC-0076	FUNCTION	FUNC-0076	preserve_stricter_sysctl_values	9e2f5071fdb2beed43b50f97c1c4c9e5f6f1788fec70635fb0a6f325cc85ab1c	ENG-017	TST-020,TST-021		CAP-08	ADAPT	fstec-linux-2022/sysctl-apply	Сохранить no-weakening, live pre-state snapshot и targeted transaction-local compensation failed uncommitted APPLY; ключи/операторы берутся из accepted v3 controls.	NONE	0
MAP-FUNC-0077	FUNCTION	FUNC-0077	record_sysctl_runtime_snapshot	711988f7df72aa5908b915b7dffa6b070fd3dc89ca44bb1ff8ae9af57c52d8c9	ENG-006	TST-020,TST-021		CAP-10	ADAPT	fstec-linux-2022/sysctl-apply	Сохранить no-weakening, live pre-state snapshot и targeted transaction-local compensation failed uncommitted APPLY; ключи/операторы берутся из accepted v3 controls.	NONE	0
MAP-FUNC-0078	FUNCTION	FUNC-0078	restore_sysctl_runtime_snapshot	8cb45d2ed8db0a5e170a39e23b3737675a33789b331b884aec3739ed93f138ca	ENG-008	TST-020,TST-021		CAP-10,CAP-16	ADAPT	fstec-linux-2022/sysctl-apply-compensation	Reuse only as transaction-local compensation/readback inside a failed uncommitted APPLY when exact pre-state proves reversibility; no user RESTORE; completed APPLY recovery is EXTERNAL_SNAPSHOT.	NONE	0
MAP-FUNC-0079	FUNCTION	FUNC-0079	check_sysctl_userspace_apport_dropin	a348606d4c67c8d58762c5bf64ee9f36e08f9a5bc1ec268d759ee820594daa10		TST-030			DEFER	future-additional-measures/apport	Apport-specific behavior относится к дополнительной мере и не входит в current fstec-linux-2022 vertical.	NONE	0
MAP-FUNC-0080	FUNCTION	FUNC-0080	apply_sysctl_userspace_apport_dropin	0365174c047af523047ca76bcfbcc97a3c125ebf758c44674f4e8180538b4ae2		TST-030			DEFER	future-additional-measures/apport	Apport-specific behavior относится к дополнительной мере и не входит в current fstec-linux-2022 vertical.	NONE	0
MAP-FUNC-0081	FUNCTION	FUNC-0081	restore_sysctl_userspace_apport_dropin	3c427da1ea222489694399717d597462ed691eb2912264faff1478f7223b7409		TST-030			DEFER	future-additional-measures/apport	Preserve as donor evidence only. It may be reconsidered solely as transaction-local APPLY compensation; it cannot introduce a RESTORE mode. Completed APPLY recovery is EXTERNAL_SNAPSHOT.	NONE	0
MAP-FUNC-0082	FUNCTION	FUNC-0082	apply_sysctl_userspace_protection_module	65c4141dd2382ad20c97e5726a401a9d762b625b893606b8dea6f1e74deb826e		TST-020,TST-021		CAP-09	ADAPT	fstec-linux-2022/sysctl-apply	Адаптировать isolated managed drop-in + targeted runtime behavior к accepted v3 sysctl controls; donor values не нормативны.	NONE	0
MAP-FUNC-0083	FUNCTION	FUNC-0083	restore_sysctl_userspace_protection_module	6593abb3ee061781072ade8fcc973beabf73e9b4ace00a9234cf54fb23808eee		TST-020,TST-021			REJECT	donor-historical/operational-recovery-excluded	Standalone donor recovery implementation is historical evidence only; user-invokable RESTORE is excluded from v3 and completed APPLY recovery is EXTERNAL_SNAPSHOT.	NONE	0
MAP-FUNC-0084	FUNCTION	FUNC-0084	apply_sysctl_attack_surface_module	afbad8f411ef95d7a24469a3e88edeaafa6e01718f4953f983fc1ee54aaa4cb9		TST-020,TST-021		CAP-09	ADAPT	fstec-linux-2022/sysctl-apply	Адаптировать isolated managed drop-in + targeted runtime behavior к accepted v3 sysctl controls; donor values не нормативны.	NONE	0
MAP-FUNC-0085	FUNCTION	FUNC-0085	restore_sysctl_attack_surface_module	4d73f407c1b774def065c1a8d6255bb47019a6a5b6907b0dc46f2c67b7d5f78a		TST-020,TST-021			REJECT	donor-historical/operational-recovery-excluded	Standalone donor recovery implementation is historical evidence only; user-invokable RESTORE is excluded from v3 and completed APPLY recovery is EXTERNAL_SNAPSHOT.	NONE	0
MAP-FUNC-0086	FUNCTION	FUNC-0086	check_modules_disabled_module	923c48faafe6d9e9d9d33572c2837ea0eee9989c70d270b79068c97d0b37b6b4					DEFER	future-additional-measures/kernel-modules	Механизм не относится к current 40-row fstec-linux-2022 vertical.	NONE	0
MAP-FUNC-0087	FUNCTION	FUNC-0087	apply_modules_disabled_module	0308092a61bc4f5bc224829e8df2c11f2ef9bb965545d842605252b5e2a90462					DEFER	future-additional-measures/kernel-modules	Механизм не относится к current 40-row fstec-linux-2022 vertical.	NONE	0
MAP-FUNC-0088	FUNCTION	FUNC-0088	restore_modules_disabled_module	7e9d4ae7d46f5ddde6fe3340113a845bdfa8e416948f1dd3ac49e241fe28bbeb					REJECT	donor-historical/operational-recovery-excluded	Standalone donor recovery implementation is historical evidence only; user-invokable RESTORE is excluded from v3 and completed APPLY recovery is EXTERNAL_SNAPSHOT.	NONE	0
MAP-FUNC-0089	FUNCTION	FUNC-0089	apply_grub_kernel_params_module	eebb82aa9b92ea9bec297b8bf96f08745e960de1193dfca8ebf414e4defe807d		TST-017,TST-031			ADAPT	fstec-linux-2022/kernel-cmdline-and-sysctl-apply	Использовать backup/atomic update и failed-uncommitted APPLY compensation mechanics; exact boot tokens и sysctl semantics — только из accepted v3 CHECK.	NONE	0
MAP-FUNC-0090	FUNCTION	FUNC-0090	restore_grub_module	f220d0961344d1ef4ff818002b3f1beaf0d0e0644bcd6219fe5862e26e650c3f		TST-017,TST-031		CAP-16	REJECT	donor-historical/operational-recovery-excluded	Standalone donor recovery implementation is historical evidence only; user-invokable RESTORE is excluded from v3 and completed APPLY recovery is EXTERNAL_SNAPSHOT.	NONE	0
MAP-FUNC-0091	FUNCTION	FUNC-0091	apply_sysctl_kernel_module	786d22ecf7f8f510653f7ae3a7c89d2c6c4e098ca2413f7879014dc2754f73b8	ENG-007	TST-017,TST-031		CAP-09	ADAPT	fstec-linux-2022/kernel-cmdline-and-sysctl-apply	Использовать backup/atomic update и failed-uncommitted APPLY compensation mechanics; exact boot tokens и sysctl semantics — только из accepted v3 CHECK.	NONE	0
MAP-FUNC-0092	FUNCTION	FUNC-0092	restore_sysctl_kernel_module	1b01da4d2473b4d3ae1bbb7b3105a7c4d3d1f48548b47af9b6c765448ec5c07b		TST-017,TST-031			REJECT	donor-historical/operational-recovery-excluded	Standalone donor recovery implementation is historical evidence only; user-invokable RESTORE is excluded from v3 and completed APPLY recovery is EXTERNAL_SNAPSHOT.	NONE	0
MAP-FUNC-0093	FUNCTION	FUNC-0093	sysctl_network_check_module	91fb38ce1b7adaeee58cd11270312f8a6e06de849dfeb734c99f659d7813cb11					DEFER	future-additional-measures/network-sysctl	Network sysctl donor CHECK/records не входят в current fstec-linux-2022 vertical.	NONE	0
MAP-FUNC-0094	FUNCTION	FUNC-0094	record_sysctl_network_check_results	f9ccdabc7e188a0a1a340800c140ea8c014a5b22a65a519403d95e543cb2877a					DEFER	future-additional-measures/network-sysctl	Network sysctl donor CHECK/records не входят в current fstec-linux-2022 vertical.	NONE	0
MAP-FUNC-0095	FUNCTION	FUNC-0095	read_systemd_unit_enabled_state	3e189a1178251916c74447582e470f58f477b04db034813ee36eb5ae23674be1		TST-009			ADAPT	apply-foundation/systemd-service-state	Сохранить typed pre-state + pending/committed service transaction для exact compensation failed uncommitted APPLY.	NONE	0
MAP-FUNC-0096	FUNCTION	FUNC-0096	read_systemd_unit_active_state	4c5a5288247d6084d070291dcd465a6ef9bd9d9ba164c76cf70991ec4cd15317		TST-009			ADAPT	apply-foundation/systemd-service-state	Сохранить typed pre-state + pending/committed service transaction для exact compensation failed uncommitted APPLY.	NONE	0
MAP-FUNC-0097	FUNCTION	FUNC-0097	record_manifest_pending_service_transaction	d6a94af2c87ea1abc1a29206532998775ba14455f6719fc6bd4333f0a2fb8cac		TST-009		CAP-02,CAP-15	ADAPT	apply-foundation/systemd-service-state	Сохранить typed pre-state + pending/committed service transaction для exact compensation failed uncommitted APPLY.	NONE	0
MAP-FUNC-0098	FUNCTION	FUNC-0098	commit_manifest_service_transaction	4b43b4c05b68eb8740db7419e464fbc2839036886ac5c7ff2db0b2d9fdccdfc4		TST-009		CAP-02,CAP-15	ADAPT	apply-foundation/systemd-service-state	Сохранить typed pre-state + pending/committed service transaction для exact compensation failed uncommitted APPLY.	NONE	0
MAP-FUNC-0099	FUNCTION	FUNC-0099	restore_manifest_service_transaction	831bfd3c50914653fcab8724e3b43c478231a7d51fb816dbfcc17c386d1c9929		TST-009			ADAPT	apply-foundation/systemd-transaction-compensation	Reuse only as transaction-local compensation/readback inside a failed uncommitted APPLY when exact pre-state proves reversibility; no user RESTORE; completed APPLY recovery is EXTERNAL_SNAPSHOT.	NONE	0
MAP-FUNC-0100	FUNCTION	FUNC-0100	prepare_systemd_service_transaction	dc4fbd64021438165890a31594d204fd4824be811af7225904d71f23490781d3		TST-009		CAP-02	ADAPT	apply-foundation/systemd-service-state	Сохранить typed pre-state + pending/committed service transaction для exact compensation failed uncommitted APPLY.	NONE	0
MAP-FUNC-0101	FUNCTION	FUNC-0101	commit_systemd_service_transaction	4c97071aeeab2e5c76bd92e712accd20f1dd61f6675cfb3c680a3fa0138d330c		TST-009		CAP-02	ADAPT	apply-foundation/systemd-service-state	Сохранить typed pre-state + pending/committed service transaction для exact compensation failed uncommitted APPLY.	NONE	0
MAP-FUNC-0102	FUNCTION	FUNC-0102	restore_systemd_unit_exact_state	6ded0dfbe4bb6b6fc96ea1ddd03c9b32dab66eea11c3d8f5cc4a9184d30a701f		TST-009			ADAPT	apply-foundation/systemd-transaction-compensation	Reuse only as transaction-local compensation/readback inside a failed uncommitted APPLY when exact pre-state proves reversibility; no user RESTORE; completed APPLY recovery is EXTERNAL_SNAPSHOT.	NONE	0
MAP-FUNC-0103	FUNCTION	FUNC-0103	restore_systemd_service_transaction	44fed7fb36472f73dec86cd77c2d43b91ca03378476e3a5f878359670ab0fa58		TST-009			ADAPT	apply-foundation/systemd-transaction-compensation	Reuse only as transaction-local compensation/readback inside a failed uncommitted APPLY when exact pre-state proves reversibility; no user RESTORE; completed APPLY recovery is EXTERNAL_SNAPSHOT.	NONE	0
MAP-FUNC-0104	FUNCTION	FUNC-0104	record_sysctl_unit_pre_state	122eec08336f1c9ac0fa183aa7dc92314f51a0a4f45e061f678ecb9da3cc4a85		TST-009			ADAPT	apply-foundation/systemd-service-state	Сохранить typed pre-state + pending/committed service transaction для exact compensation failed uncommitted APPLY.	NONE	0
MAP-FUNC-0105	FUNCTION	FUNC-0105	restore_sysctl_unit_pre_state	0997413fc93bc1c5df291e5ace8416f19a1a9ff67eb2078eca396cded4e3b676		TST-009			ADAPT	apply-foundation/systemd-transaction-compensation	Reuse only as transaction-local compensation/readback inside a failed uncommitted APPLY when exact pre-state proves reversibility; no user RESTORE; completed APPLY recovery is EXTERNAL_SNAPSHOT.	NONE	0
MAP-FUNC-0106	FUNCTION	FUNC-0106	apply_sysctl_network_module	5ad6bf19f33f7969abc5463ade0dd72a2124fe76a5b042d009a60961b7e97802				CAP-11	DEFER	future-additional-measures/network-sysctl	Network-online reapply и network sysctl сохраняются как donor capability, но не входят в current vertical.	NONE	0
MAP-FUNC-0107	FUNCTION	FUNC-0107	restore_sysctl_network_module	9da82bb90699e7243231004f208f3c27547af2142f048a3d279633958696ad11				CAP-11	REJECT	donor-historical/operational-recovery-excluded	Standalone donor recovery implementation is historical evidence only; user-invokable RESTORE is excluded from v3 and completed APPLY recovery is EXTERNAL_SNAPSHOT.	NONE	0
MAP-FUNC-0108	FUNCTION	FUNC-0108	apply_sudo_command_paths_module	f1740fe416c3ee98bc4fa73fe8e07b1f51709de43942e93e13cc5614885557c8		TST-027,TST-028			ADAPT	fstec-linux-2022/sudo-command-paths-apply	Mutation population обязана следовать accepted SRC-0008 CHECK; donor sudo parsing не является authority.	NONE	0
MAP-FUNC-0109	FUNCTION	FUNC-0109	resolve_restore_manifest	e23f2406183db190e4b692ed052f0361ace6f1e7a8f89fc04367fe204cfa9015	ENG-012	TST-010,TST-011,TST-012		CAP-04	REJECT	donor-historical/operational-recovery-excluded	Standalone donor recovery implementation is historical evidence only; user-invokable RESTORE is excluded from v3 and completed APPLY recovery is EXTERNAL_SNAPSHOT.	NONE	0
MAP-FUNC-0110	FUNCTION	FUNC-0110	restore_lookup_backup	3a490ac2b1a57f24e595cd972e928d97a16ece4ce23edaceed480a380c9dd29a		TST-011,TST-012		CAP-04	ADAPT	apply-foundation/transaction-local-compensation	Reuse only as transaction-local compensation/readback inside a failed uncommitted APPLY when exact pre-state proves reversibility; no user RESTORE; completed APPLY recovery is EXTERNAL_SNAPSHOT.	NONE	0
MAP-FUNC-0111	FUNCTION	FUNC-0111	restore_has_created_file	c6b8ba72f3285232068ec3de69a4d1ab663a866bbe176ab2b024e4a2c36a14ea		TST-011,TST-012			ADAPT	apply-foundation/transaction-state-readback	Reuse only as transaction-local compensation/readback inside a failed uncommitted APPLY when exact pre-state proves reversibility; no user RESTORE; completed APPLY recovery is EXTERNAL_SNAPSHOT.	NONE	0
MAP-FUNC-0112	FUNCTION	FUNC-0112	restore_has_created_group	2b7dc83b1c622757f8525aec37cf80183b95d55ec45db6dabebb0dfafee46bc7		TST-011,TST-012			ADAPT	apply-foundation/transaction-state-readback	Reuse only as transaction-local compensation/readback inside a failed uncommitted APPLY when exact pre-state proves reversibility; no user RESTORE; completed APPLY recovery is EXTERNAL_SNAPSHOT.	NONE	0
MAP-FUNC-0113	FUNCTION	FUNC-0113	restore_file_from_manifest	9caf29630e37a59dad8130b0ce6f8fef764a37c892711c2741f6f4cf3d1ffca1	ENG-013	TST-011,TST-012		CAP-04	ADAPT	apply-foundation/transaction-local-compensation	Reuse only as transaction-local compensation/readback inside a failed uncommitted APPLY when exact pre-state proves reversibility; no user RESTORE; completed APPLY recovery is EXTERNAL_SNAPSHOT.	NONE	0
MAP-FUNC-0114	FUNCTION	FUNC-0114	restore_ssh_root_login_module	41f9fb3c2d920be4d99289f1cddbebbaed91985950a153380d981cbf20e6ffd1		TST-017			REJECT	donor-historical/operational-recovery-excluded	Standalone donor recovery implementation is historical evidence only; user-invokable RESTORE is excluded from v3 and completed APPLY recovery is EXTERNAL_SNAPSHOT.	NONE	0
MAP-FUNC-0115	FUNCTION	FUNC-0115	check_ssh_hardening_module	cf3434eaa7f4cc29941a8e29c3582ec1e5a4e9a19fdd637f3c9e704b9168d5fe					DEFER	future-additional-measures/ssh-hardening	Это расширенное SSH hardening сверх current source-exact root-login control.	NONE	0
MAP-FUNC-0116	FUNCTION	FUNC-0116	rollback_ssh_hardening_target	48074ad56dc31e405db17cbe85a8096e9fd79e38613bbc80e073a47af86ab9b2					DEFER	future-additional-measures/ssh-hardening	Это расширенное SSH hardening сверх current source-exact root-login control.	NONE	0
MAP-FUNC-0117	FUNCTION	FUNC-0117	apply_ssh_hardening_module	044ded761beeb58466df2ad0cec00802c13b65abfb2f35575ecca1a42817e0cc					DEFER	future-additional-measures/ssh-hardening	Это расширенное SSH hardening сверх current source-exact root-login control.	NONE	0
MAP-FUNC-0118	FUNCTION	FUNC-0118	restore_ssh_hardening_module	ff7d461575a73fb94e2ce48af1a5c96dbb361ee5aac3c63921660ea39c8e2327					REJECT	donor-historical/operational-recovery-excluded	Standalone donor recovery implementation is historical evidence only; user-invokable RESTORE is excluded from v3 and completed APPLY recovery is EXTERNAL_SNAPSHOT.	NONE	0
MAP-FUNC-0119	FUNCTION	FUNC-0119	render_account_audit_report	707be1a2f7d4680c64792ef1fdfff75201943ca75fd07b1282f9407826d1251e					DEFER	future-additional-measures/account-audit	Account audit относится к дополнительной мере, не к current vertical.	NONE	0
MAP-FUNC-0120	FUNCTION	FUNC-0120	check_account_audit_module	2ba451a844b42ab1f88efd2366daec3a3ab6890906774da91fb44a119168f0cc					DEFER	future-additional-measures/account-audit	Account audit относится к дополнительной мере, не к current vertical.	NONE	0
MAP-FUNC-0121	FUNCTION	FUNC-0121	apply_account_audit_module	1c94e1a5ec5ed2484bc559247e1c5ae8a48e218e291187c4f441ca498ef32d66					DEFER	future-additional-measures/account-audit	Account audit относится к дополнительной мере, не к current vertical.	NONE	0
MAP-FUNC-0122	FUNCTION	FUNC-0122	restore_account_audit_module	79286761596774278ee8eacc12ba475f0098c62b2baf7713c58011f5c61713ee					REJECT	donor-historical/operational-recovery-excluded	Standalone donor recovery implementation is historical evidence only; user-invokable RESTORE is excluded from v3 and completed APPLY recovery is EXTERNAL_SNAPSHOT.	NONE	0
MAP-FUNC-0123	FUNCTION	FUNC-0123	check_apparmor_module	9eeba56a120ba728f7937d78842677785900d5c84d7547045179a88dd1f99fd6					DEFER	future-additional-measures/apparmor-aide	AppArmor/AIDE — дополнительные меры вне current fstec-linux-2022 vertical.	NONE	0
MAP-FUNC-0124	FUNCTION	FUNC-0124	pkg_installed	db1d96debfd7bb89a6bf22dc96982fcedce9ae123321786314647af157bef6bc		TST-027,TST-019		CAP-01	ADAPT	apply-foundation/package-preflight	Сохранить compatibility/package-lock preflight pattern; использовать только когда adapter действительно требует packages.	NONE	0
MAP-FUNC-0125	FUNCTION	FUNC-0125	check_memory_requirements	0313b7601c76d98e715b6861eaf10c6871f0b52a93ab5cf685c8a084f811b1ed		TST-027,TST-019		CAP-01	ADAPT	apply-foundation/package-preflight	Сохранить compatibility/package-lock preflight pattern; использовать только когда adapter действительно требует packages.	NONE	0
MAP-FUNC-0126	FUNCTION	FUNC-0126	apt_lock_owner	7fd015a8e07486acc464508c56c89311198963822a0dc3ff421b88d4375db4e8		TST-027,TST-019		CAP-01	ADAPT	apply-foundation/package-preflight	Сохранить compatibility/package-lock preflight pattern; использовать только когда adapter действительно требует packages.	NONE	0
MAP-FUNC-0127	FUNCTION	FUNC-0127	wait_for_dpkg_lock	bde9bb8224f8046d6e5b17d2f63861c8029a0a713e8cf2247d23830dafdd4712		TST-027,TST-019		CAP-01	ADAPT	apply-foundation/package-preflight	Сохранить compatibility/package-lock preflight pattern; использовать только когда adapter действительно требует packages.	NONE	0
MAP-FUNC-0128	FUNCTION	FUNC-0128	apt_update_once	f378e9721dd1e59ad158562ac5f26f1564c2947390f9de43fc30487905f4499c		TST-027,TST-019		CAP-01	ADAPT	apply-foundation/package-preflight	Сохранить compatibility/package-lock preflight pattern; использовать только когда adapter действительно требует packages.	NONE	0
MAP-FUNC-0129	FUNCTION	FUNC-0129	apply_apparmor_module	c550bc10818245a1b8ae69da11a173661c19cb46a6d8556fdfcd7bb066b6b886		TST-022			DEFER	future-additional-measures/apparmor-aide	AppArmor/AIDE — дополнительные меры вне current fstec-linux-2022 vertical.	NONE	0
MAP-FUNC-0130	FUNCTION	FUNC-0130	restore_apparmor_module	b2ee74662b5736cdc6ac70e2dd023db90d2e9b8396409dfd545fa45e039ea429					REJECT	donor-historical/operational-recovery-excluded	Standalone donor recovery implementation is historical evidence only; user-invokable RESTORE is excluded from v3 and completed APPLY recovery is EXTERNAL_SNAPSHOT.	NONE	0
MAP-FUNC-0131	FUNCTION	FUNC-0131	check_aide_module	de6dad445973151a56d8c5f1afe1bf6cc3e09d53ec5470925f2f9fed4ce264fe					DEFER	future-additional-measures/apparmor-aide	AppArmor/AIDE — дополнительные меры вне current fstec-linux-2022 vertical.	NONE	0
MAP-FUNC-0132	FUNCTION	FUNC-0132	apply_aide_module	2587c1bda098ed32c6121993bfb27f8e9b8820cbe97c70468046f507c4386eb1		TST-022			DEFER	future-additional-measures/apparmor-aide	AppArmor/AIDE — дополнительные меры вне current fstec-linux-2022 vertical.	NONE	0
MAP-FUNC-0133	FUNCTION	FUNC-0133	restore_aide_module	3e9cd2fd6a07fa74ec844183a220d1cef9bd8fa1fddf0de64c1826aac2156f26					REJECT	donor-historical/operational-recovery-excluded	Standalone donor recovery implementation is historical evidence only; user-invokable RESTORE is excluded from v3 and completed APPLY recovery is EXTERNAL_SNAPSHOT.	NONE	0
MAP-FUNC-0134	FUNCTION	FUNC-0134	valid_tcp_port	95c446098246e843b371ad61c140e43481cc3ab2d58ae20f81f0a79907d782f4					DEFER	future-additional-measures/fail2ban-rkhunter	Fail2ban/rkhunter — дополнительные меры вне current vertical.	NONE	0
MAP-FUNC-0135	FUNCTION	FUNC-0135	resolve_ssh_port	c5ad0f3d99c7028dc7a43aec2c5477e39424a630c881db986faf6c9d3faad3e7					DEFER	future-additional-measures/fail2ban-rkhunter	Fail2ban/rkhunter — дополнительные меры вне current vertical.	NONE	0
MAP-FUNC-0136	FUNCTION	FUNC-0136	render_fail2ban_jail	9650050cb44484de500044c48cfba4015ba9e384e5d6a84d1aba6ff4414b5670					DEFER	future-additional-measures/fail2ban-rkhunter	Fail2ban/rkhunter — дополнительные меры вне current vertical.	NONE	0
MAP-FUNC-0137	FUNCTION	FUNC-0137	read_fail2ban_service_active_state	8c7dfc6b80450ad48c60dcca70a0bfa45c9780fb2cf145138af96310a1b9add0					DEFER	future-additional-measures/fail2ban-rkhunter	Fail2ban/rkhunter — дополнительные меры вне current vertical.	NONE	0
MAP-FUNC-0138	FUNCTION	FUNC-0138	record_fail2ban_service_pre_state	9a77a2f8f761d57530aa00dccf313cbc95abae56505b2183e07abdf32b942fd4					DEFER	future-additional-measures/fail2ban-rkhunter	Fail2ban/rkhunter — дополнительные меры вне current vertical.	NONE	0
MAP-FUNC-0139	FUNCTION	FUNC-0139	restore_fail2ban_service_pre_state	638e77122a0761c4e2224cbe8919037bf73fa67372388a4f223fe84667db91f2					DEFER	future-additional-measures/fail2ban-rkhunter	Preserve as donor evidence only. It may be reconsidered solely as transaction-local APPLY compensation; it cannot introduce a RESTORE mode. Completed APPLY recovery is EXTERNAL_SNAPSHOT.	NONE	0
MAP-FUNC-0140	FUNCTION	FUNC-0140	restore_fail2ban_service_state	a86f0c95cbba5529caa30a802d91d7dca03be40561c6d15ac73631a49a474156					DEFER	future-additional-measures/fail2ban-rkhunter	Preserve as donor evidence only. It may be reconsidered solely as transaction-local APPLY compensation; it cannot introduce a RESTORE mode. Completed APPLY recovery is EXTERNAL_SNAPSHOT.	NONE	0
MAP-FUNC-0141	FUNCTION	FUNC-0141	check_fail2ban_module	eeb69bc55769b1bf8d4a016d203c8e69df68b24d76d758b03ebafd6344adce0e					DEFER	future-additional-measures/fail2ban-rkhunter	Fail2ban/rkhunter — дополнительные меры вне current vertical.	NONE	0
MAP-FUNC-0142	FUNCTION	FUNC-0142	apply_fail2ban_module	c3ba4d68fe7367404343d302c65b0fd833fcd6bebeeaea5bd22d9a94ade497f1		TST-022			DEFER	future-additional-measures/fail2ban-rkhunter	Fail2ban/rkhunter — дополнительные меры вне current vertical.	NONE	0
MAP-FUNC-0143	FUNCTION	FUNC-0143	restore_fail2ban_module	97848b6c2ffd6df628d132df951a1b05255cf86e5c4b5026063c0984553fd99a					REJECT	donor-historical/operational-recovery-excluded	Standalone donor recovery implementation is historical evidence only; user-invokable RESTORE is excluded from v3 and completed APPLY recovery is EXTERNAL_SNAPSHOT.	NONE	0
MAP-FUNC-0144	FUNCTION	FUNC-0144	check_rkhunter_module	593b83c789287a427f60748143310aad5b862fcb7deb8cb1e6b53cec53dd22f0					DEFER	future-additional-measures/fail2ban-rkhunter	Fail2ban/rkhunter — дополнительные меры вне current vertical.	NONE	0
MAP-FUNC-0145	FUNCTION	FUNC-0145	apply_rkhunter_module	10245034186fab3bb3320f33c707a41ad9289d0c1f1d6988cf757e2fd6c37635		TST-022			DEFER	future-additional-measures/fail2ban-rkhunter	Fail2ban/rkhunter — дополнительные меры вне current vertical.	NONE	0
MAP-FUNC-0146	FUNCTION	FUNC-0146	restore_rkhunter_module	f89be6a38936403a2ca1b562925527ba8ae5e70cfa81a6d00f20e31407c43b77					REJECT	donor-historical/operational-recovery-excluded	Standalone donor recovery implementation is historical evidence only; user-invokable RESTORE is excluded from v3 and completed APPLY recovery is EXTERNAL_SNAPSHOT.	NONE	0
MAP-FUNC-0147	FUNCTION	FUNC-0147	render_kernel_module_blacklist	8d2f21b5303b5fda6ee20812f2ab7b599bfbf77aa9319ebff234ccc40fdc05dc		TST-015			DEFER	future-additional-measures/mount-kernel-tmp	Kernel-module/mount/tmp mechanisms относятся к дополнительным мерам.	NONE	0
MAP-FUNC-0148	FUNCTION	FUNC-0148	check_kernel_modules_module	59508604932505653f6e6f845d9f6cd2c781512c9cc82cef1abf44d4461f089d		TST-015			DEFER	future-additional-measures/mount-kernel-tmp	Kernel-module/mount/tmp mechanisms относятся к дополнительным мерам.	NONE	0
MAP-FUNC-0149	FUNCTION	FUNC-0149	apply_kernel_modules_module	0209a1529ffb2ac557054ca50bf21d8f8f0f723245569f86e21d94da3e92f2ac		TST-015			DEFER	future-additional-measures/mount-kernel-tmp	Kernel-module/mount/tmp mechanisms относятся к дополнительным мерам.	NONE	0
MAP-FUNC-0150	FUNCTION	FUNC-0150	restore_kernel_modules_module	511bd9c1a89229911652febb86deb0982b23148eddb0cf6d169acecf1fe4401b		TST-015			REJECT	donor-historical/operational-recovery-excluded	Standalone donor recovery implementation is historical evidence only; user-invokable RESTORE is excluded from v3 and completed APPLY recovery is EXTERNAL_SNAPSHOT.	NONE	0
MAP-FUNC-0151	FUNCTION	FUNC-0151	check_mount_hardening_module	810cb5b9ca0d037072ccbe11356067d3b5a49b47e9a278845b7532d8b89d1317		TST-015			DEFER	future-additional-measures/mount-kernel-tmp	Kernel-module/mount/tmp mechanisms относятся к дополнительным мерам.	NONE	0
MAP-FUNC-0152	FUNCTION	FUNC-0152	apply_mount_hardening_module	7ee8853e8d0ef2a44b439288a1e8eb8659b2aed44120940cda7a39e5f9a89813		TST-015			DEFER	future-additional-measures/mount-kernel-tmp	Kernel-module/mount/tmp mechanisms относятся к дополнительным мерам.	NONE	0
MAP-FUNC-0153	FUNCTION	FUNC-0153	restore_mount_hardening_module	d6121afcc9640e542540885b25af13c613f64dde1316c8df273bc7262889f3ac		TST-015			REJECT	donor-historical/operational-recovery-excluded	Standalone donor recovery implementation is historical evidence only; user-invokable RESTORE is excluded from v3 and completed APPLY recovery is EXTERNAL_SNAPSHOT.	NONE	0
MAP-FUNC-0154	FUNCTION	FUNC-0154	check_tmp_tmpfs_module	31b5576462cb6b16bdf4eecf624e16a0a0426ab8672d8132b38f62cdae28f5f4		TST-015			DEFER	future-additional-measures/mount-kernel-tmp	Kernel-module/mount/tmp mechanisms относятся к дополнительным мерам.	NONE	0
MAP-FUNC-0155	FUNCTION	FUNC-0155	apply_tmp_tmpfs_module	287533b16843ff23fbc980a230b6aebba947464d375bce6e4724445cb6f430cb		TST-015			DEFER	future-additional-measures/mount-kernel-tmp	Kernel-module/mount/tmp mechanisms относятся к дополнительным мерам.	NONE	0
MAP-FUNC-0156	FUNCTION	FUNC-0156	restore_tmp_tmpfs_module	c6427fe020ffb711f22e49fd5d6ed4bbe04752e11337e6a519e56e1c4961ed62		TST-015			REJECT	donor-historical/operational-recovery-excluded	Standalone donor recovery implementation is historical evidence only; user-invokable RESTORE is excluded from v3 and completed APPLY recovery is EXTERNAL_SNAPSHOT.	NONE	0
MAP-FUNC-0157	FUNCTION	FUNC-0157	check_ufw_module	a83ce48d08696b409ee65ee239df3cc2f88ae7adffd8fa00916b7c20a0c13e63		TST-015			DEFER	future-firewall	Read-only UFW status check belongs to the deferred firewall family together with the donor UFW APPLY mechanics and firewall regression evidence.	NONE	0
MAP-FUNC-0158	FUNCTION	FUNC-0158	apply_ufw_module	6354edeba18a1c96a2c429704ea5749bc6e5a522c8272db30d90b29ddb8dcf7b		TST-018			DEFER	future-firewall	Firewall policy layer отделён от FSTEC core; сохранить donor transaction evidence для будущего отдельного решения.	NONE	0
MAP-FUNC-0159	FUNCTION	FUNC-0159	restore_ufw_module	2ef74364689245ea20e1c2cb92ac217032ad9170d1d770b793764f364f7d2c26		TST-018			REJECT	donor-historical/operational-recovery-excluded	Standalone donor recovery implementation is historical evidence only; user-invokable RESTORE is excluded from v3 and completed APPLY recovery is EXTERNAL_SNAPSHOT.	NONE	0
MAP-FUNC-0160	FUNCTION	FUNC-0160	append_audit_watch_if_present	103715faa0a55b6db0c18fbe4b351c06f00385d2cafc2ee8de0a85cd0b0d2e2e					DEFER	future-additional-measures/auditd	Auditd implementation относится к дополнительной мере и будущему source decision.	NONE	0
MAP-FUNC-0161	FUNCTION	FUNC-0161	render_audit_watch_if_present	be66dd26a2a3638a5a4873159811a7e08b42966cb2bbf3489aa7e00802c2aaee					DEFER	future-additional-measures/auditd	Auditd implementation относится к дополнительной мере и будущему source decision.	NONE	0
MAP-FUNC-0162	FUNCTION	FUNC-0162	render_auditd_baseline_rules	0244ba8f7b8f6ca0609f9b3aa6de2df394547364330d3d36007f02ad8c01b85a					DEFER	future-additional-measures/auditd	Auditd implementation относится к дополнительной мере и будущему source decision.	NONE	0
MAP-FUNC-0163	FUNCTION	FUNC-0163	render_auditd_strict_rules	d621a4b27fac2a4bd1ae6fcfb6209dc000b71ab0aa4b3f69c640ca5bdae9ee8f					DEFER	future-additional-measures/auditd	Auditd implementation относится к дополнительной мере и будущему source decision.	NONE	0
MAP-FUNC-0164	FUNCTION	FUNC-0164	rollback_auditd_rules_file	b568f232754be13fd84e05d29c004a821ae4bc3cc1c8dc66e8c8833ad0825358					DEFER	future-additional-measures/auditd	Auditd implementation относится к дополнительной мере и будущему source decision.	NONE	0
MAP-FUNC-0165	FUNCTION	FUNC-0165	rollback_auditd_rules_set	629e71b6dc844c2d7679a2b9760b32c0d8a9a2a090cd8a793dffb1fd87f3a452					DEFER	future-additional-measures/auditd	Auditd implementation относится к дополнительной мере и будущему source decision.	NONE	0
MAP-FUNC-0166	FUNCTION	FUNC-0166	reload_previous_auditd_rules_after_rollback	8a7a9c370b407c699a6057517edc014113413a56d0fb713ae9519550f7f70cec					DEFER	future-additional-measures/auditd	Auditd implementation относится к дополнительной мере и будущему source decision.	NONE	0
MAP-FUNC-0167	FUNCTION	FUNC-0167	read_auditd_service_active_state	8803bfaf765a81dd7e90609f05771ac5192c98ae0c57368405407c2833fc9539					DEFER	future-additional-measures/auditd	Auditd implementation относится к дополнительной мере и будущему source decision.	NONE	0
MAP-FUNC-0168	FUNCTION	FUNC-0168	record_auditd_service_pre_state	d4dfec4ca3d05d6f7274f6862c842376e678d0e7bf945d429da5577c4cc78a7a					DEFER	future-additional-measures/auditd	Auditd implementation относится к дополнительной мере и будущему source decision.	NONE	0
MAP-FUNC-0169	FUNCTION	FUNC-0169	restore_auditd_service_pre_state	381405286b6ffd99d811c3953a094c54b9cd47cde533f7a5284b41668aaa294d					DEFER	future-additional-measures/auditd	Preserve as donor evidence only. It may be reconsidered solely as transaction-local APPLY compensation; it cannot introduce a RESTORE mode. Completed APPLY recovery is EXTERNAL_SNAPSHOT.	NONE	0
MAP-FUNC-0170	FUNCTION	FUNC-0170	restore_auditd_service_state	ac638c58a3989dc2db3cacdb5a8d8db5a8be304e8b0b32abd3a7cfe2a4e0e6f7					DEFER	future-additional-measures/auditd	Preserve as donor evidence only. It may be reconsidered solely as transaction-local APPLY compensation; it cannot introduce a RESTORE mode. Completed APPLY recovery is EXTERNAL_SNAPSHOT.	NONE	0
MAP-FUNC-0171	FUNCTION	FUNC-0171	rollback_auditd_apply_changes	dad49702b9e1e1a26fbf9031a55bf15ab467b7897e7ad96dcad169dd8649071c					DEFER	future-additional-measures/auditd	Auditd implementation относится к дополнительной мере и будущему source decision.	NONE	0
MAP-FUNC-0172	FUNCTION	FUNC-0172	check_auditd_module	b92a0e0cdca1233f5d769447ac32df7bc352f5e01e73d3844450d7ed8c36ae53					DEFER	future-additional-measures/auditd	Auditd implementation относится к дополнительной мере и будущему source decision.	NONE	0
MAP-FUNC-0173	FUNCTION	FUNC-0173	apply_auditd_module	ef49c34f0f24e11453c09b6f927446977c42f039157411238fb0d6c7cd1aaa25					DEFER	future-additional-measures/auditd	Auditd implementation относится к дополнительной мере и будущему source decision.	NONE	0
MAP-FUNC-0174	FUNCTION	FUNC-0174	restore_auditd_module	656d456c695b570442a41fccd93ec4911a992ac63dbb2e5e3dedc5327925993e					REJECT	donor-historical/operational-recovery-excluded	Standalone donor recovery implementation is historical evidence only; user-invokable RESTORE is excluded from v3 and completed APPLY recovery is EXTERNAL_SNAPSHOT.	NONE	0
MAP-FUNC-0175	FUNCTION	FUNC-0175	corporate_password_policy_enabled	f2a438b65b72830920f0b57769fd9f2c43b8048e4c412066d559770b28cc0716		TST-023,TST-029		CAP-14	DEFER	future-corporate/password-policy-faillock	Corporate password/faillock semantics не входят в current FSTEC core; сохранить donor mechanics для будущей corporate/APPLY фазы.	NONE	0
MAP-FUNC-0176	FUNCTION	FUNC-0176	check_password_backend_safety_module	ed59f4031a46c3af4aefdea01ada4480fdce2d6dfa974e9ccd9fe89dac90a5a4		TST-023,TST-029			DEFER	future-corporate/password-policy-faillock	Corporate password/faillock semantics не входят в current FSTEC core; сохранить donor mechanics для будущей corporate/APPLY фазы.	NONE	0
MAP-FUNC-0177	FUNCTION	FUNC-0177	check_password_policy_module	e723fc2a1a95d80342a28847561a62274baf652a5fe8054f615ae3741498f840		TST-023,TST-029			DEFER	future-corporate/password-policy-faillock	Corporate password/faillock semantics не входят в current FSTEC core; сохранить donor mechanics для будущей corporate/APPLY фазы.	NONE	0
MAP-FUNC-0178	FUNCTION	FUNC-0178	list_password_policy_target_accounts	a68bcfd77d34cf4b515c71d920b3a9a23c49ff92dcd3da0e857e914f98ceeaf6		TST-023,TST-029			DEFER	future-corporate/password-policy-faillock	Corporate password/faillock semantics не входят в current FSTEC core; сохранить donor mechanics для будущей corporate/APPLY фазы.	NONE	0
MAP-FUNC-0179	FUNCTION	FUNC-0179	normalize_common_password_stack	973dfeead0643edb03d944ec1524ef8c8a5a1f358082f8cbce3fca75b22382ab		TST-023,TST-029			DEFER	future-corporate/password-policy-faillock	Corporate password/faillock semantics не входят в current FSTEC core; сохранить donor mechanics для будущей corporate/APPLY фазы.	NONE	0
MAP-FUNC-0180	FUNCTION	FUNC-0180	record_manifest_password_aging_snapshot	ef73d635dfd72f9dd8348425fb56e8740a53fd9e53907c080f031771e634a2c7		TST-023,TST-029			DEFER	future-corporate/password-policy-faillock	Corporate password/faillock semantics не входят в current FSTEC core; сохранить donor mechanics для будущей corporate/APPLY фазы.	NONE	0
MAP-FUNC-0181	FUNCTION	FUNC-0181	restore_password_aging_snapshots	bea4ddd33833be0b218effa9eab14f8cb149275cf7bfd6a5c894a35e11fbd82b		TST-023,TST-029			DEFER	future-corporate/password-policy-faillock	Preserve as donor evidence only. It may be reconsidered solely as transaction-local APPLY compensation; it cannot introduce a RESTORE mode. Completed APPLY recovery is EXTERNAL_SNAPSHOT.	NONE	0
MAP-FUNC-0182	FUNCTION	FUNC-0182	record_password_aging_transaction_snapshot	eb39867f0926149545f62221e56072ae1276d55e31d41b57d81a2129fcf8f265		TST-023,TST-029		CAP-15	DEFER	future-corporate/password-policy-faillock	Corporate password/faillock semantics не входят в current FSTEC core; сохранить donor mechanics для будущей corporate/APPLY фазы.	NONE	0
MAP-FUNC-0183	FUNCTION	FUNC-0183	rollback_password_aging_transaction	589d4f9100467e538e2d97b199ae0d4c4aa8750c80d430a4fd31ec5bcb421c77		TST-023,TST-029			DEFER	future-corporate/password-policy-faillock	Corporate password/faillock semantics не входят в current FSTEC core; сохранить donor mechanics для будущей corporate/APPLY фазы.	NONE	0
MAP-FUNC-0184	FUNCTION	FUNC-0184	cleanup_password_aging_transaction_snapshot	6b10800aa53bd2a7637bc25209e6476bfc1b2fa6bbccca72a1af14f8da2a99bd		TST-023,TST-029			DEFER	future-corporate/password-policy-faillock	Corporate password/faillock semantics не входят в current FSTEC core; сохранить donor mechanics для будущей corporate/APPLY фазы.	NONE	0
MAP-FUNC-0185	FUNCTION	FUNC-0185	apply_password_policy_existing_accounts	8ed0f8bf642048478862330dcbb5a74259a125cb8a332a045cf9eff0e730db7c		TST-023,TST-029			DEFER	future-corporate/password-policy-faillock	Corporate password/faillock semantics не входят в current FSTEC core; сохранить donor mechanics для будущей corporate/APPLY фазы.	NONE	0
MAP-FUNC-0186	FUNCTION	FUNC-0186	snapshot_password_policy_transaction_file	3c09a40acd9d1a3486da6f92bb3401b9e345574fb417653cf93c5a8e3cdd3c61		TST-023,TST-029			DEFER	future-corporate/password-policy-faillock	Corporate password/faillock semantics не входят в current FSTEC core; сохранить donor mechanics для будущей corporate/APPLY фазы.	NONE	0
MAP-FUNC-0187	FUNCTION	FUNC-0187	restore_password_policy_transaction_file	59490e47b2a811a43a6760f413e7a9b423f57c16f6c373225ae0aced977c2a20		TST-023,TST-029			DEFER	future-corporate/password-policy-faillock	Preserve as donor evidence only. It may be reconsidered solely as transaction-local APPLY compensation; it cannot introduce a RESTORE mode. Completed APPLY recovery is EXTERNAL_SNAPSHOT.	NONE	0
MAP-FUNC-0188	FUNCTION	FUNC-0188	rollback_password_policy_apply_files	c676d9f85e6387cb6d133f1ea468d9f978f4419bb2ebf705a9d7dc6f7b576cea		TST-023,TST-029			DEFER	future-corporate/password-policy-faillock	Corporate password/faillock semantics не входят в current FSTEC core; сохранить donor mechanics для будущей corporate/APPLY фазы.	NONE	0
MAP-FUNC-0189	FUNCTION	FUNC-0189	cleanup_password_policy_transaction_backups	01d5f3467d1c71746e7a8e20c5073a5ec211478ccee17b45d81b33fb53b39a03		TST-023,TST-029			DEFER	future-corporate/password-policy-faillock	Corporate password/faillock semantics не входят в current FSTEC core; сохранить donor mechanics для будущей corporate/APPLY фазы.	NONE	0
MAP-FUNC-0190	FUNCTION	FUNC-0190	abort_password_policy_apply_transaction	618dae2410438ff548873a6792849b332c04be166bd6220d9d731cd95ff5936e		TST-023,TST-029			DEFER	future-corporate/password-policy-faillock	Corporate password/faillock semantics не входят в current FSTEC core; сохранить donor mechanics для будущей corporate/APPLY фазы.	NONE	0
MAP-FUNC-0191	FUNCTION	FUNC-0191	apply_password_policy_module	09248237bf8d79486ebf18ef276588a4d3bbffab53de12c9207dfb03e20f3276		TST-023,TST-029			DEFER	future-corporate/password-policy-faillock	Corporate password/faillock semantics не входят в current FSTEC core; сохранить donor mechanics для будущей corporate/APPLY фазы.	NONE	0
MAP-FUNC-0192	FUNCTION	FUNC-0192	restore_password_policy_module	d6e6366fa84c7f15172c1096d291fd55ccea2aca348402d454fe7ffd2fefe1a7		TST-023,TST-029			REJECT	donor-historical/operational-recovery-excluded	Standalone donor recovery implementation is historical evidence only; user-invokable RESTORE is excluded from v3 and completed APPLY recovery is EXTERNAL_SNAPSHOT.	NONE	0
MAP-FUNC-0193	FUNCTION	FUNC-0193	pam_faillock_stack_present	132304b19ef38fd89860dc32c74884664556a73ad558fbd5d6533c3849b67c11		TST-023,TST-029			DEFER	future-corporate/password-policy-faillock	Corporate password/faillock semantics не входят в current FSTEC core; сохранить donor mechanics для будущей corporate/APPLY фазы.	NONE	0
MAP-FUNC-0194	FUNCTION	FUNC-0194	pam_faillock_any_active_line	3c4f318fbc3f30cd2d2ff097e97825a40e126a2adda7367dd141de244a93dfc7		TST-023,TST-029			DEFER	future-corporate/password-policy-faillock	Corporate password/faillock semantics не входят в current FSTEC core; сохранить donor mechanics для будущей corporate/APPLY фазы.	NONE	0
MAP-FUNC-0195	FUNCTION	FUNC-0195	normalize_faillock_pam_stack	1f1102727e8ac3857f861857c578002c49bacb70ab62b0f127193293d8bc8c34		TST-023,TST-029			DEFER	future-corporate/password-policy-faillock	Corporate password/faillock semantics не входят в current FSTEC core; сохранить donor mechanics для будущей corporate/APPLY фазы.	NONE	0
MAP-FUNC-0196	FUNCTION	FUNC-0196	check_faillock_module	f364663871e25116ab96b29728c26f0c6502cf5676707504b458b0722a848be7		TST-023,TST-029			DEFER	future-corporate/password-policy-faillock	Corporate password/faillock semantics не входят в current FSTEC core; сохранить donor mechanics для будущей corporate/APPLY фазы.	NONE	0
MAP-FUNC-0197	FUNCTION	FUNC-0197	faillock_pam_module_present	d02dd6416c53b56ac0da1e96cc36f9ada649aa89f13eb9d58250239fa12fadc2		TST-023,TST-029			DEFER	future-corporate/password-policy-faillock	Corporate password/faillock semantics не входят в current FSTEC core; сохранить donor mechanics для будущей corporate/APPLY фазы.	NONE	0
MAP-FUNC-0198	FUNCTION	FUNC-0198	cleanup_faillock_transaction_backups	f904e1a368604a884424078223cb681047f02c909076601f95d4a4a2c53c9efd		TST-023,TST-029			DEFER	future-corporate/password-policy-faillock	Corporate password/faillock semantics не входят в current FSTEC core; сохранить donor mechanics для будущей corporate/APPLY фазы.	NONE	0
MAP-FUNC-0199	FUNCTION	FUNC-0199	rollback_faillock_apply_files	25e61c564fe93314d0c0f698572cff2c3390a80d285407c28a92be5097e7a0c6		TST-023,TST-029			DEFER	future-corporate/password-policy-faillock	Corporate password/faillock semantics не входят в current FSTEC core; сохранить donor mechanics для будущей corporate/APPLY фазы.	NONE	0
MAP-FUNC-0200	FUNCTION	FUNC-0200	apply_faillock_module	e78d9ea118bcfc76fa1ca7b4f7b07be1b576754609d6ee9b9582589be9054352	ENG-020	TST-023,TST-029			DEFER	future-corporate/password-policy-faillock	Corporate password/faillock semantics не входят в current FSTEC core; сохранить donor mechanics для будущей corporate/APPLY фазы.	NONE	0
MAP-FUNC-0201	FUNCTION	FUNC-0201	restore_faillock_module	f124931c723fcc514925b2f458b766d17b1afa837cc730dc9a6a98a0f667dc63		TST-023,TST-029			REJECT	donor-historical/operational-recovery-excluded	Standalone donor recovery implementation is historical evidence only; user-invokable RESTORE is excluded from v3 and completed APPLY recovery is EXTERNAL_SNAPSHOT.	NONE	0
MAP-FUNC-0202	FUNCTION	FUNC-0202	update_manifest_group_state	097a71fbcfd31ecd302f84e4c470af0b0b2e2773a4e58eb25ed9f5f0aef8b79f		TST-007,TST-029			ADAPT	fstec-linux-2022/pam-wheel-and-sudo-policy-apply	Сохранить group/membership transaction и failed-uncommitted APPLY compensation mechanics; accepted v3 controls задают exact wheel/sudo semantics.	NONE	0
MAP-FUNC-0203	FUNCTION	FUNC-0203	record_manifest_pending_created_group	8c6a2a849f21bb5de15471d7537484c7a1441ecee8fbc5053fed12c66d918293		TST-007,TST-029		CAP-15	ADAPT	fstec-linux-2022/pam-wheel-and-sudo-policy-apply	Сохранить group/membership transaction и failed-uncommitted APPLY compensation mechanics; accepted v3 controls задают exact wheel/sudo semantics.	NONE	0
MAP-FUNC-0204	FUNCTION	FUNC-0204	record_manifest_created_group	70cd0bdf0c5faddfebf4bd1bffa2634f8b52623c6c286e9299402b30647230dc		TST-007,TST-029			ADAPT	fstec-linux-2022/pam-wheel-and-sudo-policy-apply	Сохранить group/membership transaction и failed-uncommitted APPLY compensation mechanics; accepted v3 controls задают exact wheel/sudo semantics.	NONE	0
MAP-FUNC-0205	FUNCTION	FUNC-0205	record_manifest_pending_group_membership	0d9ea50f5f7b7f884fb20244014f193713fae26de351b1cd1df9409f94b18647		TST-007,TST-029		CAP-15	ADAPT	fstec-linux-2022/pam-wheel-and-sudo-policy-apply	Сохранить group/membership transaction и failed-uncommitted APPLY compensation mechanics; accepted v3 controls задают exact wheel/sudo semantics.	NONE	0
MAP-FUNC-0206	FUNCTION	FUNC-0206	record_manifest_added_group_membership	f23761630631f76e605329d490286f6a166802a1e8f9d36c9492c76ae12ce685		TST-007,TST-029			ADAPT	fstec-linux-2022/pam-wheel-and-sudo-policy-apply	Сохранить group/membership transaction и failed-uncommitted APPLY compensation mechanics; accepted v3 controls задают exact wheel/sudo semantics.	NONE	0
MAP-FUNC-0207	FUNCTION	FUNC-0207	restore_added_group_members	8012abf94f7803b75d996a4a18bf99737766a2a5b8ecd1abd90b9ebfd3bfe84c		TST-007,TST-029			ADAPT	fstec-linux-2022/group-membership-apply-compensation	Reuse only as transaction-local compensation/readback inside a failed uncommitted APPLY when exact pre-state proves reversibility; no user RESTORE; completed APPLY recovery is EXTERNAL_SNAPSHOT.	NONE	0
MAP-FUNC-0208	FUNCTION	FUNC-0208	restore_pam_wheel_module	90c040b93b4781427519aebd28229326d7382091518a1c715d55c6ec39865ebc		TST-007,TST-029			REJECT	donor-historical/operational-recovery-excluded	Standalone donor recovery implementation is historical evidence only; user-invokable RESTORE is excluded from v3 and completed APPLY recovery is EXTERNAL_SNAPSHOT.	NONE	0
MAP-FUNC-0209	FUNCTION	FUNC-0209	restore_sudo_policy_module	912d7a5cd3b1d272c5f11d8ff9e0c6e92489b7eebc8a39d0e03afff4ebbee67b		TST-007,TST-029			REJECT	donor-historical/operational-recovery-excluded	Standalone donor recovery implementation is historical evidence only; user-invokable RESTORE is excluded from v3 and completed APPLY recovery is EXTERNAL_SNAPSHOT.	NONE	0
MAP-FUNC-0210	FUNCTION	FUNC-0210	write_metadata_snapshot	163e1e943a30c32aae59c1b862d10b0228c1612731bbd5473e54a5f245eece51		TST-028			ADAPT	fstec-linux-2022/file-metadata-apply-compensation	Сохранить typed metadata pre-state snapshot для transaction-local compensation permission controls.	NONE	0
MAP-FUNC-0211	FUNCTION	FUNC-0211	restore_read_stat_field	44cbe66998e777f1f95f1ddacdc98f3b2efa0b0d77013e40c17129cac825f27d		TST-028			ADAPT	fstec-linux-2022/file-metadata-apply-compensation	Reuse only as transaction-local compensation/readback inside a failed uncommitted APPLY when exact pre-state proves reversibility; no user RESTORE; completed APPLY recovery is EXTERNAL_SNAPSHOT.	NONE	0
MAP-FUNC-0212	FUNCTION	FUNC-0212	restore_metadata_from_stat_snapshot	f86bc371c8933da61669df4de6b61766542c3e00d2f8e9e1087c0313308e8b05		TST-028			ADAPT	fstec-linux-2022/file-metadata-apply-compensation	Reuse only as transaction-local compensation/readback inside a failed uncommitted APPLY when exact pre-state proves reversibility; no user RESTORE; completed APPLY recovery is EXTERNAL_SNAPSHOT.	NONE	0
MAP-FUNC-0213	FUNCTION	FUNC-0213	restore_fs_critical_files_module	6295c1601cfe811853b3560801757037c68c1859b42ccd337c02cec60f9ac813		TST-028			REJECT	donor-historical/operational-recovery-excluded	Standalone donor recovery implementation is historical evidence only; user-invokable RESTORE is excluded from v3 and completed APPLY recovery is EXTERNAL_SNAPSHOT.	NONE	0
MAP-FUNC-0214	FUNCTION	FUNC-0214	restore_cron_targets_module	6cccbbf454dee74a514a435e17da4f00b489dd12d8f4d92333bc9d906f3cd036		TST-028			REJECT	donor-historical/operational-recovery-excluded	Standalone donor recovery implementation is historical evidence only; user-invokable RESTORE is excluded from v3 and completed APPLY recovery is EXTERNAL_SNAPSHOT.	NONE	0
MAP-FUNC-0215	FUNCTION	FUNC-0215	restore_systemd_unit_targets_module	81211af7669f848eb339e5bd2bc4b6cbf8f923fc482545d113efafce103958a1		TST-028			REJECT	donor-historical/operational-recovery-excluded	Standalone donor recovery implementation is historical evidence only; user-invokable RESTORE is excluded from v3 and completed APPLY recovery is EXTERNAL_SNAPSHOT.	NONE	0
MAP-FUNC-0216	FUNCTION	FUNC-0216	record_runtime_check_results	4a5300ddde38b10356a6059d46ec21d1dd4a9ad1d47a7a19cb3108358dafcc76					REJECT	current-check-superseded	Legacy donor CHECK result recording не используется как current v3 authority.	NONE	0
MAP-FUNC-0217	FUNCTION	FUNC-0217	fs_expected_mode	e0e8af6296386a9c5985740c9a6d7ca85afdb4b1118eb076f49cabfd111f8283		TST-028			ADAPT	fstec-linux-2022/file-mode-apply	Mode mutation helper адаптируется к accepted control predicates и exact pre-state for transaction-local compensation.	NONE	0
MAP-FUNC-0218	FUNCTION	FUNC-0218	fs_mode_compliant	ce30ad18e6ae5b1a2f84fd5896a253bed900e602ed77dececf3d3ee690467d17		TST-028			ADAPT	fstec-linux-2022/file-mode-apply	Mode mutation helper адаптируется к accepted control predicates и exact pre-state for transaction-local compensation.	NONE	0
MAP-FUNC-0219	FUNCTION	FUNC-0219	fs_apply_expected_mode	0241906b55cea05d60972f5f32a3a4a8973efa3b7dbdca04f9b56473415757e8		TST-028			ADAPT	fstec-linux-2022/file-mode-apply	Mode mutation helper адаптируется к accepted control predicates и exact pre-state for transaction-local compensation.	NONE	0
MAP-FUNC-0220	FUNCTION	FUNC-0220	fs_actual_mode	a13fb4628141570849c083fe42d286b757c397ecc0f9be865f9ae87a5e23c4ae					REJECT	current-check-superseded	Donor CHECK implementations superseded accepted v3 read-only CHECK.	NONE	0
MAP-FUNC-0221	FUNCTION	FUNC-0221	fs_actual_owner_group	0065acee8696a5502b5f4bcdc793e6a3d34edc2a3ff75b95ea148895802dc79f					REJECT	current-check-superseded	Donor CHECK implementations superseded accepted v3 read-only CHECK.	NONE	0
MAP-FUNC-0222	FUNCTION	FUNC-0222	check_fs_critical_file_one	a559f5a9cd7d8f86741a7499cbf443632ffd78711321770935ed0f911f906b36					REJECT	current-check-superseded	Donor CHECK implementations superseded accepted v3 read-only CHECK.	NONE	0
MAP-FUNC-0223	FUNCTION	FUNC-0223	check_fs_critical_files_module	46ea02d8c4257dcacfb404f0ca81fe398765616c15d4b501f3456530b9e05654					REJECT	current-check-superseded	Donor CHECK implementations superseded accepted v3 read-only CHECK.	NONE	0
MAP-FUNC-0224	FUNCTION	FUNC-0224	check_empty_passwords_module	e3b952fbad13daf3aed9b2eaef7ba2a2d3a91f347bd4a3ff10861bc1c97cc86d					REJECT	current-check-superseded	Donor CHECK implementations superseded accepted v3 read-only CHECK.	NONE	0
MAP-FUNC-0225	FUNCTION	FUNC-0225	record_empty_passwords_check_results	7e56b01b6c50d5346dd29b4928a9434b6302a2dfe3fc4ee0efa264af06ff9768					REJECT	current-check-superseded	Donor CHECK implementations superseded accepted v3 read-only CHECK.	NONE	0
MAP-FUNC-0226	FUNCTION	FUNC-0226	apply_empty_passwords_module	3a6c1488f99b830586efd36ec33dfe7ed81f5aed32c623d33b316edfb5032d4d		TST-016,TST-017,TST-028			ADAPT	fstec-linux-2022/account-and-critical-files-apply	Использовать transaction mechanics; current v3 CHECK определяет population/predicate, non-compensable или partially reversible outcomes классифицируются как external recovery.	NONE	0
MAP-FUNC-0227	FUNCTION	FUNC-0227	apply_fs_critical_file_one	4a8d885eb2ba8fbdb1248cb9bc98ee6d144a0c223fe67ffabcab02d1964b3936		TST-016,TST-017,TST-028			ADAPT	fstec-linux-2022/account-and-critical-files-apply	Использовать transaction mechanics; current v3 CHECK определяет population/predicate, non-compensable или partially reversible outcomes классифицируются как external recovery.	NONE	0
MAP-FUNC-0228	FUNCTION	FUNC-0228	apply_fs_critical_files_module	342d56c5094e188c5f89a227c440aa92bf6d14ba7dec7ae5457e75b85dcac7d1		TST-016,TST-017,TST-028			ADAPT	fstec-linux-2022/account-and-critical-files-apply	Использовать transaction mechanics; current v3 CHECK определяет population/predicate, non-compensable или partially reversible outcomes классифицируются как external recovery.	NONE	0
MAP-FUNC-0229	FUNCTION	FUNC-0229	cron_target_mode	262aa1e24c7d39649b824bb943aeffd8c502480ead81ab6c77791ec046c18442		TST-028			ADAPT	fstec-linux-2022/cron-startup-apply	Target descriptors/APPLY mechanics и failed-uncommitted transaction compensation адаптируются к accepted current controls.	NONE	0
MAP-FUNC-0230	FUNCTION	FUNC-0230	cron_target_owner	cf65f66982cef6c5a77a62dfd4b69f05596acbe92c3da3c64093310acdc092a8		TST-028			ADAPT	fstec-linux-2022/cron-startup-apply	Target descriptors/APPLY mechanics и failed-uncommitted transaction compensation адаптируются к accepted current controls.	NONE	0
MAP-FUNC-0231	FUNCTION	FUNC-0231	cron_target_group	036294ce2f8e42db80faf4160b6f89c0def4c5913cfa153866f68904cc88570b		TST-028			ADAPT	fstec-linux-2022/cron-startup-apply	Target descriptors/APPLY mechanics и failed-uncommitted transaction compensation адаптируются к accepted current controls.	NONE	0
MAP-FUNC-0232	FUNCTION	FUNC-0232	cron_target_path	c9f06c1da6967d18f7c6e47f55c0fe264b615fe389b2858b46919f6bf6411d96		TST-028			ADAPT	fstec-linux-2022/cron-startup-apply	Target descriptors/APPLY mechanics и failed-uncommitted transaction compensation адаптируются к accepted current controls.	NONE	0
MAP-FUNC-0233	FUNCTION	FUNC-0233	cron_target_type	539e82c27440c97a5cb93dc7b51a45756de07dbc64dcbe7b578ea6b8279fc273		TST-028			ADAPT	fstec-linux-2022/cron-startup-apply	Target descriptors/APPLY mechanics и failed-uncommitted transaction compensation адаптируются к accepted current controls.	NONE	0
MAP-FUNC-0234	FUNCTION	FUNC-0234	cron_daemon_installed	ad7e7f74b9b70539864898f63071469c82a323c43a45a25c3ce74f525d8bf520		TST-028			ADAPT	fstec-linux-2022/cron-startup-apply	Target descriptors/APPLY mechanics и failed-uncommitted transaction compensation адаптируются к accepted current controls.	NONE	0
MAP-FUNC-0235	FUNCTION	FUNC-0235	check_cron_target_one	3f3d17170049a7681e2ae6bdeecb9e02060893ea952cf13ac70d9e3561ecabab					REJECT	current-check-superseded	Donor CHECK superseded current v3 CHECK; не переносить donor population как authority.	NONE	0
MAP-FUNC-0236	FUNCTION	FUNC-0236	check_cron_targets_module	0a48e0d2b29201beffbd2c19a52f76aff92e7f927d758a8f2c0340c45115c210					REJECT	current-check-superseded	Donor CHECK superseded current v3 CHECK; не переносить donor population как authority.	NONE	0
MAP-FUNC-0237	FUNCTION	FUNC-0237	apply_cron_target_one	bb81cb33af85641a0e5e75a21c36594dba2e0dd765a012988e1012c5ab7c3c1f		TST-028			ADAPT	fstec-linux-2022/cron-startup-apply	Target descriptors/APPLY mechanics и failed-uncommitted transaction compensation адаптируются к accepted current controls.	NONE	0
MAP-FUNC-0238	FUNCTION	FUNC-0238	apply_cron_targets_module	65fb02f4417a44d5267d1f1ca5fcd2651c094673340201d5aa058b0536598849		TST-028			ADAPT	fstec-linux-2022/cron-startup-apply	Target descriptors/APPLY mechanics и failed-uncommitted transaction compensation адаптируются к accepted current controls.	NONE	0
MAP-FUNC-0239	FUNCTION	FUNC-0239	systemd_unit_candidates	fb6206c0b75b7e755724a7cf2d9ed29f8ee12214ab4744304008a0448c526096		TST-028			ADAPT	fstec-linux-2022/cron-startup-apply	Target descriptors/APPLY mechanics и failed-uncommitted transaction compensation адаптируются к accepted current controls.	NONE	0
MAP-FUNC-0240	FUNCTION	FUNC-0240	check_systemd_unit_one	39e9c895abe9d7196b0c203f6c4bbe4ae50db6a609adae382026d6b72648fa4b					REJECT	current-check-superseded	Donor CHECK superseded current v3 CHECK; не переносить donor population как authority.	NONE	0
MAP-FUNC-0241	FUNCTION	FUNC-0241	check_systemd_unit_targets_module	b5c6b28c0e3c98892b476ffc2af00f094e867e8d0f61f27e104f397af705cd8e					REJECT	current-check-superseded	Donor CHECK superseded current v3 CHECK; не переносить donor population как authority.	NONE	0
MAP-FUNC-0242	FUNCTION	FUNC-0242	apply_systemd_unit_one	87117cf7bdf9e4dd77c65329ecf43b19eb1f2c8b58d1d504f8a6dcca79ec90e0		TST-028			ADAPT	fstec-linux-2022/cron-startup-apply	Target descriptors/APPLY mechanics и failed-uncommitted transaction compensation адаптируются к accepted current controls.	NONE	0
MAP-FUNC-0243	FUNCTION	FUNC-0243	apply_systemd_unit_targets_module	069464842481ac01aedeb3166a206be323c3ce20bd48353fea58a76da8ef0274		TST-028			ADAPT	fstec-linux-2022/cron-startup-apply	Target descriptors/APPLY mechanics и failed-uncommitted transaction compensation адаптируются к accepted current controls.	NONE	0
MAP-FUNC-0244	FUNCTION	FUNC-0244	sudo_policy_status	01d1222381e4dbb90488bf083afccc6b0f8af06ec03dc1630310774e5c9a5cd6					REJECT	current-check-superseded	Donor sudo/SSH CHECK semantics не заменяют accepted v3 controls.	NONE	0
MAP-FUNC-0245	FUNCTION	FUNC-0245	check_sudo_policy_module	86bcf805e05c1a37d0a9afc12676f7111266fe78e57c3b887da3b7a6d1b46657					REJECT	current-check-superseded	Donor sudo/SSH CHECK semantics не заменяют accepted v3 controls.	NONE	0
MAP-FUNC-0246	FUNCTION	FUNC-0246	apply_sudo_policy_module	85cedfafe5baa2d5b9490b48e2763ad627663ee53d8edaaa25a9241d25a2d07d		TST-017			ADAPT	fstec-linux-2022/sudo-ssh-apply	Apply mechanics адаптируются к source-exact accepted v3 sudo/SSH controls.	NONE	0
MAP-FUNC-0247	FUNCTION	FUNC-0247	ssh_root_login_status	99c28f16721ffeec06159445c5d674387a94819105874170165cd47f0c1f8b53					REJECT	current-check-superseded	Donor sudo/SSH CHECK semantics не заменяют accepted v3 controls.	NONE	0
MAP-FUNC-0248	FUNCTION	FUNC-0248	check_ssh_root_login_module	6e93ff2daf287c1517f5f086fd3deb8776951f4d4a49bafe4b9a8b6cbb383dcb					REJECT	current-check-superseded	Donor sudo/SSH CHECK semantics не заменяют accepted v3 controls.	NONE	0
MAP-FUNC-0249	FUNCTION	FUNC-0249	apply_ssh_root_login_module	72cae5e609478117a89364b8c9fafbe7712b815ac715c1af92c20bc7478dd364		TST-017			ADAPT	fstec-linux-2022/sudo-ssh-apply	Apply mechanics адаптируются к source-exact accepted v3 sudo/SSH controls.	NONE	0
MAP-FUNC-0250	FUNCTION	FUNC-0250	pam_wheel_group_exists	d8673273401ae559151e0eb363752c690889859b1e254e10d96bb8329cd6b704		TST-007,TST-029			ADAPT	fstec-linux-2022/pam-wheel-apply	Discovery/group/PAM mutation mechanics адаптируются с pre-state journal и current control semantics.	NONE	0
MAP-FUNC-0251	FUNCTION	FUNC-0251	pam_wheel_group_members	3a4505b1728d4b8b8400d486f9e2c7b59031f2ff11959dfaf3b62772d40bfe1b		TST-007,TST-029			ADAPT	fstec-linux-2022/pam-wheel-apply	Discovery/group/PAM mutation mechanics адаптируются с pre-state journal и current control semantics.	NONE	0
MAP-FUNC-0252	FUNCTION	FUNC-0252	pam_wheel_has_members	f7f05f1bca86470b8d7d36b2e28611745e7b6d536e229e3b1d369766a32ff42c		TST-007,TST-029			ADAPT	fstec-linux-2022/pam-wheel-apply	Discovery/group/PAM mutation mechanics адаптируются с pre-state journal и current control semantics.	NONE	0
MAP-FUNC-0253	FUNCTION	FUNC-0253	pam_wheel_user_is_member	fc02da5a1385be5918cfae625d31c13da3a474c93fddfd2de4e7520892f2a1c8		TST-007,TST-029			ADAPT	fstec-linux-2022/pam-wheel-apply	Discovery/group/PAM mutation mechanics адаптируются с pre-state journal и current control semantics.	NONE	0
MAP-FUNC-0254	FUNCTION	FUNC-0254	pam_wheel_user_is_existing_admin	7f4b2219dcd16feba181e8dab84efb2dde75e3190607146dba6191af9c628138		TST-007,TST-029			ADAPT	fstec-linux-2022/pam-wheel-apply	Discovery/group/PAM mutation mechanics адаптируются с pre-state journal и current control semantics.	NONE	0
MAP-FUNC-0255	FUNCTION	FUNC-0255	configured_wheel_users	fa312d3da8df09f86606613103132aa4af2b545407a41dad339a046dde6629a1		TST-007,TST-029			ADAPT	fstec-linux-2022/pam-wheel-apply	Discovery/group/PAM mutation mechanics адаптируются с pre-state journal и current control semantics.	NONE	0
MAP-FUNC-0256	FUNCTION	FUNC-0256	pam_wheel_configured_users_present	7cc99a01ae05c05199d0bcb7ebb0b197c2476e7452e01e6e430f0014385b1c8d		TST-007,TST-029			ADAPT	fstec-linux-2022/pam-wheel-apply	Discovery/group/PAM mutation mechanics адаптируются с pre-state journal и current control semantics.	NONE	0
MAP-FUNC-0257	FUNCTION	FUNC-0257	pam_wheel_rule_present	f3d59af91abcc24f4d71088222ccb5da1abb4468f3f0e5eceb7d96946f7a4747		TST-007,TST-029			ADAPT	fstec-linux-2022/pam-wheel-apply	Discovery/group/PAM mutation mechanics адаптируются с pre-state journal и current control semantics.	NONE	0
MAP-FUNC-0258	FUNCTION	FUNC-0258	pam_wheel_managed_block_present	2955cd4feec7c4497e4f080d45c25617df3dc4f118f39776ef58f941401c006b		TST-007,TST-029			ADAPT	fstec-linux-2022/pam-wheel-apply	Discovery/group/PAM mutation mechanics адаптируются с pre-state journal и current control semantics.	NONE	0
MAP-FUNC-0259	FUNCTION	FUNC-0259	check_pam_wheel_module	3dcdf6ce100f3c249eb8024e184bcc93e14c6c087688a512425bb59849572bfa					REJECT	current-check-superseded	Donor CHECK не переносится; accepted v3 PAM wheel control остаётся authority.	NONE	0
MAP-FUNC-0260	FUNCTION	FUNC-0260	apply_pam_wheel_module	9d1a85bc5f6ddc23832b0e85be5e5c2c3d93d69703c5f69ee2b7a271cd097bc0		TST-007,TST-029		CAP-12	ADAPT	fstec-linux-2022/pam-wheel-apply	Discovery/group/PAM mutation mechanics адаптируются с pre-state journal и current control semantics.	NONE	0
MAP-FUNC-0261	FUNCTION	FUNC-0261	require_cmds	de418dfaae2ab453620a93a275a53ffa65ae11d6f2849f47d3fcd007dca18e30		TST-005,TST-027		CAP-01	ADAPT	apply-foundation/preflight-and-state-dir	Сохранить fail-closed compatibility/context/state-dir checks до mutation.	NONE	0
MAP-FUNC-0262	FUNCTION	FUNC-0262	parse_args	3d1ca649276d4aa1cb09c86ba4d68769395b28f83d23bf6ffcbbbfdbb5009c13		TST-005,TST-027		CAP-01,CAP-12	ADAPT	apply-foundation/preflight-and-state-dir	Сохранить fail-closed compatibility/context/state-dir checks до mutation.	NONE	0
MAP-FUNC-0263	FUNCTION	FUNC-0263	validate_args	d4b6b488e5a21125aaddf0cfec5c989929733ffaf2b7f4d8c74447f3273153b8		TST-005,TST-027		CAP-01,CAP-12	ADAPT	apply-foundation/preflight-and-state-dir	Сохранить fail-closed compatibility/context/state-dir checks до mutation.	NONE	0
MAP-FUNC-0264	FUNCTION	FUNC-0264	validate_args_post_config	43a98d758bdff739e6e7fcee1ede29b3cc082f885b6dfa59ba495ff6e8c19964		TST-005,TST-027		CAP-01	ADAPT	apply-foundation/preflight-and-state-dir	Сохранить fail-closed compatibility/context/state-dir checks до mutation.	NONE	0
MAP-FUNC-0265	FUNCTION	FUNC-0265	validate_execution_context	3bfd6f6db3a8407f4ca7131b506994d9891843638a03e2795911a1bbca2b7364		TST-005,TST-027		CAP-01	ADAPT	apply-foundation/preflight-and-state-dir	Сохранить fail-closed compatibility/context/state-dir checks до mutation.	NONE	0
MAP-FUNC-0266	FUNCTION	FUNC-0266	additional_measures_enabled	aa22753092b6b6ea6890fe797cbd84978f35a0585f20185a69ce50afa0b1aa5f		TST-022,TST-023		CAP-14	ADAPT	apply-foundation/policy-layer-gating	Сохранить opt-in separation principle; donor baseline/strict/paranoid policy semantics не импортируются.	NONE	0
MAP-FUNC-0267	FUNCTION	FUNC-0267	load_config	a90032c550352a9bb093d8adfa57f09ea197cff45ada196007dda002f5ed8643		TST-005,TST-027			ADAPT	apply-foundation/preflight-and-state-dir	Сохранить fail-closed compatibility/context/state-dir checks до mutation.	NONE	0
MAP-FUNC-0268	FUNCTION	FUNC-0268	restore_manifest_has_path	75eea93760070eae45f5e7f45cd1b07dc8f4201ba858e2394840c02d448f50f8		TST-005,TST-027			ADAPT	apply-foundation/transaction-state-readback	Reuse only as transaction-local compensation/readback inside a failed uncommitted APPLY when exact pre-state proves reversibility; no user RESTORE; completed APPLY recovery is EXTERNAL_SNAPSHOT.	NONE	0
MAP-FUNC-0269	FUNCTION	FUNC-0269	restore_manifest_has_report_text	2eed844a416271319193e85b85787e421e87ca4f69c178ddbb19828d3b55329c					REJECT	donor-historical/operational-recovery-excluded	REJECT: helper проверяет free-text записи apply_report, а не сохранённый recorded pre-state. Такой predicate непригоден для transaction-local compensation внутри failed uncommitted APPLY; сохранить только как historical donor evidence.	NONE	0
MAP-FUNC-0270	FUNCTION	FUNC-0270	finalize_paths	5bb412be59af919807ed9dfde6050315f77dab9bdf654d056428e5547c96c59f		TST-005,TST-027			ADAPT	apply-foundation/preflight-and-state-dir	Сохранить fail-closed compatibility/context/state-dir checks до mutation.	NONE	0
MAP-FUNC-0271	FUNCTION	FUNC-0271	detect_os	f1a280117f693b0d1ea23fc1cf97d10540ce6acad6eecfb7dcca841072718792		TST-005,TST-027		CAP-01	ADAPT	apply-foundation/preflight-and-state-dir	Сохранить fail-closed compatibility/context/state-dir checks до mutation.	NONE	0
MAP-FUNC-0272	FUNCTION	FUNC-0272	detect_environment	b7acb0b8e85fafa1a7e958274ad71e861173556c84a1be13bfb3fa7ea6d3f3ac		TST-005,TST-027		CAP-01	ADAPT	apply-foundation/preflight-and-state-dir	Сохранить fail-closed compatibility/context/state-dir checks до mutation.	NONE	0
MAP-FUNC-0273	FUNCTION	FUNC-0273	run_preflight	a0347444d55c491757f8ffc3ae2bdca696fa04019d0303c5661d28d696786c3b		TST-005,TST-027		CAP-01	ADAPT	apply-foundation/preflight-and-state-dir	Сохранить fail-closed compatibility/context/state-dir checks до mutation.	NONE	0
MAP-FUNC-0274	FUNCTION	FUNC-0274	secure_state_dir	a259766b47885ca3bc0033d98a2045598ff249906e93b4deb9cf5e7879bdae85		TST-005,TST-027			ADAPT	apply-foundation/preflight-and-state-dir	Сохранить fail-closed compatibility/context/state-dir checks до mutation.	NONE	0
MAP-FUNC-0275	FUNCTION	FUNC-0275	ensure_state_dir	59ccf7faeb9ed434f756920cf0ccbb5fcd3a80cc83215f940423c2dcddc38f0c		TST-005,TST-027			ADAPT	apply-foundation/preflight-and-state-dir	Сохранить fail-closed compatibility/context/state-dir checks до mutation.	NONE	0
MAP-FUNC-0276	FUNCTION	FUNC-0276	manifest_init	4c26a48cccaf758e82972cfe07f7265758aa038b8adc822767e26454389cb13e	ENG-004,ENG-005,ENG-015	TST-001,TST-002		CAP-02,CAP-03,CAP-05	ADAPT	apply-foundation/manifest-bootstrap	Manifest must exist durably before first mutation.	NONE	0
MAP-FUNC-0277	FUNCTION	FUNC-0277	write_check_report_txt	7135505e0dfe73d0f665575639eecdc0e1969a6a5f95ed88f8b275abf8e02b30		TST-004			REJECT	current-check-superseded	Current CHECK/report product line already exists; donor report implementation is not reused.	NONE	0
MAP-FUNC-0278	FUNCTION	FUNC-0278	write_report	bb2d5fd50cfc92754bc81e2057086a6762dd9c49c1abe91195d6d4c5ad9e3d13		TST-004			REJECT	current-check-superseded	Current CHECK/report product line already exists; donor report implementation is not reused.	NONE	0
MAP-FUNC-0279	FUNCTION	FUNC-0279	print_report_stdout	d6564794d1c89a9a526ea10d5ccd67ac8931c2e859613610e5f4a96ca7240663		TST-004			REJECT	current-check-superseded	Current CHECK/report product line already exists; donor report implementation is not reused.	NONE	0
MAP-FUNC-0280	FUNCTION	FUNC-0280	run_check_mode	2a1d1c083a2f75bc6473af14807825f0e12b9cef0e1f7d8c098da61449104c5f		TST-004			REJECT	current-check-superseded	Current CHECK/report product line already exists; donor report implementation is not reused.	NONE	0
MAP-FUNC-0281	FUNCTION	FUNC-0281	apply_rsyslog_module	b327e6fbed490dc1e987bf3fac0c7f4a8ce97a9c4beeb8c9dab55ffef1b3635e		TST-030			DEFER	future-additional-measures/runtime-services	Rsyslog/chrony/unattended/apport/coredump are additional/future mechanisms outside current vertical.	NONE	0
MAP-FUNC-0282	FUNCTION	FUNC-0282	restore_rsyslog_module	6934ba072dc9c6c58417c189a5b0aa810e4d02ef9cc987c3927edbdccd523dc2		TST-030			REJECT	donor-historical/operational-recovery-excluded	Standalone donor recovery implementation is historical evidence only; user-invokable RESTORE is excluded from v3 and completed APPLY recovery is EXTERNAL_SNAPSHOT.	NONE	0
MAP-FUNC-0283	FUNCTION	FUNC-0283	check_rsyslog_module	5a540d8e8093a8f23f6703801128a1cc49a4f534cd33e66c517dcfb27ba054df		TST-030			DEFER	future-additional-measures/runtime-services	Rsyslog/chrony/unattended/apport/coredump are additional/future mechanisms outside current vertical.	NONE	0
MAP-FUNC-0284	FUNCTION	FUNC-0284	apply_chrony_module	c8d3a393e045a01970f2fb34eec55c8eae4f2d013e86fa38ea5d9df2dafd505f		TST-030			DEFER	future-additional-measures/runtime-services	Rsyslog/chrony/unattended/apport/coredump are additional/future mechanisms outside current vertical.	NONE	0
MAP-FUNC-0285	FUNCTION	FUNC-0285	restore_chrony_module	9a915c4b8e25baf1e9a86970e333c313c642df51eddca165a50a901a47611efd		TST-030			REJECT	donor-historical/operational-recovery-excluded	Standalone donor recovery implementation is historical evidence only; user-invokable RESTORE is excluded from v3 and completed APPLY recovery is EXTERNAL_SNAPSHOT.	NONE	0
MAP-FUNC-0286	FUNCTION	FUNC-0286	check_chrony_module	94ef99aa4fde70e024c09a2f2391b72605d596e9f84773ff67095b2441276317		TST-030			DEFER	future-additional-measures/runtime-services	Rsyslog/chrony/unattended/apport/coredump are additional/future mechanisms outside current vertical.	NONE	0
MAP-FUNC-0287	FUNCTION	FUNC-0287	apply_unattended_upgrades_module	1e87fedbdf7b3523c5046fe2c73bcf3b914b114cd4c30c466c8d4f6cb873000b		TST-030			DEFER	future-additional-measures/unattended-upgrades	Unattended-upgrades APPLY mechanics are outside the current vertical and remain deferred with the matching read-only check.	NONE	0
MAP-FUNC-0288	FUNCTION	FUNC-0288	apply_apport_module	dca6008038d90d557b400d3b31a2b2aaf11f96ba196438bdb39fec50a083e020		TST-030			DEFER	future-additional-measures/runtime-services	Rsyslog/chrony/unattended/apport/coredump are additional/future mechanisms outside current vertical.	NONE	0
MAP-FUNC-0289	FUNCTION	FUNC-0289	restore_apport_module	91f19d422fb049543ce62294fa9104378d820c391f904342d0321da090973b7d		TST-030			REJECT	donor-historical/operational-recovery-excluded	Standalone donor recovery implementation is historical evidence only; user-invokable RESTORE is excluded from v3 and completed APPLY recovery is EXTERNAL_SNAPSHOT.	NONE	0
MAP-FUNC-0290	FUNCTION	FUNC-0290	check_coredump_module	a96c92bf866d936381919826f4c15baeb88bd773229bbd8ea21c6aebcb7b8900		TST-030			DEFER	future-additional-measures/runtime-services	Rsyslog/chrony/unattended/apport/coredump are additional/future mechanisms outside current vertical.	NONE	0
MAP-FUNC-0291	FUNCTION	FUNC-0291	record_coredump_runtime_pre_state	63db50dac4a810470ec15b9de51f0d62969d74d5d86fc4f79a8573c34ae8f414		TST-030			DEFER	future-additional-measures/runtime-services	Rsyslog/chrony/unattended/apport/coredump are additional/future mechanisms outside current vertical.	NONE	0
MAP-FUNC-0292	FUNCTION	FUNC-0292	apply_coredump_module	51570774b04a77b20ef17f7576634937039e56820ca406c6d62adf330775be76		TST-030			DEFER	future-additional-measures/runtime-services	Rsyslog/chrony/unattended/apport/coredump are additional/future mechanisms outside current vertical.	NONE	0
MAP-FUNC-0293	FUNCTION	FUNC-0293	restore_coredump_module	ffb55a9212c209d4b87657a838c4943f915c902daa4be7e642df9fcbddfbc9fd		TST-030			REJECT	donor-historical/operational-recovery-excluded	Standalone donor recovery implementation is historical evidence only; user-invokable RESTORE is excluded from v3 and completed APPLY recovery is EXTERNAL_SNAPSHOT.	NONE	0
MAP-FUNC-0294	FUNCTION	FUNC-0294	check_apport_module	4c6575a5cef036400f348f3632c0f74e0640ae5032cddc4b937af3cff9079cbe		TST-030			DEFER	future-additional-measures/runtime-services	Rsyslog/chrony/unattended/apport/coredump are additional/future mechanisms outside current vertical.	NONE	0
MAP-FUNC-0295	FUNCTION	FUNC-0295	restore_unattended_upgrades_module	d44bd2a4cf0d270f3b9f7b7b90974c51e92810abaa219cee08dc7558843a3f31		TST-030			REJECT	donor-historical/operational-recovery-excluded	Standalone donor recovery implementation is historical evidence only; user-invokable RESTORE is excluded from v3 and completed APPLY recovery is EXTERNAL_SNAPSHOT.	NONE	0
MAP-FUNC-0296	FUNCTION	FUNC-0296	restore_empty_passwords_module	36052145b68c210faf87c7f12a0b4d93da7965a0f2676b706c37a2168896d3a1		TST-028			REJECT	donor-historical/operational-recovery-excluded	Standalone donor recovery implementation is historical evidence only; user-invokable RESTORE is excluded from v3 and completed APPLY recovery is EXTERNAL_SNAPSHOT.	NONE	0
MAP-FUNC-0297	FUNCTION	FUNC-0297	restore_runtime_paths_module	63995f21cda2141b15f565d278da0c44214ad140feea402b20641826d8992885		TST-028			REJECT	donor-historical/operational-recovery-excluded	Standalone donor recovery implementation is historical evidence only; user-invokable RESTORE is excluded from v3 and completed APPLY recovery is EXTERNAL_SNAPSHOT.	NONE	0
MAP-FUNC-0298	FUNCTION	FUNC-0298	restore_home_permissions_module	baefcd212fa5d3da45f631a2c292e7f68f4b75420924f2cdf13cc084ed6e75f3		TST-028			REJECT	donor-historical/operational-recovery-excluded	Standalone donor recovery implementation is historical evidence only; user-invokable RESTORE is excluded from v3 and completed APPLY recovery is EXTERNAL_SNAPSHOT.	NONE	0
MAP-FUNC-0299	FUNCTION	FUNC-0299	restore_suid_sgid_module	9b9a5e06969d196592019d7310eb7cd613542e4b434166c808c002b1fb1a4cbe		TST-028			REJECT	donor-historical/operational-recovery-excluded	Standalone donor recovery implementation is historical evidence only; user-invokable RESTORE is excluded from v3 and completed APPLY recovery is EXTERNAL_SNAPSHOT.	NONE	0
MAP-FUNC-0300	FUNCTION	FUNC-0300	restore_cron_command_paths_module	bfee15940c1cd7fe69d4ec418280d489f37d0b6929d5ba9410376840032a7ab0		TST-028			REJECT	donor-historical/operational-recovery-excluded	Standalone donor recovery implementation is historical evidence only; user-invokable RESTORE is excluded from v3 and completed APPLY recovery is EXTERNAL_SNAPSHOT.	NONE	0
MAP-FUNC-0301	FUNCTION	FUNC-0301	restore_standard_system_paths_module	ece26285ba783e661ec34a16b05a7f3b4cab8c4714279e1cc1113fbf86fab660		TST-028			REJECT	donor-historical/operational-recovery-excluded	Standalone donor recovery implementation is historical evidence only; user-invokable RESTORE is excluded from v3 and completed APPLY recovery is EXTERNAL_SNAPSHOT.	NONE	0
MAP-FUNC-0302	FUNCTION	FUNC-0302	restore_sudo_command_paths_module	03977d42c65853ab3d98a0379556df775274b09b40373b11fb7edb4feea71f4e		TST-028			REJECT	donor-historical/operational-recovery-excluded	Standalone donor recovery implementation is historical evidence only; user-invokable RESTORE is excluded from v3 and completed APPLY recovery is EXTERNAL_SNAPSHOT.	NONE	0
MAP-FUNC-0303	FUNCTION	FUNC-0303	restore_user_cron_permissions_module	20e057d664c5d0cd6c6cf11d5ceac9959f753a0d9cfde8126fbf6978ea3d1991		TST-028			REJECT	donor-historical/operational-recovery-excluded	Standalone donor recovery implementation is historical evidence only; user-invokable RESTORE is excluded from v3 and completed APPLY recovery is EXTERNAL_SNAPSHOT.	NONE	0
MAP-FUNC-0304	FUNCTION	FUNC-0304	restore_grub_kernel_params_module	e53d37ba2554c8dbc1250831091bfe6591a8729678f029cf450d624bda360489		TST-028			REJECT	donor-historical/operational-recovery-excluded	Standalone donor recovery implementation is historical evidence only; user-invokable RESTORE is excluded from v3 and completed APPLY recovery is EXTERNAL_SNAPSHOT.	NONE	0
MAP-FUNC-0305	FUNCTION	FUNC-0305	check_unattended_upgrades_module	420655080dba9133af5631debac98dfe84dee56a89a3431effe665208dea252c					DEFER	future-additional-measures/unattended-upgrades	Unattended-upgrades is outside current vertical.	NONE	0
MAP-FUNC-0306	FUNCTION	FUNC-0306	run_mode_step	b19d64ca5599e238a90d5efa78f6e1aadef9d3d162167253c0b8325f8b62a189		TST-003,TST-025		CAP-02	ADAPT	apply-foundation/orchestration	Preserve only generic step error aggregation and result framing; post-APPLY reversal orchestration is excluded and the old module list is not authoritative.	NONE	0
MAP-FUNC-0307	FUNCTION	FUNC-0307	run_apply_mode	f493d471abf42a93512f72ae12d2360d4fcc977190775f0772f8d7f9046e3e18	ENG-015	TST-003,TST-025		CAP-02,CAP-12,CAP-14	REJECT	donor-historical/orchestration-operational-recovery-excluded	Reject donor run_apply_mode as a whole because its orchestration embeds post-APPLY RESTORE-before-reapply sequencing. Reusable preflight, locking, journaling and transaction mechanics are mapped separately.	NONE	0
MAP-FUNC-0308	FUNCTION	FUNC-0308	run_restore_mode	415a9b966fc152174dc42003cc0bc2acf770907ee8366ba5405a0892dbafa779		TST-003,TST-025		CAP-04,CAP-14	REJECT	donor-historical/operational-recovery-excluded	Standalone donor recovery implementation is historical evidence only; user-invokable RESTORE is excluded from v3 and completed APPLY recovery is EXTERNAL_SNAPSHOT.	NONE	0
MAP-FUNC-0309	FUNCTION	FUNC-0309	run_report_mode	e22284fba2af12232daa60b27bb46dad8b0838101fab37af95151540b3c3a8cc		TST-004			REJECT	current-check-superseded	Donor report mode is not current product authority.	NONE	0
MAP-FUNC-0310	FUNCTION	FUNC-0310	main	72face52daee423339636b8ff05396a4bb43fcdec9b27a8f27a0aae78e11937c	ENG-014	TST-025,TST-026,TST-031			ADAPT	future-runtime/deterministic-dispatch	Preserve machine-testable dispatch/order pattern, not old monolithic architecture or policy mapping.	NONE	0
MAP-TEST-0001	TEST_FILE	additional-measures-optin-regression.sh	policy-gating	9ab1cc282d50c31e0a1eb9a0d4d47cbc6cb31a70db5d502048ffa70390c92987		TST-023	additional-measures-optin-regression.sh		ADAPT	future-runtime-cli	Сохранить regression behavior как engineering evidence; перед переносом привязать к v3 semantic contract/adapter.	NONE	0
MAP-TEST-0002	TEST_FILE	apport-suid-dumpable-regression.sh	transaction-runtime	eda1fb3e340cb9ea608b0e65c5708d8a3f24702f2dc729e081e092dd84a6fb0a		TST-030	apport-suid-dumpable-regression.sh		DEFER	future-additional-measures/apport	Сохранить для явно указанной будущей policy/runtime линии; current vertical не расширять.	NONE	0
MAP-TEST-0003	TEST_FILE	architecture-regression.sh	architecture-consistency	19395cef5201675cf9f367d4e298e17ce7de59cb2d99b3c29c19854ab3b518df		TST-025	architecture-regression.sh		ADAPT	test-architecture-pattern	Сохранить regression behavior как engineering evidence; перед переносом привязать к v3 semantic contract/adapter.	NONE	0
MAP-TEST-0004	TEST_FILE	atomic-writer-shell-function-regression.sh	atomic-write	1ea95229d4390d9b47d89ff99524bcc629b7efd2d2566e07032318364d89f8cf		TST-013	atomic-writer-shell-function-regression.sh		ADAPT	apply-foundation	Сохранить regression behavior как engineering evidence; перед переносом привязать к v3 semantic contract/adapter.	NONE	0
MAP-TEST-0005	TEST_FILE	backup-failure-regression.sh	backup-fail-closed	0da59328b442e7ca4420f94a16e276fad363419e91d56bb0361e9c2a387ce0b5		TST-017	backup-failure-regression.sh		ADAPT	apply-foundation	Сохранить regression behavior как engineering evidence; перед переносом привязать к v3 semantic contract/adapter.	NONE	0
MAP-TEST-0006	TEST_FILE	check-report-rc-regression.sh	return-codes	28c602d83ab93ecba1d2d6663f0f69a99f80338212259d1a751e0e4c0d753566		TST-004	check-report-rc-regression.sh		ADAPT	future-runtime-cli	Сохранить regression behavior как engineering evidence; перед переносом привязать к v3 semantic contract/adapter.	NONE	0
MAP-TEST-0007	TEST_FILE	corporate-password-policy-cli-regression.sh	policy-gating	258902f8ea8a88a66ad98b0f7e7e2aa6ac09bc66b083d0840c70feb3af3a2537		TST-023	corporate-password-policy-cli-regression.sh		ADAPT	future-runtime-cli	Сохранить regression behavior как engineering evidence; перед переносом привязать к v3 semantic contract/adapter.	NONE	0
MAP-TEST-0008	TEST_FILE	created-file-crash-regression.sh	crash-consistency	34822c6f5ec4b857528139954052817c27d845969c5c751e2ffc748bc0472656		TST-006	created-file-crash-regression.sh		ADAPT	apply-foundation	Сохранить regression behavior как engineering evidence; перед переносом привязать к v3 semantic contract/adapter.	NONE	0
MAP-TEST-0009	TEST_FILE	empty-password-restore-regression.sh	typed-state	cf444b3e422eb050277879143fe2c5a999c73815e4bce75e0f8e020a8e369397		TST-016	empty-password-restore-regression.sh		ADAPT	apply-foundation/transaction-local-compensation-evidence	Reuse only to derive typed pre-state/transaction-local compensation tests for failed uncommitted APPLY; no post-APPLY RESTORE.	NONE	0
MAP-TEST-0010	TEST_FILE	extended-metadata-regression.sh	filesystem-metadata	1743da63347de06d938e976b81cf2970b45cb67a5c2435b03db69376b6d52263		TST-013,TST-014	extended-metadata-regression.sh		ADAPT	apply-foundation	Сохранить regression behavior как engineering evidence; перед переносом привязать к v3 semantic contract/adapter.	NONE	0
MAP-TEST-0011	TEST_FILE	firewall-safety-regression.sh	firewall-transaction	5e1cfb52aa8e00d84c546fad3e3ef74d4957d21ec0bf6aea1cd03b077649c0a0		TST-018	firewall-safety-regression.sh		DEFER	future-firewall	Сохранить для явно указанной будущей policy/runtime линии; current vertical не расширять.	NONE	0
MAP-TEST-0012	TEST_FILE	fs-critical-regression.sh	filesystem-policy	f59f7dcb4cf8f875a48e253fc810fe3e3d757c01d28797d50ff702b2abd7d568		TST-028	fs-critical-regression.sh		ADAPT	fstec-linux-2022/apply	Сохранить regression behavior как engineering evidence; перед переносом привязать к v3 semantic contract/adapter.	NONE	0
MAP-TEST-0013	TEST_FILE	fstec-mapping-regression.sh	legacy-normative	56c68e5189dc30d300022d55a8d008b438db9df6ca6eaecdf6cfcfe52bebeb0c		TST-032	fstec-mapping-regression.sh		REJECT	historical-only/non-normative	Legacy donor normative mapping не используется как v3 source truth; файл сохраняется только как historical engineering evidence.	NONE	0
MAP-TEST-0014	TEST_FILE	group-membership-crash-regression.sh	crash-consistency	21816058b84e8558f0d3285142e8391899b2d5e2325e41d2ca8cb46a5e97eab0		TST-007	group-membership-crash-regression.sh		ADAPT	apply-foundation	Сохранить regression behavior как engineering evidence; перед переносом привязать к v3 semantic contract/adapter.	NONE	0
MAP-TEST-0015	TEST_FILE	hardlink-safety-regression.sh	filesystem-safety	381564b4d62232d11462626dccf2d83a47c3b8d8896950eae9373813ea36f7fd		TST-011	hardlink-safety-regression.sh		ADAPT	apply-foundation	Сохранить regression behavior как engineering evidence; перед переносом привязать к v3 semantic contract/adapter.	NONE	0
MAP-TEST-0016	TEST_FILE	manifest-bootstrap-regression.sh	manifest-transaction	ded63c1f73cedd1a4a832fd38e006742edc79af3fb8f031f37a3226ed7f4061e		TST-001	manifest-bootstrap-regression.sh		ADAPT	apply-foundation	Сохранить regression behavior как engineering evidence; перед переносом привязать к v3 semantic contract/adapter.	NONE	0
MAP-TEST-0017	TEST_FILE	manifest-resolution-regression.sh	manifest-resolution	75ec593d26d25b2e3be620d8eb3b977a65926dd0070fd2349aecdcffb1ab08cf		TST-010	manifest-resolution-regression.sh		REJECT	donor-historical/manifest-selection	Specific to selecting a post-APPLY recovery manifest for the donor RESTORE mode; keep only as historical donor evidence.	NONE	0
MAP-TEST-0018	TEST_FILE	manifest-writer-contract-regression.sh	manifest-transaction	849c20d65ae4afa4c2f6fd87bb0ec0396be39d8ed76baebe27d621595e5d6c11		TST-002	manifest-writer-contract-regression.sh		ADAPT	apply-foundation	Сохранить regression behavior как engineering evidence; перед переносом привязать к v3 semantic contract/adapter.	NONE	0
MAP-TEST-0019	TEST_FILE	package-crash-regression.sh	crash-consistency	7b9d5fff49629ef515d14517a1a5c800f61b9baf128ae5d53a33692c86b71f68		TST-008,TST-019	package-crash-regression.sh		ADAPT	apply-foundation	Сохранить regression behavior как engineering evidence; перед переносом привязать к v3 semantic contract/adapter.	NONE	0
MAP-TEST-0020	TEST_FILE	password-package-restore-regression.sh	package-restore	2c154aad09eedcdfbf0d7e18548505ede2aaec1d6d9bb002998b64aa9543d4af		TST-019	password-package-restore-regression.sh		ADAPT	apply-foundation/package-transaction-compensation-evidence	Reuse only for package-delta compensation inside failed uncommitted APPLY; completed APPLY recovery is external snapshot.	NONE	0
MAP-TEST-0021	TEST_FILE	password-policy-regression.sh	password-policy	0fadcd27a75192bc7776c167d8726cf0705b1d1b0621738e5362be2d5be126d0			password-policy-regression.sh		DEFER	future-corporate/password-policy	Сохранить donor test для будущей corporate/APPLY фазы: PAM multiarch, preflight словарей до mutation, выбор активных аккаунтов и dry-run плана chage; не переносить в current fstec-linux-2022 CHECK.	NONE	0
MAP-TEST-0022	TEST_FILE	portable-sha256-regression.sh	artifact-integrity	e7946167be878e2249538b85b96a2299568bf09978ea51c0a982b5f7e4188476		TST-024	portable-sha256-regression.sh		REUSE	active-tooling/write-sha256	Регрессия уже принята для active portable SHA helper; нормативный эффект отсутствует.	NONE	0
MAP-TEST-0023	TEST_FILE	profile-aware-dry-run-regression.sh	profile-gating	70fb513828487a08223252675d16624aaf5c13600855ae13693b20b9efe7232a		TST-022	profile-aware-dry-run-regression.sh		ADAPT	policy-layer-separation-or-future-corporate	Сохранить regression behavior как engineering evidence; перед переносом привязать к v3 semantic contract/adapter.	NONE	0
MAP-TEST-0024	TEST_FILE	runtime-paths-regression.sh	portability	1dc8068a83b6d361b6226a6bd038c0e0b5dad6da68bd0ded98c5ee0c68eac2ae		TST-027	runtime-paths-regression.sh		ADAPT	future-runtime-foundation	Сохранить regression behavior как engineering evidence; перед переносом привязать к v3 semantic contract/adapter.	NONE	0
MAP-TEST-0025	TEST_FILE	service-state-crash-regression.sh	crash-consistency	a5dc2306f9bcb3dd50b75b7bb54ae2750af323b90074c1c2268153766f5719f3		TST-009	service-state-crash-regression.sh		ADAPT	apply-foundation	Сохранить regression behavior как engineering evidence; перед переносом привязать к v3 semantic contract/adapter.	NONE	0
MAP-TEST-0026	TEST_FILE	shadow-state-regression.sh	typed-state	96f2d95777de19a3e7631b4e289ce5d4b1a3d5f3853d97045dcc81b0a4bc7b07		TST-016	shadow-state-regression.sh		ADAPT	apply-foundation	Сохранить regression behavior как engineering evidence; перед переносом привязать к v3 semantic contract/adapter.	NONE	0
MAP-TEST-0027	TEST_FILE	smoke.sh	suite-orchestrator	fd53c6eceb357f2722aafd4d1227beb12d4bd72e7859a2471738676381ea27e9		TST-026	smoke.sh		ADAPT	test-architecture-pattern	Сохранить regression behavior как engineering evidence; перед переносом привязать к v3 semantic contract/adapter.	NONE	0
MAP-TEST-0028	TEST_FILE	state-dir-security-regression.sh	state-security	a300439deef17d143c1f2bcce1c21a3746357f3479ce800b474b9fcb2615c80c		TST-005	state-dir-security-regression.sh		ADAPT	future-runtime-foundation	Сохранить regression behavior как engineering evidence; перед переносом привязать к v3 semantic contract/adapter.	NONE	0
MAP-TEST-0029	TEST_FILE	sudo-policy-portability-regression.sh	portability	9b3962f39e1d5a9094907d722288ff950d196049fc60a7a7cf377145c9095f9e		TST-027	sudo-policy-portability-regression.sh		ADAPT	future-runtime-foundation	Сохранить regression behavior как engineering evidence; перед переносом привязать к v3 semantic contract/adapter.	NONE	0
MAP-TEST-0030	TEST_FILE	symlink-target-regression.sh	filesystem-safety	0e67a4984130495d8418970786185dcc641cddd8985562199089f1c6ef8a9941		TST-012	symlink-target-regression.sh		ADAPT	apply-foundation	Сохранить regression behavior как engineering evidence; перед переносом привязать к v3 semantic contract/adapter.	NONE	0
MAP-TEST-0031	TEST_FILE	syntax.sh	syntax	6ab73fa657079089274252452790d25646c91dc3f8038b19ed701a0452bd34d6		TST-031	syntax.sh		ADAPT	test-architecture-pattern	Сохранить regression behavior как engineering evidence; перед переносом привязать к v3 semantic contract/adapter.	NONE	0
MAP-TEST-0032	TEST_FILE	sysctl-stricter-values-regression.sh	no-weakening	28705bd9ebffc95693931db1ec7345c755037bfbeb2972c912fb425380f2749e		TST-021	sysctl-stricter-values-regression.sh		ADAPT	fstec-linux-2022/sysctl-apply	Сохранить regression behavior как engineering evidence; перед переносом привязать к v3 semantic contract/adapter.	NONE	0
MAP-TEST-0033	TEST_FILE	top-level-rc-regression.sh	return-codes	af1903c4045bb9dffb62c295c5e1d076e9372dbb652cabf12bae9011fd8bf836		TST-003	top-level-rc-regression.sh		ADAPT	future-runtime-cli	Сохранить regression behavior как engineering evidence; перед переносом привязать к v3 semantic contract/adapter.	NONE	0
MAP-TEST-0034	TEST_FILE	typed-fstab-state-regression.sh	typed-state	192e14096bbdbffc3ea7400380abcef3a68947c15cb37a90e7ba152215337e0c		TST-015	typed-fstab-state-regression.sh		ADAPT	apply-foundation	Сохранить regression behavior как engineering evidence; перед переносом привязать к v3 semantic contract/adapter.	NONE	0
MAP-TEST-0035	TEST_FILE	ufw-transaction-regression.sh	firewall-transaction	67fd09e6b5b6437be562a1c963946cbb4886171ffd29982b5ac0720614df3c60		TST-018	ufw-transaction-regression.sh		DEFER	future-firewall	Сохранить для явно указанной будущей policy/runtime линии; current vertical не расширять.	NONE	0
MAP-TEST-0036	TEST_FILE	wheel-aging-regression.sh	identity-restore	fcc23cf770e4f7130a2538ca5eda06302e26d6e49721072afa40511ec609a0a3		TST-029	wheel-aging-regression.sh		ADAPT	policy-layer-separation-or-future-corporate	Сохранить regression behavior как engineering evidence; перед переносом привязать к v3 semantic contract/adapter.	NONE	0
MAP-TEST-0037	TEST_FILE	wheel-fstec-regression.sh	legacy-normative	1de3aca6309746bd5fddc9bfb9c7698f26cd0a26a441bb6c376466ff058404c1		TST-032	wheel-fstec-regression.sh		REJECT	historical-only/non-normative	Legacy donor normative mapping не используется как v3 source truth; файл сохраняется только как historical engineering evidence.	NONE	0
MAP-TEST-0038	TEST_FILE	write-once-sysctl-restore-regression.sh	irreversible-state	4ef851c1d8dfd723abacbcc361ca673acf07c11d7782b7a2cf1081788573f686		TST-020	write-once-sysctl-restore-regression.sh		ADAPT	fstec-linux-2022/sysctl-compensation-and-external-recovery-evidence	Reuse to test irreversible/transaction-local sysctl handling and explicit external-recovery classification; no RESTORE mode.	NONE	0
MAP-CAP-01	MATURE_FAMILY	FUNC-0124,FUNC-0125,FUNC-0126,FUNC-0127,FUNC-0128,FUNC-0261,FUNC-0262,FUNC-0263,FUNC-0264,FUNC-0265,FUNC-0271,FUNC-0272,FUNC-0273	preflight / compatibility classification			TST-005,TST-027	state-dir-security-regression.sh,runtime-paths-regression.sh,sudo-policy-portability-regression.sh	CAP-01	ADAPT	apply-foundation/preflight	Обязательная mature family из DONOR-V3-ADOPTION-POLICY учтена явно; механика адаптируется к v3 contract без импорта donor policy semantics.	NONE	0
MAP-CAP-02	MATURE_FAMILY	FUNC-0023,FUNC-0026,FUNC-0030,FUNC-0031,FUNC-0097,FUNC-0098,FUNC-0100,FUNC-0101,FUNC-0276,FUNC-0306	transactional apply		ENG-015,ENG-019	TST-006,TST-007,TST-008,TST-009	created-file-crash-regression.sh,group-membership-crash-regression.sh,package-crash-regression.sh,service-state-crash-regression.sh	CAP-02	ADAPT	apply-foundation/transaction	Обязательная mature family из DONOR-V3-ADOPTION-POLICY учтена явно; механика адаптируется к v3 contract без импорта donor policy semantics.	NONE	0
MAP-CAP-03	MATURE_FAMILY	FUNC-0017,FUNC-0020,FUNC-0023,FUNC-0027,FUNC-0028,FUNC-0029,FUNC-0032,FUNC-0276	manifest-backed state tracking		ENG-004,ENG-005,ENG-015,ENG-016	TST-001,TST-002	manifest-bootstrap-regression.sh,manifest-writer-contract-regression.sh	CAP-03	ADAPT	apply-foundation/manifest	Обязательная mature family из DONOR-V3-ADOPTION-POLICY учтена явно; механика адаптируется к v3 contract без импорта donor policy semantics.	NONE	0
MAP-CAP-04	MATURE_FAMILY	FUNC-0110,FUNC-0113	transaction-local compensation from recorded pre-state		ENG-013	TST-011,TST-012,TST-015,TST-016	hardlink-safety-regression.sh,symlink-target-regression.sh,typed-fstab-state-regression.sh,shadow-state-regression.sh,empty-password-restore-regression.sh	CAP-04	ADAPT	apply-foundation/transaction-local-compensation	Transaction-local compensation may use recorded pre-state only inside failed uncommitted APPLY. Restore-manifest selection is excluded; completed APPLY recovery is EXTERNAL_SNAPSHOT.	NONE	0
MAP-CAP-05	MATURE_FAMILY	FUNC-0014,FUNC-0276	atomic writes for critical files and manifests		ENG-002,ENG-004	TST-013,TST-014	atomic-writer-shell-function-regression.sh,extended-metadata-regression.sh	CAP-05	ADAPT	apply-foundation/atomic-write	Обязательная mature family из DONOR-V3-ADOPTION-POLICY учтена явно; механика адаптируется к v3 contract без импорта donor policy semantics.	NONE	0
MAP-CAP-06	MATURE_FAMILY	FUNC-0012,FUNC-0013,FUNC-0020	fail-closed backup before mutation		ENG-001	TST-011,TST-012,TST-017	hardlink-safety-regression.sh,symlink-target-regression.sh,backup-failure-regression.sh	CAP-06	ADAPT	apply-foundation/backup	Обязательная mature family из DONOR-V3-ADOPTION-POLICY учтена явно; механика адаптируется к v3 contract без импорта donor policy semantics.	NONE	0
MAP-CAP-07	MATURE_FAMILY	FUNC-0041,FUNC-0042,FUNC-0043,FUNC-0044,FUNC-0045	exact package delta tracking		ENG-009,ENG-010,ENG-011	TST-008,TST-019	package-crash-regression.sh,password-package-restore-regression.sh	CAP-07	ADAPT	apply-foundation/package-transaction	Обязательная mature family из DONOR-V3-ADOPTION-POLICY учтена явно; механика адаптируется к v3 contract без импорта donor policy semantics.	NONE	0
MAP-CAP-08	MATURE_FAMILY	FUNC-0076	preservation of already stricter sysctl values		ENG-017	TST-021	sysctl-stricter-values-regression.sh	CAP-08	ADAPT	fstec-linux-2022/sysctl-apply	Обязательная mature family из DONOR-V3-ADOPTION-POLICY учтена явно; механика адаптируется к v3 contract без импорта donor policy semantics.	NONE	0
MAP-CAP-09	MATURE_FAMILY	FUNC-0082,FUNC-0084,FUNC-0091	isolated per-module sysctl application		ENG-007			CAP-09	ADAPT	fstec-linux-2022/sysctl-apply	Обязательная mature family из DONOR-V3-ADOPTION-POLICY учтена явно; механика адаптируется к v3 contract без импорта donor policy semantics.	NONE	0
MAP-CAP-10	MATURE_FAMILY	FUNC-0077,FUNC-0078	runtime sysctl pre-state capture / transaction-local compensation		ENG-006,ENG-008	TST-020	write-once-sysctl-restore-regression.sh	CAP-10	ADAPT	fstec-linux-2022/sysctl-apply-compensation	Capture live pre-state and compensate only a failed uncommitted APPLY when exact; completed APPLY recovery is external snapshot.	NONE	0
MAP-CAP-11	MATURE_FAMILY	FUNC-0106	network-online reapply for managed network sysctl					CAP-11	DEFER	future-additional-measures/network-sysctl	Обязательная mature family из DONOR-V3-ADOPTION-POLICY учтена явно; механизм сохранён как donor evidence и отложен до соответствующей future policy line.	NONE	0
MAP-CAP-12	MATURE_FAMILY	FUNC-0015,FUNC-0020,FUNC-0031,FUNC-0260,FUNC-0262,FUNC-0263	dry-run with no host mutation		ENG-018	TST-022	profile-aware-dry-run-regression.sh	CAP-12	ADAPT	apply-foundation/dry-run	Механика dry-run подтверждается явной обработкой DRY_RUN на уровне CLI parse/validation, run-lock/manifest transaction boundaries и конкретного APPLY-модуля; profile eligibility gating остаётся отдельной policy-layer механикой.	NONE	0
MAP-CAP-13	MATURE_FAMILY	FUNC-0015	exclusive APPLY run locking		ENG-003			CAP-13	ADAPT	apply-foundation/run-lock	Обязательная mature family из DONOR-V3-ADOPTION-POLICY учтена явно; механика адаптируется к v3 contract без импорта donor policy semantics.	NONE	0
MAP-CAP-14	MATURE_FAMILY	FUNC-0016,FUNC-0175,FUNC-0266	profile / additional-measures / corporate separation		ENG-018	TST-022,TST-023	profile-aware-dry-run-regression.sh,additional-measures-optin-regression.sh,corporate-password-policy-cli-regression.sh	CAP-14	ADAPT	apply-foundation/policy-layer-gating	Обязательная mature family из DONOR-V3-ADOPTION-POLICY учтена явно; механика адаптируется к v3 contract без импорта donor policy semantics.	NONE	0
MAP-CAP-15	MATURE_FAMILY	FUNC-0023,FUNC-0030,FUNC-0031,FUNC-0097,FUNC-0098,FUNC-0182,FUNC-0203,FUNC-0205	crash/journal patterns		ENG-019	TST-006,TST-007,TST-008,TST-009	created-file-crash-regression.sh,group-membership-crash-regression.sh,package-crash-regression.sh,service-state-crash-regression.sh	CAP-15	ADAPT	apply-foundation/journal	Обязательная mature family из DONOR-V3-ADOPTION-POLICY учтена явно; механика адаптируется к v3 contract без импорта donor policy semantics.	NONE	0
MAP-CAP-16	MATURE_FAMILY	FUNC-0006,FUNC-0046,FUNC-0078	explicit partial/manual/reboot external-recovery classifications		ENG-005,ENG-008,ENG-016	TST-020	write-once-sysctl-restore-regression.sh	CAP-16	ADAPT	apply-foundation/external-recovery-classification	Classify incomplete/irreversible states and external recovery requirements explicitly; never infer or expose a RESTORE mode.	NONE	0
